name,post_count,HNoise7676-21-8-2026
1girl,8312622
highres,8031778
solo,6982909
commentary_request,6263368
long_hair,6132918
breasts,4911953
looking_at_viewer,4849708
smile,4119551
blush,4053730
open_mouth,3468164
commentary,3187150
short_hair,3096094
absurdres,2938757
shirt,2897145
simple_background,2817066
blue_eyes,2442989
long_sleeves,2326189
white_background,2308677
large_breasts,2230621
black_hair,2173985
holding,2170876
skirt,2156032
blonde_hair,2146670
1boy,2101881
multiple_girls,2088304
brown_hair,2066081
hair_ornament,2042614
closed_mouth,1936739
dress,1928510
gloves,1918163
hair_between_eyes,1761397
red_eyes,1758999
animal_ears,1735852
bow,1708564
hat,1681715
navel,1587916
jewelry,1580422
original,1563038
thighhighs,1519366
jacket,1472635
ribbon,1447826
bad_id,1440256
2girls,1420274
cleavage,1401270
very_long_hair,1397578
white_shirt,1393323
bare_shoulders,1380003
standing,1317003
sitting,1298813
english_commentary,1298514
full_body,1264898
twintails,1223826
medium_breasts,1202944
blue_hair,1188212
purple_eyes,1184912
green_eyes,1181587
tail,1180262
upper_body,1178813
multicolored_hair,1168970
nipples,1128302
male_focus,1114007
bad_pixiv_id,1099602
collarbone,1097290
touhou,1088604
brown_eyes,1081697
pink_hair,1047596
school_uniform,1046786
closed_eyes,1045966
white_hair,1029753
grey_hair,1014732
yellow_eyes,1009219
underwear,1008901
ahoge,959976
ponytail,954519
sidelocks,926763
braid,916938
swimsuit,906982
purple_hair,906712
short_sleeves,900846
heart,892906
flower,875522
monochrome,844726
earrings,844281
shoes,843366
:d,842920
cowboy_shot,841706
translation_request,839823
thighs,824343
panties,814144
weapon,805370
outdoors,800328
hetero,793244
hair_ribbon,790137
ass,784523
frills,763388
teeth,763216
sweat,761242
hair_bow,752296
collared_shirt,751656
open_clothes,745225
parted_lips,735267
pantyhose,730355
red_hair,727867
comic,723493
photoshop_(medium),709663
small_breasts,708631
pleated_skirt,702962
pants,697033
hairband,696233
boots,695660
bikini,692440
multiple_boys,687638
nude,685439
greyscale,683940
horns,680837
black_gloves,668918
necktie,655267
censored,652799
shorts,652430
translated,649617
virtual_youtuber,640346
alternate_costume,638628
medium_hair,630662
sleeveless,627508
wings,618964
lying,616759
food,616727
artist_name,614431
one_eye_closed,613431
choker,612649
sky,612328
pointy_ears,592838
penis,589128
green_hair,585486
detached_sleeves,583366
socks,572709
official_alternate_costume,562465
hand_up,552840
tongue,550198
indoors,545232
kantai_collection,542483
official_art,532990
japanese_clothes,525556
puffy_sleeves,518907
speech_bubble,514164
pussy,510698
belt,507531
hairclip,504701
black_thighhighs,502517
halo,502258
glasses,498249
solo_focus,497919
barefoot,497016
bowtie,485039
black_skirt,461941
2boys,460722
day,453052
fang,449531
white_dress,446512
blue_archive,445449
white_gloves,437476
signature,437379
hood,436821
twitter_username,429989
looking_at_another,429852
streaked_hair,428358
blunt_bangs,425096
pink_eyes,424826
tongue_out,415163
holding_weapon,413765
stomach,413626
sailor_collar,408186
fate_(series),405764
pokemon,405490
elbow_gloves,404563
english_text,404333
cat_ears,404192
dark_skin,403061
midriff,399833
two-tone_hair,396994
mole,396073
hair_flower,395383
cloud,394523
serafuku,390985
sex,389856
black_jacket,386457
miniskirt,381117
grey_background,378886
open_jacket,375953
coat,374193
chibi,373918
black_dress,373059
necklace,372094
fingerless_gloves,369868
sword,369605
hair_bun,367821
black_shirt,366321
hair_over_one_eye,365756
looking_back,361856
animal_ear_fluff,361113
wide_sleeves,356525
star_(symbol),355503
on_back,354200
striped_clothes,353926
grin,352874
spread_legs,347719
orange_hair,347072
white_thighhighs,344900
off_shoulder,342326
nail_polish,340845
cum,339899
kimono,339545
black_eyes,336026
from_side,332515
commission,330643
armpits,328864
red_bow,327810
bag,326299
from_behind,326157
yuri,325059
hololive,325049
sweatdrop,324476
3girls,324279
huge_breasts,323039
rabbit_ears,321641
vest,319069
chinese_commentary,311573
leotard,311105
genshin_impact,310698
parted_bangs,308790
blurry,308555
apron,305050
character_name,304379
fate/grand_order,303838
armor,303340
arm_up,302315
sweater,301723
mosaic_censoring,301322
cape,300214
black_pantyhose,296251
blue_sky,295376
tears,293386
water,289120
completely_nude,288145
high_heels,287676
grey_eyes,285461
vaginal,285198
clothes_lift,284732
idolmaster,284548
crop_top,281844
scarf,280659
looking_to_the_side,277848
collar,275385
hands_up,274879
bra,274487
fingernails,271736
feet,270721
black_choker,269179
black_shoes,268222
bracelet,267898
multiple_views,267256
dated,266264
red_ribbon,264257
clothing_cutout,264079
:o,262476
v-shaped_eyebrows,262451
cup,262235
eyelashes,261585
arms_up,260781
blue_skirt,260543
puffy_short_sleeves,257983
upper_teeth_only,255342
neckerchief,253570
aqua_eyes,253092
orange_eyes,252879
hair_intakes,252217
black_pants,251294
border,251118
dark-skinned_female,250330
bad_twitter_id,249308
black_hat,249138
symbol-shaped_pupils,248176
thigh_strap,246797
two_side_up,246662
mole_under_eye,246597
twin_braids,246561
white_panties,241550
watermark,241501
bar_censor,238256
strapless,236786
toes,236597
feet_out_of_frame,236078
sleeves_past_wrists,235597
flat_chest,235050
v,234389
side_ponytail,233620
pokemon_(creature),233251
fake_animal_ears,232884
fur_trim,232628
no_humans,232351
tree,230813
horse_ears,230326
sleeveless_dress,229493
umamusume,228721
sparkle,228714
hand_on_own_hip,226723
variant_set,226163
sleeveless_shirt,226065
arknights,225695
horse_girl,224597
black_bow,223635
gradient_hair,222457
white_socks,221531
cat_tail,220619
see-through_clothes,216901
buttons,215519
fox_ears,215119
wrist_cuffs,211759
neck_ribbon,210786
colored_skin,210216
torn_clothes,209788
maid,209136
loli,208205
tattoo,207928
vocaloid,207018
maid_headdress,206271
ascot,202317
pillow,202249
covered_nipples,202085
mask,197980
plaid_clothes,197935
pov,197563
sash,197517
korean_commentary,197281
hoodie,196407
muscular,196156
covered_navel,195230
gun,194324
uncensored,194144
black_shorts,194028
sketch,193937
white_jacket,193901
wet,193314
black_ribbon,191964
short_shorts,191905
floating_hair,191694
blue_background,190117
bare_arms,189913
book,188980
blood,188431
groin,187436
gradient_background,187412
pubic_hair,187198
makeup,186934
honkai_(series),186690
cosplay,186116
blue_dress,185446
blurry_background,184562
detached_collar,184548
one-piece_swimsuit,183874
black_boots,182654
siblings,182416
legs,182323
single_braid,181796
bodysuit,181206
non-web_source,181048
:3,180793
copyright_name,180510
black_panties,180240
profile,180137
expressionless,178836
window,178725
turtleneck,178317
blue_bow,178245
bare_legs,178071
lips,177604
holding_sword,177156
double_bun,176956
transparent_background,176938
aqua_hair,175897
capelet,175339
piercing,173161
petals,172699
head_tilt,172303
hug,172189
white_hat,171840
on_bed,171429
heterochromia,171282
game_asset,169467
zettai_ryouiki,169373
night,168949
cat_girl,168272
scar,168249
facial_hair,167051
anus,166403
kneehighs,166386
highleg,164931
dress_shirt,164715
red_skirt,163706
blue_shirt,163512
black_bikini,163280
shadow,162738
low_twintails,162591
bell,161844
dutch_angle,161821
chinese_clothes,161354
swept_bangs,161317
leaning_forward,161162
skindentation,160805
white_border,158541
thick_thighs,158488
blush_stickers,157105
blue_jacket,156437
colored_inner_hair,156353
sideboob,156349
shiny_skin,156345
azur_lane,156306
partial_commentary,155830
kneeling,155654
fangs,155094
^_^,154802
white_bow,153854
frown,152727
holding_food,152658
pussy_juice,152265
saliva,150817
facial_mark,150606
phone,150343
fruit,150172
sandals,149856
open_shirt,149646
one_side_up,149636
bright_pupils,149482
erection,149270
bird,149173
pink_background,148900
black_hairband,148721
rose,148574
beret,148533
frilled_dress,148498
white_flower,148325
wavy_hair,147908
nose_blush,147467
soles,147393
black_socks,147185
chair,146076
sunglasses,145922
playboy_bunny,145859
fox_girl,145272
animal,144781
holding_hands,144522
alternate_hairstyle,144464
from_above,144331
4girls,144194
halterneck,144083
hatsune_miku,143951
fox_tail,143232
hood_down,143032
red_dress,142918
cum_in_pussy,142906
ocean,142874
artist_request,142567
half-closed_eyes,142441
furry,142197
chain,141671
white_skirt,141581
portrait,140817
demon_horns,140800
embarrassed,140411
thick_eyebrows,139741
leaf,139189
muscular_male,138580
testicles,138575
looking_down,137763
bob_cut,137559
happy,137535
glowing,137533
bed,136318
idolmaster_cinderella_girls,136097
squatting,135844
headphones,135836
white_bikini,135422
witch_hat,135093
cellphone,134076
abs,133725
dark-skinned_male,133039
black_background,132916
horse_tail,132862
plaid_skirt,132608
honkai:_star_rail,132312
headband,131467
groping,131449
demon_girl,131210
beach,130692
animated,130572
short_dress,130228
paid_reward_available,129666
drill_hair,129654
bandages,129566
pectorals,128956
ring,128463
love_live!,128137
floral_print,127843
cum_on_body,127199
underboob,127101
1other,126670
flying_sweatdrops,126555
cardigan,126226
female_pubic_hair,126088
antenna_hair,125784
standing_on_one_leg,125547
cameltoe,125479
high_ponytail,125126
traditional_media,124994
depth_of_field,124801
no_shoes,124429
fire_emblem,124392
side-tie_bikini_bottom,123797
no_bra,123496
arms_behind_back,123379
light_blush,123149
copyright_request,123109
bed_sheet,123084
on_side,122938
sharp_teeth,122649
thigh_boots,122507
white_apron,121995
bottomless,121824
frilled_sleeves,121770
tank_top,121471
crossed_arms,121177
motion_lines,120912
cleavage_cutout,120893
white_pupils,120842
black_nails,120042
red_necktie,119802
back,119780
pink_bow,119638
umbrella,119425
stuffed_toy,119376
heart-shaped_pupils,119187
oral,118628
table,118422
from_below,118246
arm_support,118215
cat,117489
ass_visible_through_thighs,117077
4koma,116604
gem,116393
smartphone,116182
x_hair_ornament,116122
grass,115893
frilled_skirt,115847
no_panties,115394
military_uniform,115359
md5_mismatch,115334
own_hands_together,115241
sisters,114969
wolf_ears,114762
eating,114664
yaoi,114013
red_bowtie,113941
crying,113412
garter_straps,113135
helmet,112968
hololive_english,112940
lowres,112318
elf,112035
red_flower,111443
skeb_commission,111427
leg_up,111056
magical_girl,111037
bound,110208
zenless_zone_zero,109828
blue_ribbon,109810
holding_cup,109781
black_leotard,109513
red_shirt,109248
parody,109075
shirt_lift,108458
wariza,108026
light_smile,107932
clothes_pull,107702
scrunchie,107560
final_fantasy,107513
trembling,107377
ear_piercing,107272
fire,107029
obi,106765
6+girls,106641
military,106599
scar_on_face,106371
denim,106318
spiked_hair,106266
mob_cap,106242
sex_from_behind,105987
crossed_bangs,105954
suit,105719
crossed_legs,105604
grey_shirt,105515
feathers,105472
?,105097
black_necktie,104934
clenched_teeth,104732
3boys,104480
moon,104083
eyes_visible_through_hair,103400
cross,103397
black_belt,103256
eyepatch,103227
cloudy_sky,103161
double-parted_bangs,103136
skin_fang,103100
feathered_wings,102732
hair_tubes,102681
shoulder_armor,102508
facing_viewer,101848
sunlight,101757
third-party_source,101746
plant,101665
wavy_mouth,101489
holding_gun,101116
holding_phone,100958
juliet_sleeves,100865
straight_hair,100858
headgear,100707
mouth_hold,100659
bottle,100231
sleeping,100103
yellow_background,99820
hakurei_reimu,99647
looking_up,99497
couple,99364
backpack,99258
bug,99144
strapless_leotard,98978
outside_border,98602
t-shirt,98576
black_coat,98543
crown,98216
eyewear_on_head,98215
puffy_long_sleeves,97769
second-party_source,97625
tassel,97473
blazer,97287
veil,97162
fellatio,97110
dot_nose,96935
thigh_gap,96890
animal_print,96874
bandaid,96522
pink_dress,96421
straddling,96164
sneakers,95681
suspenders,95628
kiss,94882
white_shoes,94528
red_background,94422
stuffed_animal,94373
grabbing_another's_breast,94242
skirt_lift,94128
scan,94102
;d,94058
red_jacket,93956
pink_flower,93599
>_<,93471
outstretched_arm,93330
pointing,92864
head_wings,92793
bara,92777
brooch,92420
outstretched_arms,92403
cover,92170
fishnets,92017
robot,91999
single_hair_bun,91931
slit_pupils,91657
curtains,91639
on_stomach,91163
girl_on_top,91118
messy_hair,90959
brown_shoes,90737
white_sailor_collar,90540
nijisanji,90321
blue_sailor_collar,90171
meme,90098
extra_ears,90048
official_alternate_hairstyle,90048
dog_ears,89795
white_pantyhose,89720
knife,89464
outline,89251
logo,89066
white_ribbon,88761
hand_on_own_chest,88725
demon_tail,88359
topless_female,88207
hooded_jacket,88158
aged_down,88032
lifting_own_clothes,87701
red_hat,87591
breasts_out,87535
tiara,87461
red_nails,87442
goggles,86841
clenched_hand,86678
black_bra,86612
kirisame_marisa,86586
bdsm,86484
indie_virtual_youtuber,86405
rabbit_tail,86333
green_skirt,86290
short_twintails,86079
hat_bow,85730
hat_ribbon,85498
star_(sky),85332
crossover,85174
wing_collar,85117
side_braid,85060
white_sleeves,84607
building,84264
mahou_shoujo_madoka_magica,83961
mixed-language_commentary,83950
polka_dot,83818
bent_over,83806
knee_boots,83737
loafers,83105
katana,82733
single_thighhigh,82309
staff,82262
revision,82028
armband,81961
group_sex,81887
low_ponytail,81309
knees_up,81044
shaded_face,80940
grey_skirt,80867
ribbon_trim,80779
video,80758
claws,80572
anger_vein,80415
blue_hat,80388
light_particles,80376
instrument,80342
all_fours,79946
maid_apron,79925
underwear_only,79817
blue_necktie,79715
monster_girl,79546
drooling,79518
girls'_frontline,79371
chibi_only,79333
hood_up,79321
tachi-e,79065
formal_clothes,78933
cropped_jacket,78690
pantyshot,78589
open_coat,78531
purple_dress,78472
hair_over_shoulder,78392
spoken_heart,78311
tan,78243
child,78226
cloak,78189
...,78188
box,78175
highleg_leotard,77746
sleeves_past_fingers,77529
qipao,77456
strapless_dress,76968
mole_under_mouth,76900
trap,76556
butterfly,76317
red_neckerchief,76296
couch,76046
round_eyewear,75933
no_pants,75857
colored_sclera,75850
brown_boots,75805
musical_note,75767
towel,75673
crescent,75399
curvy,75364
school_swimsuit,75337
o-ring,75017
areola_slip,75007
dragon_horns,74842
steam,74772
blue_nails,74764
bat_wings,74756
candy,74499
5girls,74383
index_finger_raised,74202
scenery,74202
lipstick,74167
polearm,74049
pelvic_curtain,73958
pink_nails,73921
black_vest,73896
cropped_torso,73808
anal,73684
toenails,73537
sex_toy,73535
surprised,73445
girls_und_panzer,73352
character_request,73061
gold_trim,72848
pale_skin,72830
buckle,72805
eyeshadow,72731
bondage,72710
holding_book,72557
cherry_blossoms,72546
hand_on_own_face,72350
pink_shirt,72172
bridal_gauntlets,72159
microphone,72122
waist_apron,72110
tearing_up,72091
one_eye_covered,72018
yellow_bow,72011
arms_behind_head,71978
ejaculation,71898
white_pants,71660
striped_thighhighs,71500
pom_pom_(clothes),71444
white_coat,71043
single_earring,70968
cropped_legs,70925
baseball_cap,70882
twin_drills,70584
gundam,70528
revealing_clothes,70427
lace_trim,70192
rope,69570
restrained,69546
web_address,69451
hair_rings,69415
cover_page,69197
letterboxed,69161
wristband,69038
furrowed_brow,69037
black_wings,68929
foreshortening,68906
faceless,68783
male_pubic_hair,68656
blue_shorts,68543
danganronpa_(series),68422
undressing,68401
precure,68354
sheath,68342
eye_contact,68329
short_hair_with_long_locks,68140
black_bowtie,68124
winter_uniform,68060
gauntlets,67982
breast_press,67883
furry_female,67795
interlocked_fingers,67793
hair_bobbles,67765
wind,67591
red_gloves,67512
white_wings,67420
string_bikini,67370
hakama,67211
lingerie,67093
robe,67030
blue_flower,67014
beard,67006
multiple_tails,66942
red_shoes,66836
plate,66750
camisole,66747
purple_background,66693
green_background,66548
neck_bell,66495
adapted_costume,66479
purple_bow,66381
demon_wings,66356
corset,66348
nature,66346
frilled_apron,66278
spikes,66244
^^^,66215
pink_skirt,66192
black_horns,65893
sweater_vest,65821
green_bow,65767
skirt_set,65655
patreon_username,65641
furry_male,65607
multicolored_eyes,65607
happy_birthday,65593
brown_gloves,65501
clothing_aside,65143
arm_at_side,65123
pink_ribbon,65118
casual,65012
carrying,64725
grey_jacket,64677
yellow_shirt,64603
breath,64595
tsurime,64566
between_breasts,64422
vertical-striped_clothes,64316
black_sailor_collar,64091
armlet,63990
bike_shorts,63985
semi-rimless_eyewear,63979
high_collar,63952
two-tone_background,63893
green_jacket,63617
veins,63403
close-up,63097
freckles,62979
:p,62958
white_skin,62949
brown_jacket,62866
dragon_girl,62721
genderswap,62624
flandre_scarlet,62417
forehead,62374
white_boots,62294
dual_persona,62276
spot_color,62274
glowing_eyes,61893
remilia_scarlet,61820
motor_vehicle,61678
pink_panties,61648
purple_shirt,61609
black_sleeves,61573
breasts_apart,61547
white_hairband,61452
angry,61380
wet_clothes,61290
peaked_cap,60980
facial,60969
wolf_tail,60953
clenched_hands,60906
androgynous,60870
pocket,60848
hand_fan,60779
brown_background,60694
bad_link,60449
blue_bikini,60387
tentacles,60282
floating,60153
toned,59947
mahou_shoujo_madoka_magica_(anime),59890
straight-on,59857
frilled_shirt_collar,59855
blue_pants,59733
beads,59607
white_outline,59566
micro_bikini,59344
brown_pantyhose,59344
wolf_girl,59304
clothed_female_nude_male,59183
side_slit,59160
bow_panties,59129
licking,59096
clothes_writing,59052
rabbit_girl,58971
blood_on_face,58946
panty_pull,58919
green_dress,58882
science_fiction,58653
half_updo,58604
paizuri,58535
jingle_bell,58498
low-tied_long_hair,58444
kemono_friends,58231
knee_up,58199
smoke,58142
sleeves_rolled_up,58133
covering_privates,58096
looking_ahead,58057
single_glove,58023
tareme,57954
mole_on_breast,57856
purple_skirt,57742
doll,57638
christmas,57628
drinking_glass,57607
turtleneck_sweater,57582
wide_hips,57546
cake,57524
blue_halo,57522
topless_male,57487
high_heel_boots,57461
angel_wings,57440
white_kimono,57258
large_pectorals,56831
shirt_tucked_in,56829
green_shirt,56589
thought_bubble,56538
zipper,56486
!,56474
mary_janes,56388
desk,56383
black-framed_eyewear,56295
crossdressing,56252
hair_flaps,56217
colored_eyelashes,56125
reflection,55846
asymmetrical_legwear,55837
track_jacket,55751
hair_scrunchie,55751
ball,55672
copyright_notice,55587
snow,55532
@_@,55467
rifle,55457
bang_dream!,55402
anime_coloring,55338
cowgirl_position,55287
full_moon,55187
mecha,55121
white_shorts,54941
gift,54895
wading,54821
jojo_no_kimyou_na_bouken,54663
crying_with_eyes_open,54658
long_skirt,54649
pencil_skirt,54584
long_fingernails,54565
wuthering_waves,54562
thong,54536
high-waist_skirt,54463
one_piece,54439
star_hair_ornament,54302
spoken_ellipsis,54234
:<,54182
arm_behind_back,54001
walking,53985
cum_on_breasts,53887
pink_halo,53761
yellow_flower,53745
black_bodysuit,53727
belt_buckle,53483
clothed_sex,53414
honkai_impact_3rd,53372
handgun,53324
blue_bowtie,52928
granblue_fantasy,52923
izayoi_sakuya,52908
front-tie_top,52803
kemonomimi_mode,52781
starry_sky,52680
wide-eyed,52614
fake_tail,52580
purple_flower,52567
frilled_bikini,52548
notice_lines,52504
skin_tight,52483
hand_on_another's_head,52371
hand_in_pocket,52356
pauldrons,52110
handjob,52049
headset,51957
holding_umbrella,51935
finger_to_mouth,51916
sound_effects,51874
strap_slip,51873
blunt_ends,51730
pouch,51387
after_sex,51256
arm_behind_head,51226
tray,51156
heavy_breathing,51134
hair_behind_ear,51066
faceless_male,51025
single_horn,50934
futanari,50901
sports_bra,50867
striped_shirt,50862
brown_skirt,50820
long_dress,50782
collared_dress,50653
age_difference,50629
summer_uniform,50610
ear_covers,50599
goggles_on_head,50542
fish,50523
masturbation,50338
holding_staff,50304
dog_girl,50246
lens_flare,50188
blouse,50165
convenient_censoring,50157
chinese_text,49961
between_legs,49917
braided_ponytail,49830
sailor_dress,49749
seiza,49727
swim_ring,49716
empty_eyes,49690
ribbon-trimmed_sleeves,49591
shoulder_bag,49553
cigarette,49524
fins,49466
jitome,49417
mature_female,49309
2koma,49284
:q,49224
dog_tail,49218
lace,49178
unworn_headwear,49170
striped_panties,49155
denim_shorts,49024
yellow_ribbon,48992
reaching,48982
sideways_glance,48800
forest,48737
curtained_hair,48649
alcohol,48586
santa_hat,48547
missionary,48496
persona,48457
red_scarf,48383
rain,48175
side-tie_panties,48162
cleft_of_venus,48082
short_ponytail,48003
oni,48002
one-hour_drawing_challenge,47963
ribbed_sweater,47824
puffy_nipples,47732
project_moon,47667
brown_belt,47633
pendant,47604
dragon_tail,47570
layered_sleeves,47522
genderswap_(mtf),47417
pink_lips,47318
pov_hands,47259
rape,47232
top_hat,47222
striped_bow,47182
long_bangs,47150
legs_up,47052
curly_hair,46992
emphasis_lines,46969
spoilers,46919
hand_in_own_hair,46899
bulge,46868
large_areolae,46864
hair_spread_out,46839
hakama_skirt,46837
red_bikini,46827
animal_hands,46802
tokin_hat,46621
partially_submerged,46574
4boys,46561
legs_apart,46520
twins,46516
animal_focus,46352
goddess_of_victory:_nikke,46332
height_difference,46276
fingering,46265
personification,46163
shrug_(clothing),46040
artoria_pendragon_(fate),46017
condom,45985
white_leotard,45974
bubble,45796
pink_jacket,45776
large_penis,45775
brown_hat,45741
idolmaster_shiny_colors,45705
bandaged_arm,45684
tinted_eyewear,45646
mouth_mask,45641
white_bra,45606
animal_ear_hairband,45514
lapels,45349
chainsaw_man,45329
ass_focus,45248
santa_costume,45238
backlighting,45235
hat_ornament,45235
eyeliner,45177
asymmetrical_bangs,45167
cropped_shirt,45092
heart_hair_ornament,45080
low_wings,44996
pokemon_focus,44964
falling_petals,44959
off-shoulder_dress,44867
mature_male,44824
komeiji_koishi,44821
epaulettes,44736
head_rest,44711
black_collar,44691
red_rose,44666
jeans,44602
hoop_earrings,44557
torn_pantyhose,44495
running,44462
korean_text,44391
cuffs,44341
blue_one-piece_swimsuit,44328
idolmaster_(classic),44262
halloween,44205
paper,44185
red_cape,44164
hands_on_own_hips,44081
raised_eyebrows,43986
teacup,43924
boku_no_hero_academia,43914
fate/stay_night,43813
yu-gi-oh!,43774
check_translation,43740
parent_and_child,43711
red-framed_eyewear,43655
back_bow,43653
plump,43647
out_of_frame,43558
threesome,43537
bikini_top_only,43505
hair_down,43493
orange_background,43387
drinking_straw,43355
flying,43353
pixiv_commission,43296
stud_earrings,43227
bowl,43197
cumdrip,43146
school_bag,43040
hand_on_another's_shoulder,42953
bags_under_eyes,42951
dog,42853
dress_lift,42786
monster,42720
double_v,42577
stubble,42548
lolita_fashion,42439
watch,42425
duplicate,42387
grey_pants,42342
purple_nails,42231
6+boys,42188
sun_hat,42135
bouquet,42112
steaming_body,42036
doggystyle,42016
holding_flower,41956
gym_uniform,41936
flipped_hair,41892
mini_person,41691
tentacle_hair,41660
knees_together_feet_apart,41610
blurry_foreground,41578
short_eyebrows,41492
foot_out_of_frame,41363
broom,41329
+_+,41230
arm_tattoo,41230
tracen_school_uniform,41215
tanlines,41141
green_hat,41125
mug,41124
double-breasted,41001
black_serafuku,40973
holding_knife,40972
kochiya_sanae,40953
final_fantasy_vii,40945
dual_wielding,40900
veiny_penis,40896
lab_coat,40879
on_chair,40843
spread_pussy,40793
konpaku_youmu,40726
blue_gloves,40664
partially_fingerless_gloves,40624
innertube,40584
breastplate,40580
circlet,40513
cum_in_mouth,40496
brother_and_sister,40483
scar_across_eye,40447
buruma,40408
heart_hands,40397
brown_dress,40395
mirror,40392
white_sweater,40383
cirno,40377
pajamas,40347
open_book,40345
cum_overflow,40328
red_hairband,40237
waving,40120
facing_away,40046
wooden_floor,40040
mustache,39986
armpit_crease,39962
yellow_jacket,39958
blue_skin,39947
yellow_ascot,39918
injury,39797
alice_margatroid,39755
blue_kimono,39564
blue_theme,39539
lollipop,39539
red_lips,39532
ringed_eyes,39508
serious,39441
upskirt,39357
bang_dream!_it's_mygo!!!!!,39298
fur-trimmed_jacket,39291
toenail_polish,39267
split_mouth,39247
bandaid_on_face,39243
black_cape,39149
zoom_layer,39142
arrow_(symbol),39129
drawstring,39121
fake_horns,39115
admiral_(kancolle),38987
poke_ball,38972
sunset,38934
love_live!_school_idol_project,38924
single_side_bun,38888
on_floor,38827
can,38816
under-rim_eyewear,38662
doujin_cover,38636
arms_at_sides,38633
bouncing_breasts,38615
patchouli_knowledge,38599
sensei_(blue_archive),38533
sideburns,38513
enmaided,38506
lantern,38505
fishnet_pantyhose,38479
forehead_mark,38474
mini_hat,38462
red_halo,38382
yellow_halo,38320
chromatic_aberration,38320
hug_from_behind,38300
rabbit,38288
:t,38253
yakumo_yukari,38249
!?,38243
shawl,38215
the_legend_of_zelda,38206
competition_swimsuit,38167
visor_cap,38134
leash,38075
glint,38011
center_frills,37989
shield,37929
holding_bag,37923
lace-up_boots,37908
hat_flower,37838
print_bikini,37780
muscular_female,37707
pout,37658
card,37625
sailor_shirt,37545
very_short_hair,37473
dragon,37443
artist_logo,37431
contrapposto,37424
character_doll,37386
brown_shirt,37358
breasts_squeezed_together,37282
snowing,37245
nipple_stimulation,37227
legs_together,37222
impossible_clothes,37216
hand_on_own_cheek,37146
frilled_shirt,37133
fur_collar,37126
asymmetrical_hair,37119
rock,37048
reaching_towards_viewer,36999
foot_focus,36929
sand,36920
object_insertion,36916
black_sclera,36890
ghost,36828
garter_belt,36788
weibo_watermark,36777
half_up_braid,36762
popsicle,36728
tiles,36660
aged_up,36657
love_live!_hasu_no_sora_jogakuin_school_idol_club,36595
two-sided_fabric,36568
green_ribbon,36524
shoulder_cutout,36462
crown_braid,36453
butterfly_hair_ornament,36439
purple_ribbon,36418
thighband_pantyhose,36392
bishounen,36353
smirk,36335
stairs,36321
teddy_bear,36242
pinafore_dress,36234
female_masturbation,36109
huge_ass,36087
paw_pose,36012
off-shoulder_shirt,35996
protected_link,35992
unworn_hat,35978
red_vest,35936
nontraditional_miko,35934
sign,35889
adjusting_clothes,35785
black_sweater,35739
naughty_face,35695
neon_genesis_evangelion,35634
ice,35599
strawberry,35566
crystal,35561
sheathed,35430
card_(medium),35430
panties_under_pantyhose,35396
on_ground,35394
limbus_company,35377
mouse_ears,35359
spoon,35283
backless_outfit,35239
blood_on_clothes,35226
single_bare_shoulder,35186
white_fur,35186
interracial,35170
fork,35138
beanie,35127
league_of_legends,35031
body_fur,35021
handbag,35019
spaghetti_strap,34999
skull,34833
drink,34806
ice_cream,34805
city,34787
eyebrows_hidden_by_hair,34776
long_pointy_ears,34748
pasties,34744
brown_pants,34696
fire_emblem_heroes,34693
sound,34659
striped_bikini,34626
motion_blur,34597
smug,34590
final_fantasy_xiv,34495
source_request,34488
on_couch,34446
upside-down,34434
water_drop,34401
symbol_in_eye,34359
smoking,34351
sharp_fingernails,34291
two-tone_dress,34277
arm_under_breasts,34271
arm_warmers,34260
nurse_cap,34252
hands_in_pockets,34247
=_=,34220
bandana,34174
nun,34086
shameimaru_aya,34080
blue_shoes,34064
brown_thighhighs,33951
alternate_color,33916
sarashi,33912
sitting_on_person,33890
railing,33862
style_parody,33841
black_one-piece_swimsuit,33805
street_fighter,33787
criss-cross_halter,33682
jacket_on_shoulders,33591
straw_hat,33590
white_capelet,33587
fighting_stance,33570
holding_polearm,33562
borrowed_character,33557
chopsticks,33531
print_kimono,33525
rigging,33487
splatoon_(series),33483
front-tie_bikini_top,33433
long_sidelocks,33426
chocolate,33336
tabard,33335
sportswear,33318
star-shaped_pupils,33243
food_in_mouth,33218
other_focus,33111
;),33094
white_scarf,33084
light_rays,33042
hair_tie,33040
panties_aside,33021
idolmaster_million_live!,33013
minigirl,32948
v_arms,32922
animal_hood,32904
ear_ornament,32827
branch,32735
white_one-piece_swimsuit,32672
nose,32653
contemporary,32626
hugging_object,32619
covering_own_mouth,32601
blue_panties,32588
ofuda,32503
sample_watermark,32461
pleated_dress,32444
shiny_clothes,32402
overalls,32400
resolution_mismatch,32385
realistic,32356
outstretched_hand,32348
creature,32323
holding_bottle,32271
android,32231
ragnarok_online,32176
grey_dress,32127
military_hat,32051
breast_pocket,32040
chibi_inset,32031
jumping,32027
palm_tree,32008
mountain,31997
holding_fan,31938
apple,31907
fence,31874
yukata,31859
grabbing_from_behind,31852
cross-laced_clothes,31773
camera,31722
hand_on_another's_face,31713
rabbit_ear_hairband,31699
blue_hairband,31698
holding_microphone,31696
fire_emblem:_three_houses,31659
selfie,31547
bocchi_the_rock!,31526
purple_jacket,31500
antlers,31486
vibrator,31470
pixel_art,31422
blue_leotard,31395
hime_cut,31385
dildo,31332
black_kimono,31305
snake,31280
tail_ornament,31257
potted_plant,31251
adjusting_eyewear,31240
hair_over_eyes,31214
floral_background,31209
gag,31203
new_year,31188
clitoris,31100
midriff_peek,31086
reisen_udongein_inaba,31074
size_difference,31053
mario_(series),30994
hair_bell,30977
animification,30967
spoken_question_mark,30963
bow_(weapon),30871
confetti,30845
green_skin,30838
komeiji_satori,30835
split-color_hair,30816
bespectacled,30778
gagged,30726
door,30717
painting_(medium),30712
pov_crotch,30666
frilled_bow,30642
goatee,30620
licking_lips,30609
mother_and_child,30594
fujiwara_no_mokou,30540
full-face_blush,30533
clitoral_hood,30486
grabbing_another's_ass,30465
wedding_dress,30459
no_nose,30322
holding_tray,30319
sunflower,30293
yellow_neckerchief,30149
dragon_ball,30119
angel,30101
covered_mouth,30080
pink_bikini,30068
zipper_pull_tab,30038
shota,29989
blindfold,29944
petite,29940
underwater,29900
gift_box,29873
spear,29836
akemi_homura,29728
pen,29715
absurdly_long_hair,29713
holding_instrument,29679
kaname_madoka,29622
project_sekai,29619
cum_on_hair,29531
crotch_seam,29522
sun,29521
purple_thighhighs,29519
bound_wrists,29518
anklet,29488
pink_hat,29430
self-upload,29389
food-themed_hair_ornament,29374
car,29322
w,29296
balloon,29268
xenoblade_chronicles_(series),29262
page_number,29247
valentine,29237
talking,29208
3d,29200
horizon,29153
hand_on_own_chin,29129
wrist_scrunchie,29102
guitar,29097
black_hoodie,29065
name_tag,29039
kneepits,29033
gyaru,28966
head_out_of_frame,28877
joints,28870
multiple_others,28834
white_cape,28816
vision_(genshin_impact),28781
scales,28772
antennae,28694
o_o,28692
blue_gem,28683
cable,28660
wristwatch,28638
food_on_face,28614
suspender_skirt,28605
highleg_panties,28540
gakuran,28532
forehead_jewel,28529
marvel,28490
wand,28484
hair_stick,28483
butt_crack,28463
top-down_bottom-up,28427
white_choker,28426
sleeve_cuffs,28422
bikini_under_clothes,28415
+++,28394
blue_cape,28379
open_cardigan,28366
orange_bow,28365
utau,28360
duel_monster,28351
half_gloves,28349
print_shirt,28323
bandeau,28304
spread_arms,28252
newsboy_cap,28233
bloomers,28222
red_thighhighs,28185
ahegao,28160
purple_gloves,28157
covering_breasts,28142
toeless_legwear,28100
silent_comic,28090
mask_on_head,28076
claw_pose,28064
hong_meiling,28027
id_card,28026
checkered_clothes,27953
cow_print,27923
saigyouji_yuyuko,27918
blue_vest,27905
haori,27898
saliva_trail,27895
dakimakura_(medium),27895
fish_tail,27820
bookshelf,27800
toaru_majutsu_no_index,27779
folding_fan,27771
third-party_edit,27730
hanging_breasts,27722
lactation,27698
oekaki,27688
blanket,27688
inactive_account,27675
princess_connect!,27628
multicolored_jacket,27624
pink_bowtie,27607
white_ascot,27564
black_tank_top,27529
white_eyes,27464
headpiece,27449
k-on!,27415
abyssal_ship,27398
microskirt,27388
raised_inner_eyebrows,27386
adjusting_hair,27339
candle,27333
jpeg_artifacts,27327
pokemon_(anime),27311
partially_visible_vulva,27290
tube_top,27268
red_kimono,27267
cow_ears,27208
electricity,27204
open_fly,27190
textless_version,27148
covered_eyes,27141
panties_around_one_leg,27105
black_tail,27104
white_wrist_cuffs,27085
clock,27079
curled_horns,27009
winter_clothes,26980
center_opening,26895
underbust,26887
eighth_note,26843
tress_ribbon,26842
pixel-perfect_duplicate,26841
bush,26827
sousou_no_frieren,26783
poke_ball_(basic),26767
danganronpa_2:_goodbye_despair,26748
blue_neckerchief,26731
company_name,26711
scaramouche_(genshin_impact),26706
red_horns,26673
3koma,26662
pink_bra,26646
colored_tips,26627
on_head,26610
diamond_(shape),26585
bad_source,26519
japanese_armor,26509
highleg_one-piece_swimsuit,26481
gakuen_idolmaster,26460
film_grain,26459
photo_(medium),26447
feather_hair_ornament,26442
animated_gif,26442
holding_bouquet,26371
naruto_(series),26360
white_belt,26318
drinking,26307
yellow_dress,26288
white_tank_top,26249
toned_male,26242
long_legs,26235
undershirt,26228
red_boots,26196
limited_palette,26195
mini_crown,26130
pool,26125
basket,26122
kagamine_rin,25994
brown_coat,25994
bodystocking,25974
leaning_back,25969
inubashiri_momiji,25957
patreon_logo,25951
classroom,25938
yokozuwari,25915
folded_ponytail,25906
|_|,25827
red_ascot,25800
hands_on_own_face,25793
controller,25771
world_witches_series,25731
lyrical_nanoha,25718
heart_censor,25699
petticoat,25614
fairy_wings,25607
after_vaginal,25600
blue_rose,25564
disposable_cup,25563
shoulder_tattoo,25555
white_collar,25526
suzumiya_haruhi_no_yuuutsu,25510
surrounded_by_penises,25474
glass,25465
looking_afar,25453
blue_thighhighs,25395
arrow_(projectile),25333
fishnet_thighhighs,25306
orgasm,25302
eyeball,25275
black_border,25230
scar_on_cheek,25192
open_hand,25182
holding_animal,25162
tiger_ears,25086
harness,25077
cow_horns,25075
aircraft,25073
nervous_sweating,25069
hand_on_headwear,25063
red_choker,25046
torn_thighhighs,25041
tight_clothes,25031
white_hoodie,25006
danganronpa_v3:_killing_harmony,24991
school_desk,24978
black_capelet,24963
purple_hat,24950
red_coat,24949
grabbing_own_breast,24945
tabi,24943
red_streaks,24937
holding_stuffed_toy,24818
armored_boots,24813
invisible_chair,24801
gangbang,24778
fur-trimmed_coat,24758
arm_strap,24716
derivative_work,24699
partially_unbuttoned,24698
ankle_boots,24673
onsen,24665
halloween_costume,24653
arched_back,24640
leg_warmers,24603
cheerleader,24579
mechanical_arms,24569
witch,24556
pom_pom_(cheerleading),24514
striped_necktie,24508
bad_tumblr_id,24507
pink_shoes,24497
futa_with_female,24437
retro_artstyle,24406
voiceroid,24397
white_bowtie,24379
squiggle,24362
animal_nose,24333
pokemon_sun_and_moon,24306
space,24213
bun_cover,24206
collared_jacket,24197
headpat,24195
light_frown,24187
asymmetrical_gloves,24149
bow_hairband,24136
hanfu,24099
multicolored_skin,24095
hand_on_own_head,24092
vambraces,24072
leggings,24063
holding_poke_ball,23959
road,23894
low_twin_braids,23882
cityscape,23846
reverse:1999,23838
jujutsu_kaisen,23803
shared_bathing,23791
nipple_tweak,23727
assault_rifle,23721
precum,23719
tile_floor,23710
shibari,23683
bandaid_on_leg,23677
red_pants,23663
polka_dot_background,23629
inkling,23629
nipple_piercing,23627
bikini_armor,23608
mega_man_(series),23585
layered_dress,23571
wide_shot,23542
holding_plate,23541
reading,23537
purple_bowtie,23406
love_live!_sunshine!!,23375
frilled_hairband,23368
green_necktie,23361
stretching,23357
highleg_bikini,23352
partially_translated,23315
gothic_lolita,23250
riding,23249
geta,23248
belly,23231
magic,23206
grey_skin,23194
bald,23191
purple_bikini,23139
yellow_necktie,23117
omori,23085
under_covers,23081
unfinished,23071
fairy,23067
short_over_long_sleeves,23045
huge_ahoge,23035
interspecies,23010
slippers,22999
headdress,22992
lamp,22965
french_kiss,22950
clothes_around_waist,22909
layered_skirt,22889
sleeveless_turtleneck,22880
thong_panties,22877
dancing,22858
miko,22850
shade,22799
konpaku_youmu_(ghost),22782
facial_tattoo,22779
silhouette,22763
standing_sex,22750
hair_slicked_back,22745
guilty_gear,22741
military_vehicle,22734
re:zero_kara_hajimeru_isekai_seikatsu,22731
rolling_eyes,22721
yakumo_ran,22698
blue_coat,22692
notched_lapels,22692
blue_boots,22683
pink_kimono,22682
back-to-back,22674
red_shorts,22668
kaenbyou_rin,22666
laughing,22662
emblem,22647
green_nails,22631
disembodied_hand,22628
mismatched_legwear,22621
pulling_own_clothes,22600
flag,22593
ear_bow,22591
bird_wings,22575
paw_gloves,22561
evil_smile,22556
undercut,22553
sailor_hat,22498
bare_back,22486
red_pupils,22481
office_lady,22480
mechanical_halo,22472
star_print,22457
bangle,22437
no_pupils,22436
bound_arms,22433
looping_animation,22429
frog_hair_ornament,22427
nurse,22422
ugoira,22408
animal_ear_piercing,22403
triangle_mouth,22400
check_commentary,22343
thighlet,22312
hand_to_own_mouth,22309
watercolor_(medium),22281
fate/extra,22253
animal_costume,22247
eye_mask,22232
own_hands_clasped,22231
male_underwear,22225
reference_sheet,22225
kaga_(kancolle),22174
bridal_veil,22169
fire_emblem_fates,22128
inverted_nipples,22127
nipple_slip,22123
long_hair_between_eyes,22119
warrior_of_light_(ff14),22112
rumia,22112
red_leotard,22098
grabbing_another's_arm,22091
kono_subarashii_sekai_ni_shukufuku_wo!,22091
aqua_necktie,22066
blue_scarf,22008
partially_colored,21986
raiden_shogun,21974
frilled_hair_tubes,21936
love_live!_nijigasaki_high_school_idol_club,21935
loose_socks,21916
aqua_nails,21912
moriya_suwako,21902
mother_and_daughter,21901
doodle_sensei_(blue_archive),21898
brown_cardigan,21898
white_rose,21893
jack-o'-lantern,21887
bandaged_leg,21878
lumine_(genshin_impact),21868
purple_kimono,21822
wine_glass,21812
mouse_tail,21770
yellow_bikini,21746
happy_new_year,21730
incest,21689
sundress,21687
bench,21683
chest_jewel,21664
no_mouth,21641
multiple_rings,21632
taut_clothes,21631
gohei,21626
ninja,21625
triangular_headpiece,21624
unworn_eyewear,21592
rabbit_hair_ornament,21565
digimon,21534
scared,21529
chinese_zodiac,21528
frilled_thigh_strap,21528
happy_sex,21476
tied_shirt,21464
xenoblade_chronicles_2,21464
imminent_penetration,21433
beachball,21411
red_eyeshadow,21407
key,21392
architecture,21391
paw_print,21379
wedding_ring,21376
holster,21371
leg_lift,21329
striped_dress,21309
femdom,21302
stuffed_rabbit,21278
unbuttoned,21217
wet_shirt,21214
animalization,21207
dated_commentary,21206
hand_on_own_arm,21205
field,21201
grey_shorts,21199
facing_another,21197
suit_jacket,21156
5boys,21150
tail_raised,21147
brown_shorts,21142
saber_(fate),21137
cum_in_ass,21110
holding_fruit,21108
cross_necklace,21068
bread,21030
leather,21018
scythe,20986
skin-covered_horns,20982
tatami,20971
indian_style,20962
cone_hair_bun,20947
condom_wrapper,20932
head_wreath,20932
trailblazer_(honkai:_star_rail),20923
bleach,20899
headphones_around_neck,20885
face-to-face,20884
backless_dress,20850
monogatari_(series),20848
dagger,20808
hands_on_own_chest,20800
tales_of_(series),20797
mittens,20793
real_life,20777
brown_sweater,20772
pocky,20768
mash_kyrielight,20768
axe,20745
halftone,20702
blue_streaks,20696
vampire,20683
navel_cutout,20679
salute,20654
shimakaze_(kancolle),20633
black_cat,20627
link,20606
star_earrings,20606
bow_bra,20592
reiuji_utsuho,20580
spoken_exclamation_mark,20566
kimetsu_no_yaiba,20546
sarong,20521
chen,20516
alternate_eye_color,20511
bedroom,20507
grey_sweater,20505
bucket,20497
horn_ornament,20491
hand_on_own_thigh,20490
orange_shirt,20480
hitodama,20474
averting_eyes,20470
shark_tail,20418
anchor_symbol,20414
playing_instrument,20390
ears_through_headwear,20352
naked_shirt,20344
battle,20301
dragon_quest,20299
black_suit,20294
shoulder_blades,20262
raccoon_ears,20252
wet_hair,20237
tilted_headwear,20232
kazami_yuuka,20218
computer,20190
red_eyeliner,20180
used_condom,20173
teapot,20148
ganyu_(genshin_impact),20136
annoyed,20123
fantasy,20115
senran_kagura,20102
constricted_pupils,20091
whisker_markings,20060
miki_sayaka,20048
drunk,20022
puff_of_air,20002
see-through_shirt,19991
thumbs_up,19978
2000s_(style),19978
hip_vent,19972
superhero_costume,19942
red_hakama,19937
mouse_girl,19936
round_teeth,19925
yellow_skirt,19895
anal_object_insertion,19871
pink_theme,19868
leaf_hair_ornament,19863
bonnet,19863
charm_(object),19833
anniversary,19831
green_bikini,19827
text_focus,19782
overwatch,19775
open_kimono,19767
holding_own_hair,19755
air_bubble,19748
bead_necklace,19695
brothers,19682
pectoral_cleavage,19678
see-through_sleeves,19666
against_wall,19650
public_indecency,19641
red_skin,19614
:>,19609
animal_hat,19581
fat,19580
dark,19563
pink_rose,19547
off-shoulder_sweater,19539
bikini_skirt,19509
coat_on_shoulders,19501
hugging_own_legs,19487
two-tone_eyes,19478
belt_collar,19461
red_panties,19446
pubic_tattoo,19439
cannon,19418
bishoujo_senshi_sailor_moon,19418
uneven_legwear,19405
ear_blush,19400
autumn_leaves,19392
lowleg,19365
pokemon_black_and_white,19353
paintbrush,19345
holding_another's_wrist,19337
chest_tattoo,19329
idol,19317
hina_(blue_archive),19302
hat_feather,19302
fox_mask,19293
photo_(object),19264
princess_carry,19256
pink_thighhighs,19253
two_tails,19227
toned_female,19208
unworn_shoes,19202
stitches,19194
fireworks,19186
sword_art_online,19166
heart_of_string,19153
unzipped,19148
navel_piercing,19105
fur-trimmed_sleeves,19071
red_capelet,19054
green_pants,19019
wind_lift,18986
one_breast_out,18974
green_halo,18949
randoseru,18947
heart_earrings,18943
fujimaru_ritsuka_(male),18941
bare_pectorals,18935
white_bodysuit,18909
swimsuit_under_clothes,18903
head_fins,18875
hooded_cloak,18875
latex,18857
cross-shaped_pupils,18834
cat_boy,18833
oil-paper_umbrella,18790
dairi,18783
aura,18779
string,18768
yuuka_(blue_archive),18766
lower_teeth_only,18761
giant,18734
tunic,18728
drink_can,18698
turning_head,18676
tatara_kogasa,18644
on_one_knee,18640
headscarf,18632
kawashiro_nitori,18594
cross_hair_ornament,18580
chest_harness,18572
yellow_bowtie,18566
carrot,18562
black_neckerchief,18554
spiked_collar,18551
gym_shirt,18548
bracer,18526
chestnut_mouth,18521
black_halo,18509
game_controller,18494
two-tone_skin,18482
sparkling_eyes,18482
blank_eyes,18472
jacket_partially_removed,18465
old,18448
clothes_between_breasts,18447
everyone,18439
snowflakes,18429
imminent_kiss,18427
knee_pads,18425
striped_bowtie,18424
ffm_threesome,18420
snake_hair_ornament,18409
belt_pouch,18401
cross-section,18399
mandarin_collar,18386
shoe_soles,18385
gameplay_mechanics,18366
green_vest,18359
picture_frame,18356
blue_sweater,18354
oversized_clothes,18337
holding_fork,18297
purple_panties,18295
red_gem,18287
mmf_threesome,18286
pink_gloves,18286
scabbard,18282
tiptoes,18267
coin,18254
watercraft,18248
fang_out,18247
male_penetrated,18242
holding_gift,18239
micro_shorts,18236
sonic_(series),18233
asuna_(blue_archive),18233
white_camisole,18227
naked_towel,18182
marker_(medium),18179
afterimage,18177
animal_on_head,18151
single_sidelock,18128
facepaint,18124
assertive_female,18122
animal_collar,18120
kitsune,18115
monitor,18114
blood_on_hand,18098
heart_ahoge,18069
holding_cigarette,18056
aqua_background,18045
bathing,18036
nervous,18028
moaning,18027
sitting_on_lap,18024
hibiki_(kancolle),18013
hand_on_own_knee,17987
yellow_sclera,17979
crescent_hair_ornament,17977
purple_skin,17956
winter,17953
blue_hoodie,17945
two-tone_shirt,17937
ice_wings,17928
vines,17924
bad_anatomy,17910
striped_background,17882
gotoh_hitori,17863
armored_dress,17851
houraisan_kaguya,17846
short_kimono,17835
digimon_(creature),17834
kamishirasawa_keine,17831
hinanawi_tenshi,17829
kasane_teto,17816
side_braids,17802
licking_penis,17797
tall_image,17793
floppy_ears,17789
:/,17785
houshou_marine,17780
braided_bangs,17767
holding_can,17762
holding_spoon,17756
green_shorts,17753
shigure_(kancolle),17730
red_collar,17726
sad,17715
nosebleed,17714
pinstripe_pattern,17705
very_dark_skin,17700
diagonal-striped_clothes,17698
folded,17685
ai-generated,17682
two-tone_jacket,17663
holding_chopsticks,17644
earmuffs,17635
strike_witches,17632
father_and_child,17613
bat_(animal),17609
biting,17607
black_scarf,17605
gardevoir,17603
lolita_hairband,17566
breast_sucking,17544
pointing_at_viewer,17532
paid_reward,17521
blue_choker,17517
looking_at_object,17512
v-neck,17507
one-eyed,17497
leg_ribbon,17490
alternate_hair_color,17488
handcuffs,17456
toaru_kagaku_no_railgun,17449
m_legs,17439
dolphin_shorts,17439
persona_5,17432
touken_ranbu,17426
pantyhose_under_shorts,17426
black_sports_bra,17416
cowbell,17413
souryuu_asuka_langley,17413
holding_candy,17381
onee-shota,17368
waitress,17367
airplane,17351
pikachu,17296
slingshot_swimsuit,17275
grey_gloves,17238
colored_extremities,17225
x-ray,17224
multiple_hair_bows,17214
food_focus,17213
shimenawa,17188
multiple_persona,17183
wince,17175
final_fantasy_vii_remake,17173
white_veil,17170
squeans,17169
fur-trimmed_gloves,17163
fate/apocrypha,17161
torn_shirt,17134
source_smaller,17130
kagamine_len,17123
pointless_censoring,17080
blue_bra,17077
dark_persona,17068
vaginal_object_insertion,17058
pink_hairband,17055
sakura_kyoko,17053
merfolk,17053
!!,17007
sack,16993
deep_skin,16972
east_asian_architecture,16966
pink_sweater,16954
biceps,16944
string_panties,16938
fire_emblem_awakening,16937
wagashi,16924
green_bowtie,16914
o-ring_bikini,16891
police,16890
over_shoulder,16887
bukkake,16875
nier_(series),16867
weapon_on_back,16862
donut,16848
tomoe_mami,16822
red_sash,16802
brown_fur,16787
birthday,16785
nun_headdress,16784
drop_shadow,16777
gochuumon_wa_usagi_desu_ka?,16773
spy_x_family,16770
tifa_lockhart,16766
huge_penis,16730
grey_hat,16719
shark_girl,16708
gold,16702
the_king_of_fighters,16702
aqua_bow,16701
nijisanji_en,16676
lace-trimmed_thighhighs,16676
neck_ring,16675
shell,16667
sanpaku,16660
dark_background,16649
>:),16648
in_container,16647
arknights:_endfield,16645
grid_background,16637
lace-trimmed_bra,16621
torii,16606
holding_bow_(weapon),16597
cum_on_clothes,16581
fur-trimmed_cape,16579
stomach_bulge,16579
touhou_(pc-98),16573
holding_another's_hair,16557
bead_bracelet,16553
carrying_person,16553
frog,16538
stool,16508
princess_zelda,16489
firefly_(honkai:_star_rail),16487
holding_wand,16487
braided_bun,16486
grey_thighhighs,16483
body_markings,16465
lineart,16464
frilled_choker,16450
aiming,16450
yellow_hairband,16449
fujimaru_ritsuka_(female),16446
sexually_suggestive,16425
crescent_moon,16410
gawr_gura,16399
goat_horns,16369
kill_la_kill,16358
blue_sleeves,16330
playing_card,16326
ribs,16323
strap_gap,16316
house,16312
ribbon_choker,16311
pumpkin,16308
dress_bow,16299
diamond-shaped_pupils,16296
hair_up,16295
idolmaster_cinderella_girls_starlight_stage,16290
hasu_no_sora_school_uniform,16277
singing,16261
tassel_earrings,16246
colored_speech_bubble,16228
cunnilingus,16210
mystia_lorelei,16209
hip_focus,16206
tea,16194
split,16157
fate/zero,16148
foursome,16140
electric_guitar,16136
print_thighhighs,16109
alphes_(style),16105
side-by-side,16102
koakuma,16100
pearl_necklace,16100
badge,16092
gold_bikini,16077
nazrin,16075
bathroom,16058
strap,16055
detached_wings,16052
tiger_tail,16046
frieren,16043
gigantic_breasts,16034
mika_(blue_archive),16020
floating_clothes,16014
narrow_waist,15985
red_sweater,15985
holding_paper,15948
christmas_tree,15941
ibuki_suika,15930
tsukihime,15921
spiked_bracelet,15909
brick_wall,15908
covering_crotch,15900
fur-trimmed_dress,15894
popped_collar,15893
platform_sandals,15880
pants_pull,15877
bear_ears,15867
female_ejaculation,15858
brown_vest,15856
yellow_gloves,15855
clothes_grab,15851
shirakami_fubuki,15835
black_bag,15812
pencil,15808
fur-trimmed_capelet,15782
mecha_musume,15774
flat_cap,15755
hibiscus,15753
humanization,15752
pink_cardigan,15740
zzz,15728
persona_4,15721
baby_animal,15717
cube_hair_ornament,15703
cloud_strife,15697
inaba_tewi,15695
parasol,15674
mushroom,15668
extra_arms,15660
heart_cutout,15657
animal_ear_headphones,15642
anime_screenshot,15637
casual_one-piece_swimsuit,15627
showgirl_skirt,15594
burger,15578
topknot,15578
explosion,15571
inkling_player_character,15557
heads_together,15545
kicking,15525
mountainous_horizon,15515
television,15506
persona_3,15484
glowing_eye,15482
hooded_coat,15481
shackles,15448
mermaid,15443
kirby_(series),15429
holding_card,15424
seductive_smile,15421
handheld_game_console,15421
falling,15389
water_bottle,15379
earclip,15378
multicolored_gloves,15374
braided_hair_rings,15344
purple_necktie,15342
body_writing,15341
asymmetrical_clothes,15341
usami_renko,15326
necktie_between_breasts,15325
anchor,15312
ripples,15303
shingeki_no_kyojin,15300
cookie,15297
vehicle_focus,15295
raglan_sleeves,15284
multicolored_dress,15278
sliding_doors,15242
content_rating,15239
gold_earrings,15237
police_uniform,15231
tacet_mark_(wuthering_waves),15224
erection_under_clothes,15216
black_fur,15188
print_dress,15183
yellow_nails,15165
red_bodysuit,15158
hoshimachi_suisei,15151
fake_screenshot,15143
median_furrow,15138
leg_tattoo,15115
jumpsuit,15110
alien_stage,15096
alt_text,15094
hammer,15083
raccoon_tail,15080
bath,15075
code_geass,15074
babydoll,15064
holding_camera,15057
whiskers,15047
stirrup_legwear,15029
black_streaks,15027
summer,15018
dappled_sunlight,15009
green_kimono,15008
sleeveless_jacket,15004
scene_reference,15004
hoshino_(blue_archive),15000
camouflage,14997
black_mask,14990
torn_pants,14988
orange_skirt,14988
wing_hair_ornament,14960
crop_top_overhang,14957
maribel_hearn,14951
lace-trimmed_panties,14945
earphones,14937
peeing,14912
wanderer_(genshin_impact),14894
horse,14888
ruins,14887
lion_ears,14884
knees,14883
garrison_cap,14881
heart_in_eye,14855
pigeon-toed,14848
cherry,14847
old_man,14846
promotional_art,14843
o-ring_top,14837
open_vest,14825
white_robe,14824
leaning_to_the_side,14819
polka_dot_bow,14819
official_style,14789
bang_dream!_girls_band_party!,14784
infection_monitor_(arknights),14783
open_collar,14782
traditional_bowtie,14769
tentacle_sex,14754
holding_pen,14742
cutoffs,14719
lanyard,14716
black_sandals,14711
yellow_sweater,14709
nier:automata,14703
arms_under_breasts,14691
orange_flower,14677
green_gloves,14673
cow_print_bikini,14656
female_orgasm,14655
danganronpa:_trigger_happy_havoc,14653
rio_(blue_archive),14644
mini_top_hat,14637
hijiri_byakuren,14629
cropped,14628
cow_girl,14627
dirty,14618
number_tattoo,14606
lucky_star,14605
halter_dress,14591
2others,14590
no_shirt,14590
mind_control,14581
insect_wings,14574
red_theme,14571
black_flower,14547
fat_man,14547
hu_tao_(genshin_impact),14514
mouth_drool,14511
out-of-frame_censoring,14508
arm_cannon,14496
magatama,14490
black_skin,14490
short_necktie,14480
tiger_print,14478
asymmetrical_docking,14469
same-sex_bathing,14457
dc_comics,14449
dungeon_meshi,14449
trainer_(umamusume),14436
zouri,14431
painttool_sai_(medium),14429
medium_dress,14422
planet,14421
double_penetration,14417
white_neckerchief,14395
syringe,14393
:|,14388
shy,14386
grey_halo,14375
neptune_(series),14337
track_suit,14335
transparent,14326
crescent_hat_ornament,14323
grey_pantyhose,14315
argyle_clothes,14307
hakama_short_skirt,14305
photo_background,14302
blue_socks,14289
faceless_female,14282
ouro_kronii,14274
pantyhose_pull,14266
naval_uniform,14259
making-of_available,14252
implied_sex,14245
lamppost,14238
speed_lines,14216
plaid_bow,14214
maple_leaf,14210
idolmaster_million_live!_theater_days,14203
asymmetrical_wings,14185
oversized_object,14177
chest_sarashi,14174
doll_joints,14170
eyes_out_of_frame,14157
yawning,14150
power_lines,14143
extra_eyes,14133
reference_inset,14121
blue_bodysuit,14117
bare_tree,14109
bandaid_on_nose,14096
chest_hair,14080
solid_oval_eyes,14080
turtleneck_shirt,14074
no_eyes,14063
white_necktie,14047
tail_wagging,14039
voice_actor_connection,14037
houjuu_nue,14037
kongou_(kancolle),14037
cake_slice,14034
cross_earrings,14034
pee,14029
frilled_thighhighs,14007
saibou_shinkyoku,14001
frilled_collar,13970
hatching_(texture),13966
scissors,13957
higurashi_no_naku_koro_ni,13954
mismatched_gloves,13949
multiple_expressions,13945
holding_lollipop,13942
holding_ball,13942
huge_weapon,13928
rectangular_halo,13927
single_hair_intake,13917
hands_on_own_cheeks,13911
tailcoat,13906
millennium_science_school_logo,13887
mismatched_pupils,13882
checkered_floor,13880
baseball_bat,13862
go-toubun_no_hanayome,13860
black_cloak,13858
mobile_suit,13857
muneate,13855
agnes_tachyon_(umamusume),13849
bamboo,13844
megurine_luka,13844
furina_(genshin_impact),13828
blue_butterfly,13825
aether_(genshin_impact),13813
tokyo_afterschool_summoners,13805
pokemon_legends:_z-a,13799
symmetrical_docking,13797
source_larger,13782
yellow_fur,13762
zoophilia,13750
mecha_focus,13749
star_hat_ornament,13742
nanami_chiaki,13741
arm_guards,13737
tomboy,13732
pregnant,13723
greaves,13716
jeanne_d'arc_alter_(fate),13715
mitakihara_school_uniform,13714
rainbow,13712
chalkboard,13707
dragon_ball_z,13687
tail_bow,13682
pink_skin,13674
pink_choker,13669
vertical-striped_shirt,13663
flat_color,13659
robot_joints,13655
checkered_background,13651
two-tone_fur,13642
resident_evil,13641
copyright_logo,13639
purple_theme,13637
torso_grab,13633
scar_on_arm,13630
orange_jacket,13625
dog_boy,13625
star_in_eye,13614
commissioner_upload,13599
grey_vest,13598
vspo!,13591
shorts_under_skirt,13582
ranma_1/2,13577
striped_pantyhose,13563
big_hair,13549
inazuma_(kancolle),13549
submachine_gun,13540
floating_earrings,13518
recording,13516
pink_boots,13507
heart_brooch,13507
saucer,13502
grey_coat,13501
;o,13498
tate_eboshi,13485
foreskin,13482
single_wing,13476
inkling_girl,13476
floral_print_kimono,13472
graphite_(medium),13466
trait_connection,13443
coffee,13429
see-through_cleavage,13422
multicolored_nails,13403
flower_field,13401
kita_high_school_uniform,13400
pink_streaks,13389
bridge,13389
third_eye,13387
name_connection,13379
bound_legs,13376
standing_split,13367
brown_bag,13360
monster_boy,13346
shiny_pokemon,13324
floating_object,13316
single_sock,13313
smoking_pipe,13310
purple_shoes,13304
bra_strap,13301
ball_gag,13299
audible_music,13294
small_sweatdrop,13285
sheep_horns,13278
cowboy_hat,13269
tasuki,13261
elden_ring,13257
unconventional_maid,13254
yagokoro_eirin,13253
sunbeam,13251
monocle,13248
elysia_(honkai_impact),13232
nahida_(genshin_impact),13199
darkstalkers,13193
hand_on_another's_cheek,13192
tape,13191
one-piece_tan,13191
imageboard_desourced,13190
sleepy,13187
ensemble_stars!,13183
linea_alba,13176
naked_apron,13171
yasaka_kanako,13165
mizuhashi_parsee,13165
bruise,13154
akemi_homura_(magical_girl),13150
watermelon,13147
alien,13145
skeleton,13130
evening,13106
assault_lily,13100
sheet_grab,13089
greyscale_with_colored_background,13086
unworn_panties,13084
peach,13083
spoken_musical_note,13076
heart_pasties,13072
streaming_tears,13061
magia_record:_mahou_shoujo_madoka_magica_gaiden,13053
splashing,13043
red_sleeves,13041
1990s_(style),13040
magic_circle,13026
stelle_(honkai:_star_rail),13024
male_swimwear,13014
fur-trimmed_headwear,13010
manhattan_cafe_(umamusume),13009
akagi_(kancolle),12996
gradient_eyes,12985
pokemon_black_2_and_white_2,12980
leaf_on_head,12968
pink_pupils,12953
ear_ribbon,12941
sidelighting,12939
beard_stubble,12936
blinking,12935
idol_clothes,12932
bathtub,12930
multiple_moles,12924
stardust_crusaders,12921
fire_emblem_engage,12919
fubuki_(kancolle),12908
cyborg,12905
clipboard,12903
kisaki_(blue_archive),12898
long_sideburns,12894
covered_collarbone,12892
clip_studio_paint_(medium),12889
blue_fire,12881
footwear_bow,12880
very_sweaty,12878
tying_hair,12867
shouting,12864
purple_halo,12855
bra_lift,12854
doctor_(arknights),12847
girls_band_cry,12833
single_leg_pantyhose,12820
material_growth,12816
eiyuu_densetsu,12803
traditional_halo,12794
bestiality,12790
deformed,12786
prosthesis,12780
shelf,12759
kamen_rider,12759
rwby,12757
dripping,12750
hand_on_own_stomach,12737
arm_ribbon,12719
whistle,12713
nightgown,12711
aerial_fireworks,12701
arm_belt,12697
flag_print,12697
abigail_williams_(fate),12686
grey_hoodie,12678
sweater_dress,12675
long_eyelashes,12662
heart_print,12660
motorcycle,12650
black_corset,12643
bandaged_hand,12622
yellow_hat,12617
pillar,12611
sticker,12606
trigger_discipline,12606
the_pose,12594
artist_self-insert,12587
sandwiched,12579
print_gloves,12565
feet_up,12554
ninomae_ina'nis,12553
falling_leaves,12536
soaking_feet,12530
black_ascot,12525
mori_calliope,12524
pink_necktie,12519
egg,12515
dragon_wings,12512
neck_tattoo,12503
breast_rest,12502
book_stack,12493
genderswap_(ftm),12489
poolside,12481
weapon_over_shoulder,12472
plaid_shirt,12470
between_fingers,12461
scar_on_chest,12455
partially_unzipped,12454
striped_socks,12440
swivel_chair,12438
yae_miko,12422
fringe_trim,12418
feeding,12405
internal_cumshot,12399
skull_hair_ornament,12394
tile_wall,12391
military_jacket,12390
monster_hunter_(series),12380
multiple_wings,12362
obijime,12348
scroll,12347
yin_yang,12345
torogao,12335
blazblue,12331
crack,12331
glaring,12327
brown_bow,12325
single_off_shoulder,12305
2b_(nier:automata),12305
fur-trimmed_boots,12299
purple_lips,12298
mole_on_neck,12290
blood_from_mouth,12289
merry_christmas,12287
flower-shaped_pupils,12278
medium_skirt,12270
fundoshi,12261
tiger_girl,12261
demon_boy,12242
cum_string,12237
rice,12236
grabbing_another's_hair,12236
photo-referenced,12234
orange_dress,12233
rebuild_of_evangelion,12225
purple_pantyhose,12219
shoulder_pads,12205
utility_pole,12201
black_robe,12196
adjusting_headwear,12193
kagiyama_hina,12189
blood_splatter,12181
red_armband,12179
umineko_no_naku_koro_ni,12177
dougi,12166
race_queen,12166
audible_speech,12165
asymmetrical_sleeves,12160
husband_and_wife,12156
planted,12155
yuudachi_(kancolle),12153
remote_control_vibrator,12153
reverse_cowgirl_position,12149
cookie_(touhou),12144
nikki_(series),12136
kote,12135
tassel_hair_ornament,12133
mahou_shoujo_lyrical_nanoha,12121
beer,12105
fate/kaleid_liner_prisma_illya,12104
mahou_shoujo_lyrical_nanoha_strikers,12096
ice_cream_cone,12094
alternate_universe,12091
sniper_rifle,12091
fox_shadow_puppet,12080
american_flag,12077
pokemon_x_and_y,12062
solid_circle_eyes,12060
inazuma_eleven_(series),12055
green_gem,12053
convenient_hair,12049
jester_cap,12045
multi-strapped_bikini_bottom,12044
wine,12037
cooking,12036
giantess,12011
white_vest,12005
arthropod_girl,12004
white_bloomers,12003
hand_on_another's_chin,12002
tenryuu_(kancolle),11994
toki_(blue_archive),11985
elbow_rest,11977
button_gap,11969
amiya_(arknights),11965
beach_umbrella,11963
long_coat,11954
cat_ear_headphones,11954
cardboard_box,11946
two-tone_gloves,11945
defeat,11927
forehead_protector,11911
suitcase,11908
center-flap_bangs,11903
holding_shield,11903
red_wings,11901
usada_pekora,11893
object_on_head,11865
draph,11855
rimless_eyewear,11855
multiple_belts,11849
baggy_pants,11847
waist_cape,11844
nervous_smile,11829
dog_tags,11805
pom_pom_hair_ornament,11801
looking_at_penis,11800
wolf_boy,11792
shushing,11790
pink_neckerchief,11789
gundam_suisei_no_majo,11789
lap_pillow,11786
lily_(flower),11783
aiguillette,11782
uterus,11776
0_0,11773
print_panties,11768
orb,11767
broom_riding,11767
bobby_socks,11765
chain_necklace,11746
holding_broom,11739
projectile_cum,11738
flower_knot,11731
bikini_bottom_only,11724
slice_of_life,11714
maebari,11707
aerith_gainsborough,11702
vertical-striped_thighhighs,11702
senki_zesshou_symphogear,11688
bra_visible_through_clothes,11682
bandaid_on_knee,11677
vase,11655
red_belt,11653
super_smash_bros.,11652
grey_shoes,11642
gap_(touhou),11642
arms_around_neck,11640
open_hands,11637
hair_pulled_back,11630
raised_eyebrow,11622
high_heel_sandals,11619
nekomata_okayu,11616
taking_picture,11615
waist_bow,11609
single_ear_cover,11605
blue_capelet,11603
futon,11603
aris_(blue_archive),11600
paper_lantern,11599
frilled_bra,11581
shigure_kai_ni_(kancolle),11578
holding_bowl,11573
bride,11563
corrupted_twitter_file,11556
punching,11546
laptop,11523
miqo'te,11517
red_headband,11505
clothed_male_nude_female,11496
street,11494
jaggy_lines,11489
netorare,11487
animal_on_shoulder,11478
skyscraper,11467
frilled_hat,11465
producer_(idolmaster),11463
studs,11463
shiroko_(blue_archive),11452
plaid_vest,11447
xd,11444
hair_over_breasts,11440
green_panties,11435
ikazuchi_(kancolle),11433
father_and_daughter,11431
toyosatomimi_no_miko,11418
head_on_pillow,11408
wardrobe_malfunction,11402
holding_removed_eyewear,11390
footjob,11390
d:,11389
diagonal-striped_necktie,11384
cushion,11377
cow_tail,11373
holding_box,11364
knight,11361
kogal,11361
nero_claudius_(fate),11359
yor_briar,11348
train_interior,11335
skinny,11334
kayoko_(blue_archive),11322
hololive_indonesia,11318
fox,11317
beamed_eighth_notes,11315
thigh_belt,11314
pillow_hug,11312
print_skirt,11311
chain-link_fence,11301
striped_jacket,11299
skirt_pull,11291
single_pauldron,11288
oripathy_lesion_(arknights),11285
daiyousei,11272
bow-shaped_hair,11272
black_armor,11270
rozen_maiden,11259
midair,11251
single_mechanical_arm,11247
spoken_blush,11241
green_theme,11230
mari_(blue_archive),11212
kariginu,11205
backboob,11199
multi-tied_hair,11189
school_chair,11184
manjuu_(azur_lane),11155
barbell_piercing,11155
green_sweater,11154
purple_hairband,11152
multicolored_bodysuit,11148
togawa_sakiko,11147
deltarune,11136
unworn_jacket,11094
red_bra,11093
squatting_cowgirl_position,11093
half-closed_eye,11089
parted_hair,11073
playing_games,11068
illyasviel_von_einzbern,11062
heart-shaped_eyewear,11059
reclining,11051
suzumiya_haruhi,11046
frilled_panties,11044
gold_necklace,11034
cardcaptor_sakura,11032
bandaid_on_cheek,11031
full_armor,11026
meat,11021
tengen_toppa_gurren_lagann,11020
multicolored_bikini,11017
coffee_mug,11010
kazusa_(blue_archive),10993
onii-chan_wa_oshimai!,10990
image_sample,10983
o-ring_choker,10970
iron_cross,10956
the_legend_of_zelda:_breath_of_the_wild,10951
multiple_horns,10950
large_bow,10947
cane,10945
steepled_fingers,10945
single_elbow_glove,10943
barcode,10932
vertical-striped_dress,10930
explosive,10915
exhibitionism,10900
makima_(chainsaw_man),10898
noodles,10894
sakazuki,10893
blue_belt,10892
striped_skirt,10890
sakuragaoka_high_school_uniform,10888
cum_on_ass,10888
boy_on_top,10884
radio_antenna,10883
gold_bracelet,10876
heart-shaped_food,10870
leaning_on_person,10869
hamakaze_(kancolle),10867
brown_tail,10864
low-braided_long_hair,10863
tohsaka_rin,10861
kirby,10860
nami_(one_piece),10859
food_print,10848
atelier_(series),10839
blood_on_weapon,10836
single_shoe,10830
leather_jacket,10809
yellow_cardigan,10797
misaka_mikoto,10781
river,10781
grey_sailor_collar,10780
rectangular_eyewear,10778
arm_garter,10763
megumin,10759
zuikaku_(kancolle),10750
blue_overalls,10749
purple_leotard,10748
grey_cardigan,10740
guilty_gear_strive,10739
macross,10726
pink_shorts,10718
holding_axe,10716
blue_ascot,10699
notebook,10694
akatsuki_(kancolle),10680
drink_carton,10679
dot_mouth,10678
amputee,10675
wolf,10668
bokeh,10665
unworn_skirt,10664
kissing_cheek,10656
company_connection,10656
nekomata,10654
raccoon_girl,10653
lightning_bolt_symbol,10650
flower_wreath,10650
nishizumi_miho,10649
on_desk,10648
pretty_series,10648
vento_aureo,10647
sleeveless_kimono,10645
sweater_lift,10632
purple_sleeves,10630
grey_socks,10625
updo,10622
sideways_mouth,10620
ankle_socks,10612
snout,10610
manly,10604
panty_peek,10599
cowlick,10591
thank_you,10588
hoshiguma_yuugi,10586
multicolored_wings,10576
shopping_bag,10575
leopard_print,10571
turn_pale,10570
tank,10568
viewfinder,10565
hand_on_another's_back,10561
jiangshi,10559
thigh_holster,10558
akiyama_mio,10556
heart-shaped_box,10556
gradient_clothes,10536
firing,10536
octoling,10531
holding_controller,10530
mononobe_no_futo,10527
hot,10521
kaname_madoka_(magical_girl),10517
hand_on_own_ass,10515
narrowed_eyes,10507
gold_ship_(umamusume),10486
corruption,10486
mixed-language_text,10484
fucked_silly,10484
waves,10475
official_wallpaper,10474
shiki_eiki,10470
holding_popsicle,10467
dango,10452
dragon_boy,10448
takanashi_kiara,10443
two-sided_cape,10441
perineum,10438
bird_ears,10436
chihaya_anon,10435
mouse_(animal),10432
heart_necklace,10431
loose_hair_strand,10426
;p,10425
sepia,10425
teardrop,10423
open_hoodie,10421
leotard_under_clothes,10415
castle,10405
costume_switch,10404
ayanami_rei,10399
ranguage,10393
haruna_(kancolle),10390
holding_scythe,10389
waistcoat,10378
red_buruma,10377
axis_powers_hetalia,10370
white_horns,10368
ooarai_school_uniform,10365
white_headband,10353
heaven_burns_red,10341
fashion,10338
torn_dress,10338
wriggle_nightbug,10325
lycoris_recoil,10322
covering_face,10320
broken,10312
naruto_shippuuden,10304
pointing_at_self,10296
shanghai_doll,10295
black_veil,10294
unworn_clothes,10291
arm_around_shoulder,10289
green_sailor_collar,10289
uwabaki,10288
onozuka_komachi,10285
colored_inner_animal_ears,10279
pawpads,10271
blue_wings,10271
purple_bra,10270
faulds,10268
cow_print_thighhighs,10264
painterly,10257
plaid_scarf,10249
holding_pom_poms,10239
competition_school_swimsuit,10223
armpit_hair,10218
lifting_person,10214
green_cape,10211
girls'_frontline_2:_exilium,10209
poster_(object),10209
loose_necktie,10202
slime_(substance),10201
twitching,10199
koharu_(blue_archive),10196
sakura_miko,10191
pokemon_masters_ex,10188
holding_drink,10178
blue_buruma,10178
beer_mug,10169
gradient_sky,10162
humanoid_robot,10155
metal_collar,10153
zhongli_(genshin_impact),10153
cum_on_tongue,10149
green_shoes,10139
rem_(re:zero),10139
black_camisole,10131
navel_hair,10110
erune,10109
policewoman,10107
black_sash,10097
fedora,10096
sailor_senshi_uniform,10085
landscape,10081
v_over_eye,10080
hololive_dev_is,10078
red_sclera,10065
shorts_pull,10063
yellow_shorts,10057
imaizumi_kagerou,10055
water_gun,10054
wing_ornament,10049
morichika_rinnosuke,10041
yellow_shoes,10040
hachimaki,10039
holding_mask,10035
twisted_torso,10033
high-waist_shorts,10032
last_origin,10026
diagonal-striped_bow,10024
pumps,10023
single_detached_sleeve,10022
choppy_bangs,10021
reze_(chainsaw_man),10009
aegyo_sal,10008
holding_towel,10006
fox_boy,10005
fate_testarossa,10004
kashima_(kancolle),9997
downblouse,9986
white_feathers,9985
cat_hair_ornament,9983
hands_on_own_knees,9981
orange_(fruit),9978
white_headdress,9971
abstract_background,9956
sagging_breasts,9955
black_lips,9951
album_cover,9944
against_glass,9940
furry_with_non-furry,9940
naruto_(classic),9936
hand_on_another's_arm,9935
battle_tendency,9932
yuudachi_kai_ni_(kancolle),9929
hypnosis,9922
frilled_gloves,9906
tokoyami_towa,9883
collared_coat,9881
musical_note_hair_ornament,9881
oppai_loli,9878
demon,9875
heart_choker,9870
plaid_dress,9869
girl_sandwich,9867
improvised_gag,9859
purple_vest,9855
whip,9855
pokemon_heartgold_and_soulsilver,9854
bite_mark,9841
tight_pants,9840
track_pants,9839
blue_fur,9839
over-kneehighs,9834
mona_(genshin_impact),9828
crotchless,9822
nagato_(kancolle),9818
yellow_pupils,9815
deep_penetration,9814
diamond_button,9810
orange_bikini,9810
pink_scarf,9810
trading_card,9808
rice_shower_(umamusume),9802
furisode,9796
high-waist_pants,9792
still_life,9791
tie_clip,9787
aqua_shirt,9784
bone,9782
microphone_stand,9776
\m/,9776
colorized,9773
flip_phone,9770
bikini_bottom_aside,9765
dark_nipples,9760
reverse_outfit,9759
purple_coat,9746
fate/extra_ccc,9732
yuzuki_yukari,9727
loincloth,9722
artistic_error,9719
white_cat,9718
ambiguous_gender,9716
uneven_eyes,9714
old_school_swimsuit,9709
crystal_wings,9704
oma_kokichi,9694
purple_pants,9691
onigiri,9690
wispy_bangs,9690
v-fin,9682
thong_bikini,9676
penguin,9668
grey_boots,9667
kitchen,9667
back_cutout,9654
purple_rose,9651
perspective,9651
red_sailor_collar,9648
fern_(sousou_no_frieren),9643
ears_down,9632
nanashi_mumei,9629
splatoon_3,9616
anal_beads,9614
dark_elf,9590
yellow_scarf,9588
triangle,9586
minato_aqua,9586
torpedo,9585
march_7th_(honkai:_star_rail),9579
robot_ears,9577
convenient_leg,9574
pinky_out,9572
hand_in_another's_hair,9571
family,9568
pokemon_legends:_arceus,9567
drill_sidelocks,9567
energy,9562
3:,9560
long_tongue,9539
looking_at_animal,9528
diagonal_bangs,9527
stomach_tattoo,9517
single_sleeve,9517
partially_undressed,9514
pyra_(xenoblade),9513
evil_grin,9512
crow,9505
multiple_earrings,9502
scathach_(fate),9481
chess_piece,9472
painting_(object),9461
yandere,9454
smile_precure!,9452
holding_strap,9451
zombie,9446
pervert,9437
laurel_crown,9436
earpiece,9434
belle_(zenless_zone_zero),9426
thighhighs_under_boots,9424
pink_petals,9418
computer_keyboard,9417
revolver,9412
dawn_(pokemon),9411
autumn,9409
o-ring_thigh_strap,9402
hand_on_another's_waist,9394
holding_leash,9394
suzuya_(kancolle),9394
orange_sky,9394
time_paradox,9392
mega_pokemon,9392
red_socks,9390
towel_around_neck,9388
oshi_no_ko,9378
shirt_pull,9374
pole,9372
kyubey,9368
people,9366
plunging_neckline,9364
e.g.o_(project_moon),9362
goth_fashion,9351
bra_pull,9349
stage,9349
ellen_joe,9347
starfish,9343
??,9336
disembodied_penis,9335
medical_eyepatch,9331
spotlight,9331
waking_up,9328
asymmetrical_horns,9327
hair_beads,9321
layered_clothes,9311
kita_ikuyo,9305
money,9304
reverse_bunnysuit,9300
clone,9296
two-sided_jacket,9294
front_ponytail,9293
colored_tongue,9283
bird_tail,9281
see-through_dress,9279
ear_tag,9276
nakano_azusa,9272
horn_ribbon,9269
heart-shaped_chocolate,9268
santa_dress,9265
horror_(theme),9265
mini_wings,9263
rose_print,9260
pillarboxed,9259
tablet_pc,9257
blue_scrunchie,9255
nagato_yuki,9254
lillie_(pokemon),9253
pubic_hair_peek,9253
\||/,9250
lightning,9249
rover_(wuthering_waves),9249
grabbing_own_ass,9236
steins;gate,9232
undertale,9230
mother_and_son,9217
sphere_earrings,9214
heart_background,9213
seia_(blue_archive),9212
the_legend_of_zelda:_tears_of_the_kingdom,9212
nagasaki_soyo,9208
statue,9203
engrish_text,9202
novel_illustration,9200
print_pantyhose,9176
red_trim,9166
tomoe_mami_(magical_girl),9151
a.i._voice,9133
winter_coat,9132
mixed-sex_bathing,9120
throne,9119
tamamo_no_mae_(fate),9119
columbina_(genshin_impact),9118
nintendo_switch,9116
arm_rest,9113
wine_bottle,9112
open_door,9109
muted_colors,9108
suggestive_fluid,9101
boat,9092
chun-li,9085
road_sign,9082
helltaker,9081
grapes,9075
scar_on_nose,9074
breast_curtains,9072
panty_&_stocking_with_garterbelt,9066
aqua_bowtie,9065
breast_lift,9056
fur_hat,9053
drawing_(object),9052
green_coat,9046
animal_feet,9042
doorway,9039
black_leggings,9035
energy_sword,9019
reverse_suspended_congress,9015
machine_gun,9013
aikatsu!_(series),9008
blue_sash,9007
street_fighter_6,9006
demon_slayer_uniform,9001
lion_girl,8990
bilingual_commentary,8985
hinoshita_kaho,8983
jacket_around_waist,8982
kinomoto_sakura,8981
asymmetrical_footwear,8976
leotard_aside,8974
blue_pupils,8974
patreon_reward,8972
holding_another's_arm,8969
bad_deviantart_id,8966
kobayashi-san_chi_no_maidragon,8954
anchor_hair_ornament,8953
bicycle,8947
take_your_pick,8945
ace_attorney,8941
double_handjob,8938
ryuujou_(kancolle),8938
paper_fan,8926
kaito_(vocaloid),8926
bubble_skirt,8925
pointing_up,8924
hirasawa_yui,8922
wise_(zenless_zone_zero),8916
toramaru_shou,8909
coattails,8902
pouring,8902
twilight,8900
spider-man_(series),8892
pun,8887
mole_on_thigh,8884
thorns,8880
goggles_on_headwear,8874
looking_at_phone,8873
stick,8872
backwards_hat,8872
yuruyuri,8869
one-punch_man,8866
elbow_pads,8847
kotatsu,8846
playing_video_games,8845
hand_on_another's_chest,8844
untied_bikini_top,8843
non-humanoid_robot,8839
male_masturbation,8830
holding_dagger,8829
locker,8827
himekaidou_hatate,8823
tracen_training_uniform,8822
animal_penis,8821
striped_scarf,8819
crab,8818
tomoe_(symbol),8817
hand_on_another's_thigh,8813
red_cloak,8813
school,8801
male_maid,8792
tail_ribbon,8789
female_pov,8774
bird_girl,8771
matoi_ryuuko,8763
caelus_(honkai:_star_rail),8762
baby,8761
two-tone_skirt,8761
hands_on_another's_shoulders,8758
daiwa_scarlet_(umamusume),8756
pointy_hair,8753
tokiwadai_school_uniform,8751
beak,8748
rose_petals,8747
bandage_over_one_eye,8746
halftone_background,8737
jeanne_d'arc_(fate),8734
forked_eyebrows,8733
pussy_peek,8732
rosa_(pokemon),8732
white_halo,8724
sake,8724
may_(pokemon),8723
hands_on_another's_face,8721
miki_sayaka_(magical_girl),8720
shore,8720
gridman_universe,8720
white_cloak,8716
spider_lily,8715
ringlets,8704
planted_sword,8700
aqua_dress,8697
arm_hair,8696
brown_horns,8695
facing_to_the_side,8683
prosthetic_arm,8678
no_socks,8677
dressing,8675
cropped_shoulders,8674
hands_in_own_hair,8673
crazy_eyes,8667
crowd,8664
orgy,8652
chest_belt,8646
unmoving_pattern,8645
off-topic,8643
mask_pull,8637
grey_fur,8624
bike_shorts_under_skirt,8619
armchair,8618
side_cutout,8617
holding_doll,8613
pokemon_omega_ruby_and_alpha_sapphire,8609
murasa_minamitsu,8608
punishing:_gray_raven,8605
black_bridal_gauntlets,8603
ladle,8598
purple_gem,8597
purple_wings,8591
cable_knit,8590
u_u,8584
reverse_grip,8581
mushoku_tensei,8581
letter,8578
otonokizaka_school_uniform,8574
striped_ribbon,8571
power_armor,8568
unsheathing,8566
soap_bubbles,8550
spring_onion,8548
lipstick_mark,8548
texas_(arknights),8545
princess_peach,8545
urethra,8539
black_headband,8538
strap_pull,8537
snowman,8531
mechanical_wings,8524
mejiro_mcqueen_(umamusume),8523
pink_sleeves,8518
orange_nails,8517
taut_shirt,8516
dimples_of_venus,8507
love_live!_superstar!!,8504
wedgie,8496
test_tube,8495
unworn_mask,8494
pink_leotard,8494
penis_on_face,8485
senran_kagura_new_wave,8479
damaged,8477
red_scrunchie,8472
breast_tattoo,8468
ceiling,8467
dress_flower,8462
gears,8461
on_bench,8457
yellow_rose,8455
art_program_in_frame,8455
romaji_text,8454
fighting,8452
sunny_(omori),8452
karin_(blue_archive),8444
shooting_star,8443
bakemonogatari,8443
green_scarf,8440
in-franchise_crossover,8439
purple_cape,8435
purple_choker,8429
clover,8426
x-shaped_pupils,8415
keqing_(genshin_impact),8411
bursting_breasts,8411
peeking_out,8407
noa_(blue_archive),8404
nishikigi_chisato,8403
venti_(genshin_impact),8400
mythra_(xenoblade),8399
hunter_x_hunter,8399
leaf_print,8396
kaku_seiga,8391
has_bad_revision,8386
transformation,8385
flower_earrings,8385
yukkuri_shiteitte_ne,8383
nishikino_maki,8382
glitch,8379
jar,8374
no_nipples,8367
blue_pantyhose,8364
chick,8359
spread_anus,8358
cross_scar,8357
serval_(kemono_friends),8357
colored_pubic_hair,8357
office_chair,8354
twisted_wonderland,8353
frilled_socks,8349
midoriya_izuku,8348
orange_ribbon,8347
karakasa_obake,8342
brown_scarf,8339
orange_necktie,8337
gilgamesh_(fate),8336
pocket_watch,8335
underboob_cutout,8333
silk,8331
albino,8328
reverse_trap,8326
breast_suppress,8318
plana_(blue_archive),8318
takamachi_nanoha,8309
houshou_(kancolle),8305
imminent_rape,8304
ship,8295
black_cardigan,8294
x-men,8289
dragon_print,8288
chewing_gum,8287
red_pantyhose,8287
see-through_veil,8281
polka_dot_panties,8276
paimon_(genshin_impact),8275
stellive,8273
orange_bowtie,8272
the_hundred_line_-last_defense_academy-,8272
ookami_mio,8272
female_pervert,8270
shop,8270
ribbed_shirt,8268
big_belly,8264
middle_finger,8261
spoken_squiggle,8258
robot_girl,8257
brown_sweater_vest,8254
metroid,8254
butterfly_wings,8253
after_fellatio,8251
naked_ribbon,8236
joseph_joestar,8234
sanrio,8234
orange-tinted_eyewear,8233
pirate_hat,8230
strapless_bikini,8214
diamond_wa_kudakenai,8211
basil_(omori),8205
flip-flops,8202
evolutionary_line,8199
thinking,8195
macaron,8192
yume_kawaii,8191
imminent_vaginal,8191
kafuu_chino,8190
lake,8187
green_sleeves,8175
trench_coat,8173
locked_arms,8168
crossed_ankles,8164
imagining,8154
penis_awe,8154
american_flag_print,8153
stomach_cutout,8151
tower,8150
hydrangea,8141
death,8139
closed_umbrella,8134
pendant_choker,8126
marnie_(pokemon),8117
huge_nipples,8115
high_school_dxd,8114
anal_tail,8104
green_thighhighs,8103
green_hairband,8102
monkey_d._luffy,8101
pink_bag,8095
torn_skirt,8091
egg_vibrator,8090
ai-assisted,8087
synthesizer_v,8086
large_tail,8086
poking,8083
anus_peek,8082
lower_body,8077
kyuubi,8075
taur,8072
bandaged_head,8069
yellow_theme,8057
purple_boots,8052
lion_tail,8050
spoken_anger_vein,8043
feather_hair,8042
opaque_glasses,8042
gold_chain,8040
hilda_(pokemon),8040
wrist_ribbon,8040
frilled_one-piece_swimsuit,8039
shotgun,8039
body_blush,8038
hata_no_kokoro,8030
shikishi,8030
tomato,8026
bleeding,8026
concept_art,8022
suletta_mercury,8017
envelope,8013
puddle,8007
breast_envy,8006
unworn_helmet,8005
kafka_(honkai:_star_rail),8004
red_rope,8003
orange_hat,8003
business_suit,7999
armpit_peek,7998
sono_bisque_doll_wa_koi_wo_suru,7996
to_heart_(series),7995
greco-roman_clothes,7991
jirai_kei,7982
purple_shorts,7978
toilet,7972
bear,7966
saihara_shuichi,7964
ring_piercing,7962
denji_(chainsaw_man),7961
holding_paintbrush,7959
pentagram,7955
spoken_interrobang,7952
fatal_fury,7947
quiver,7947
irrumatio,7945
sleeveless_sweater,7942
okita_souji_(fate),7941
yellow_skin,7939
lying_on_person,7935
assault_visor,7934
glowstick,7923
wet_panties,7922
horseshoe_ornament,7922
deepthroat,7913
aqua_skirt,7906
multicolored_skirt,7897
lemon,7896
oozora_subaru,7882
cow_print_gloves,7881
gym_shorts,7878
inverted_bob,7873
red-tinted_eyewear,7871
rabbit_pose,7865
blue_cardigan,7865
garreg_mach_monastery_uniform,7859
oyama_mahiro,7859
reflective_liquid,7858
okobo,7857
sparkle_(honkai:_star_rail),7852
samus_aran,7852
blue_serafuku,7851
yellow_kimono,7849
suction_cups,7848
folded_fan,7841
color_guide,7836
arona_(blue_archive),7831
stand_(jojo),7831
ore_no_imouto_ga_konna_ni_kawaii_wake_ga_nai,7829
miniboy,7827
diffraction_spikes,7825
blue_lips,7823
yazawa_nico,7812
cat_paws,7811
arm_hug,7801
tojo_nozomi,7799
flaccid,7796
hairpods,7791
hoshimi_miyabi,7790
emiya_shirou,7779
quad_tails,7778
colorful,7772
finger_gun,7771
iseri_nina,7770
colored_blood,7768
orange_gloves,7765
saki_(manga),7763
murakumo_(kancolle),7760
full_cleavage,7757
upright_straddle,7755
shuten_douji_(fate),7754
procreate_(medium),7748
hooded_capelet,7748
bra_peek,7745
holding_baseball_bat,7743
sonoda_umi,7741
grey_panties,7741
adachi_rei,7734
large_hat,7732
amane_kanata,7729
amatsukaze_(kancolle),7727
momoi_(blue_archive),7725
dancer,7724
kiana_kaslana,7723
cat_hood,7722
spider_web,7708
mechanical_tail,7706
lowleg_panties,7702
debris,7699
ijichi_nijika,7694
shiina_taki,7693
fat_mons,7690
hairy,7689
deer_ears,7687
bangs_pinned_back,7687
sleeve_bow,7685
purple_sailor_collar,7683
lock,7679
frilled_kimono,7678
reindeer_antlers,7668
mitsudomoe_(shape),7666
waterfall,7665
holding_basket,7663
argyle_background,7662
triangle_hair_ornament,7662
dress_pull,7656
low-tied_sidelocks,7653
kujo_jotaro,7652
flashing,7652
bolt_action,7648
grey_sky,7646
after_anal,7646
brown_sandals,7643
ibaraki_kasen,7642
holding_flag,7642
fog,7637
arm_around_another's_waist,7635
shiori_novella,7633
yukihana_lamy,7627
astolfo_(fate),7627
nagae_iku,7620
whistle_around_neck,7616
tail_through_clothes,7614
kemono_friends_3,7614
nico_robin,7612
winged_arms,7612
plaid_bowtie,7606
cynthia_(pokemon),7602
aru_(blue_archive),7599
food_on_body,7598
gawr_gura_(1st_costume),7597
carrot_hair_ornament,7593
hibike!_euphonium,7586
see-through_silhouette,7580
nanashi_inc.,7574
pizza,7573
yamato_(kancolle),7567
cat_cutout,7565
subtitled,7563
tainaka_ritsu,7554
fusion,7548
red_armor,7546
arm_around_neck,7541
komaeda_nagito,7540
hanako_(blue_archive),7526
tiger_&_bunny,7524
too_many,7523
towel_on_head,7523
holding_hammer,7519
w_arms,7519
miyako_yoshika,7518
hose,7518
misumi_uika,7513
unbuttoned_shirt,7511
white_sash,7510
red_bag,7498
nostrils,7497
fujishima_megumi,7490
pixiv_fantasia,7486
yellow_panties,7486
white_trim,7485
colored_pencil_(medium),7480
nerissa_ravencroft,7479
blue_tail,7478
earth_(planet),7478
chef_hat,7476
shibari_over_clothes,7476
saotome_ranma,7476
domino_mask,7475
tengu-geta,7474
novelty_censor,7472
circle,7470
clothed_pokemon,7470
command_spell,7463
marvel_rivals,7463
to_love-ru,7462
paizuri_under_clothes,7460
shibuya_rin,7456
hakos_baelz,7452
kurokote,7449
purple_sash,7449
bone_hair_ornament,7447
aroused,7444
yukikaze_(kancolle),7443
spacesuit,7443
wizard_hat,7436
gourd,7434
ushio_(kancolle),7434
mechanical_legs,7433
panty_straps,7431
fruit_print,7429
striped_pants,7429
christmas_ornaments,7422
frilled_wrist_cuffs,7420
black_shrug,7419
father_and_son,7418
energy_gun,7418
wakaba_mutsumi,7412
cracked_skin,7411
short_bangs,7404
spacecraft,7404
parfait,7403
white_tail,7402
clothed_animal,7401
bangboo_(zenless_zone_zero),7392
rubber_duck,7391
bakugou_katsuki,7375
baobhan_sith_(fate),7371
butt_plug,7368
hair_flowing_over,7368
knees_to_chest,7362
shouji,7360
mandarin_orange,7359
apex_legends,7355
tartaglia_(genshin_impact),7353
frilled_capelet,7353
hooded_cape,7352
yellow_horns,7347
cheek-to-cheek,7346
spread_ass,7336
star_halo,7335
kamisato_ayaka,7333
elsword,7332
leg_hair,7326
hagoromo,7326
two-tone_bow,7325
on_throne,7323
hair_horns,7320
warship_girls_r,7318
trident,7317
bikini_top_lift,7316
clownpiece,7307
watson_amelia,7303
guro,7301
paint_splatter,7299
glowing_weapon,7298
holding_behind_back,7294
purple_tail,7290
kawaragi_momoka,7289
sword_on_back,7289
super_saiyan,7289
inugami_korone,7286
beer_can,7286
holding_cat,7285
roots_(hair),7282
white_scrunchie,7280
sheep_girl,7272
saber_alter,7271
bustier,7270
violin,7268
two-footed_footjob,7268
white_eyelashes,7260
surgical_mask,7258
miorine_rembran,7253
ayase_eli,7253
sandwich,7247
shirogane_noel,7246
flexible,7246
biting_own_lip,7245
single_hair_ring,7243
multicolored_horns,7242
numbered,7238
bodypaint,7237
framed_breasts,7235
small_horns,7227
grabbing_another's_thighs,7219
tokusatsu,7214
animal_ear_headwear,7212
thick_eyelashes,7212
>:(,7210
gloom_(expression),7209
sideless_outfit,7208
white_mask,7205
otomune_kozue,7203
kasodani_kyouko,7192
gundam_seed,7192
klee_(genshin_impact),7190
soga_no_tojiko,7183
heart_o-ring,7181
clothing_request,7179
wa_maid,7179
eevee,7177
sheep_ears,7175
archer_(fate),7174
condom_in_mouth,7174
fishing_rod,7173
inazuma_eleven_go,7173
tongue_piercing,7172
text_background,7171
bandaids_on_nipples,7169
flustered,7168
dead_or_alive,7168
:>=,7165
atago_(kancolle),7165
puckered_lips,7163
song_name,7158
morrigan_aensland,7157
horizontal_pupils,7153
sua_(alien_stage),7149
pokemon_firered_and_leafgreen,7147
one-piece_swimsuit_pull,7144
spread_toes,7139
holding_pokemon,7138
little_busters!,7136
son_goku,7135
egasumi,7134
milk,7128
momose_ginko,7127
magazine_scan,7127
wolf_cut,7123
spade_(shape),7121
pancake,7121
pince-nez,7115
drum,7114
covered_face,7112
no_pussy,7109
plectrum,7105
junko_(touhou),7103
seagull,7100
lappland_(arknights),7095
kurodani_yamame,7092
pussy_juice_trail,7087
hard-translated,7087
two-tone_bikini,7086
swimsuit_aside,7085
pink_fur,7085
obiage,7081
black_apron,7080
pink_hoodie,7080
twitter_logo,7076
cupcake,7072
library,7072
single_fingerless_glove,7071
kumoi_ichirin,7066
tokai_teio_(umamusume),7065
goggles_around_neck,7063
holding_game_controller,7062
sakura_kyoko_(magical_girl),7060
white_suit,7058
birthday_cake,7056
cat_lingerie,7054
pink_apron,7053
finger_to_cheek,7048
2023,7046
shoulder_spikes,7046
yoga_pants,7046
bullet,7043
skates,7043
letterman_jacket,7042
holding_gohei,7042
sakamata_chloe,7040
pussy_juice_stain,7038
tissue_box,7038
library_of_ruina,7036
1980s_(style),7033
hand_under_clothes,7029
aqua_neckerchief,7028
strapless_shirt,7027
yahata_umiri,7023
notched_ear,7021
white_cardigan,7013
cu_chulainn_(fate),7011
watashi_ga_motenai_no_wa_dou_kangaetemo_omaera_ga_warui!,7010
hair_tie_in_mouth,7009
holding_clipboard,7008
kaguya-sama_wa_kokurasetai_~tensai-tachi_no_renai_zunousen~,7008
yellow_boots,7003
murano_sayaka,7002
kamitsubaki_studio,7000
maid_bikini,6997
octopus,6991
bag_charm,6988
aiming_at_viewer,6987
fur-trimmed_hood,6986
duck,6983
ako_(blue_archive),6982
turtleneck_dress,6981
nishizumi_maho,6979
smelling,6979
paper_bag,6975
button_badge,6968
akebono_(kancolle),6968
piggyback,6964
overskirt,6964
milestone_celebration,6962
toe_scrunch,6959
meiko_(vocaloid),6958
spoken_character,6955
talons,6955
feather_boa,6945
vegetable,6943
orange_shorts,6937
shoukaku_(kancolle),6937
rapier,6933
sheep,6933
burn_scar,6932
white-framed_eyewear,6927
pink_socks,6921
brand_name_imitation,6919
joseph_joestar_(young),6916
nontraditional_playboy_bunny,6915
green_boots,6913
heart_balloon,6909
microdress,6909
yellow-framed_eyewear,6909
asuna_(bunny)_(blue_archive),6908
au_ra,6904
hasumi_(blue_archive),6902
kingdom_hearts,6901
impossible_shirt,6896
latex_bodysuit,6895
uneven_horns,6892
crescent_earrings,6889
green_hoodie,6885
2024,6885
after_kiss,6880
matou_sakura,6878
skadi_(arknights),6874
mizi_(alien_stage),6872
cage,6868
kunai,6868
black_garter_straps,6862
eyepatch_bikini,6861
borrowed_clothes,6860
spitroast,6859
blue_bag,6859
red_hoodie,6858
holding_smoking_pipe,6855
dungeon_ni_deai_wo_motomeru_no_wa_machigatteiru_darou_ka,6854
wiffle_gag,6849
floor,6847
hand_on_own_leg,6843
sparse_pubic_hair,6842
pokephilia,6840
city_lights,6837
cum_pool,6837
tsukino_usagi,6833
skin_fangs,6825
character_profile,6825
kisaragi_chihaya,6822
disgaea,6821
small_penis,6820
black_feathers,6819
unaligned_breasts,6819
danmaku,6819
cum_on_legs,6816
pink_pants,6814
puffy_detached_sleeves,6814
holostars,6809
hoshii_miki,6788
megaphone,6783
romper,6777
angel_beats!,6775
stage_lights,6772
latin_cross,6772
impossible_bodysuit,6767
holding_guitar,6766
hand_over_own_mouth,6766
gloria_(pokemon),6766
inoue_takina,6765
brown_ribbon,6765
suzuran_(arknights),6763
northern_ocean_princess,6763
omniscient_reader's_viewpoint,6760
dragon_ball_super,6760
ssss.gridman,6758
flower_pot,6758
swimming,6755
tekken,6751
sleepwear,6750
acheron_(honkai:_star_rail),6750
watanabe_you,6749
sparkle_background,6745
>_o,6741
bar_(place),6739
fisheye,6739
anya_(spy_x_family),6738
sekibanki,6734
ooyodo_(kancolle),6730
constellation,6725
briefcase,6718
cuts,6716
aqua_(konosuba),6716
treble_clef,6709
two-tone_bodysuit,6707
spanked,6705
leaning,6701
magazine_(weapon),6701
very_long_tail,6701
evening_gown,6701
bat_print,6701
pripara,6701
head_back,6701
black_sweater_vest,6701
black_scrunchie,6701
darjeeling_(girls_und_panzer),6699
unworn_bra,6698
thigh_pouch,6697
resized,6693
throwing,6689
bandaged_neck,6688
kieran_(pokemon),6687
eastern_dragon,6687
oshino_shinobu,6686
kijin_seija,6684
wide_spread_legs,6679
heart_tattoo,6679
hinata_hajime,6674
orange_fur,6673
animal_crossing,6671
hk416_(girls'_frontline),6670
white_leg_warmers,6668
hand_on_another's_hip,6666
ancient_greek_clothes,6658
gloved_handjob,6655
candy_apple,6654
mahou_shoujo_lyrical_nanoha_a's,6652
cheese,6649
embers,6648
holding_lantern,6646
horned_helmet,6645
power_(chainsaw_man),6643
shinosawa_hiro,6640
yellow_belt,6639
black_rock_shooter,6638
sailor,6636
string_of_fate,6636
harpy,6636
jingasa,6634
cosmetics,6634
spider_web_print,6630
snake_tail,6620
ebifurya,6616
white_sports_bra,6614
ribbon-trimmed_thighhighs,6612
tiger,6611
mordred_(fate),6611
platform_shoes,6610
bulletproof_vest,6610
amagami,6606
flute,6601
checkered_skirt,6600
remote_control,6599
purple_serafuku,6596
oguri_cap_(umamusume),6596
shide,6592
finger_in_another's_mouth,6589
oversized_shirt,6585
upturned_eyes,6581
unworn_shirt,6581
fire_emblem:_the_blazing_blade,6579
nude_cover,6578
black_hanfu,6578
frying_pan,6576
flame-tipped_tail,6576
nozomi_(blue_archive),6575
surreal,6573
soccer_uniform,6569
fullmetal_alchemist,6569
thong_leotard,6564
unsheathed,6564
minamoto_no_raikou_(fate),6564
triangle_earrings,6561
scope,6559
screenshot_inset,6555
popsicle_in_mouth,6555
gown,6552
showering,6550
teacher,6548
yamada_ryo,6548
multiple_braids,6547
bass_guitar,6543
bb_(fate),6543
osawa_rurino,6542
aki_minoriko,6542
wrench,6538
cum_on_stomach,6534
calligraphy_brush,6534
fire_emblem:_radiant_dawn,6533
stuffed_cat,6533
purple_scarf,6532
gaping,6524
red_moon,6522
incredibly_absurdres,6518
two-handed,6518
heart_facial_mark,6516
holding_syringe,6516
holding_arrow,6514
pen_(medium),6514
kitakami_(kancolle),6514
head-mounted_display,6504
checkered_scarf,6503
writing,6501
police_hat,6501
prone_bone,6498
multiple_4koma,6496
splatoon_1,6495
izumi_konata,6494
holding_handheld_game_console,6494
mage_staff,6493
grey_bow,6493
kanna_(blue_archive),6493
soldier,6492
shishiro_botan,6491
mahou_shoujo_madoka_magica:_hangyaku_no_monogatari,6491
harem_outfit,6489
steamed_bun,6489
shortstack,6488
hiiragi_kagami,6488
lily_pad,6486
2025,6485
instagram_username,6480
green_leotard,6478
arcueid_brunestud,6478
request_inset,6475
broken_glass,6474
purple_bodysuit,6466
pointy_nose,6463
shoujo_kageki_revue_starlight,6462
sushi,6457
gold_choker,6451
petting,6450
side_cape,6449
crote,6449
to_heart_2,6445
;q,6443
finger_on_trigger,6442
midori_(blue_archive),6442
pink_eyeshadow,6442
striped_sleeves,6440
multiple_crossover,6439
purple_sky,6427
holding_sheath,6426
scar_on_forehead,6426
scowl,6424
lobotomy_corporation,6422
roronoa_zoro,6421
lance,6418
raincoat,6416
taihou_(azur_lane),6414
pearl_earrings,6413
kitagawa_marin,6413
2022,6413
hieda_no_akyuu,6405
white_bag,6404
cooperative_fellatio,6403
holding_underwear,6403
cat_hat,6402
ceiling_light,6399
french_fries,6394
eula_(genshin_impact),6393
kanzashi,6392
trash_can,6391
train,6387
driving,6386
white_sandals,6385
kal'tsit_(arknights),6378
hand_on_another's_neck,6378
ikari_shinji,6376
shenhe_(genshin_impact),6375
blue_horns,6375
clannad,6374
crescent_pin,6367
happy_halloween,6363
aikatsu!,6361
strangling,6357
dio_brando,6357
pink_scrunchie,6357
tusks,6354
pill,6351
dandadan,6349
plaid_necktie,6346
aqua_ribbon,6345
banana,6344
tiger_boy,6335
amami_haruka,6334
fluffy,6333
white_nails,6332
reverse_upright_straddle,6331
rensouhou-chan,6329
mirko,6329
ishmael_(project_moon),6325
saori_(blue_archive),6323
light_trail,6322
yellow_trim,6321
assisted_exposure,6313
cream,6313
torn_sleeves,6313
mismatched_footwear,6312
needy_girl_overdose,6310
squirrel_ears,6309
candlestand,6308
megami_magazine,6307
chips_(food),6307
deer_antlers,6306
lamia,6304
official_alternate_hair_color,6302
ash_ketchum,6301
hallway,6299
mechanical_horns,6297
two-tone_swimsuit,6297
rooftop,6297
map,6292
frilled_pillow,6291
silence_suzuka_(umamusume),6290
falling_feathers,6290
head_grab,6288
bodysuit_under_clothes,6286
dirty_face,6285
staring,6284
instant_loss,6283
red_(pokemon),6277
itsumi_erika,6271
clothes_in_mouth,6270
gekkoukan_high_school_uniform,6270
yellow_sash,6269
layered_bikini,6269
banner,6269
defloration,6268
asashio_(kancolle),6266
chicken,6266
cone_horns,6266
1koma,6260
on_shoulder,6258
shrine,6258
multiple_scars,6252
grey_tail,6249
blue_apron,6244
puppet,6243
soda_can,6240
on_table,6240
fire_emblem:_genealogy_of_the_holy_war,6240
phase_connect,6231
sandrone_(genshin_impact),6226
jellyfish,6223
mario,6223
morgan_le_fay_(fate),6223
gintama,6222
piano,6221
pink_belt,6220
white_hanfu,6219
ribbon-trimmed_skirt,6216
mating_press,6213
purple_sweater,6211
leg_lock,6209
clover_hair_ornament,6208
stylus,6208
afloat,6208
tsundere,6208
holding_sack,6205
xiao_(genshin_impact),6200
bandaid_hair_ornament,6198
strappy_heels,6198
holding_sign,6194
brown_capelet,6192
covered_abs,6191
bikini_tan,6190
fuwawa_abyssgard,6190
behind_another,6187
don_quixote_(project_moon),6187
date_a_live,6181
omelet,6181
red_bandana,6178
nipple_rings,6175
sonic_the_hedgehog,6175
holding_plectrum,6167
splatoon_2,6165
hikari_(blue_archive),6162
aubrey_(omori),6161
houshou_marine_(1st_costume),6160
mutsuki_(blue_archive),6157
swim_trunks,6154
colored_bangs,6152
tall_female,6151
holding_swim_ring,6151
humiliation,6151
white_bird,6149
employee_uniform,6149
exercising,6148
straddling_paizuri,6146
hand_grab,6142
flower_ornament,6140
energy_wings,6137
fewer_digits,6136
hickey,6133
torn_bodysuit,6130
sun_symbol,6129
happy_valentine,6126
polka_dot_bikini,6126
bird_on_head,6122
unamused,6118
sideways,6115
contrail,6112
lotus,6107
mococo_abyssgard,6107
stone_ocean,6106
disposable_coffee_cup,6106
multicolored_hairband,6101
mochi,6096
multicolored_fur,6095
medal,6092
chain_leash,6090
unusually_open_eyes,6087
grey_border,6087
fellatio_gesture,6084
toy,6080
lowleg_bikini,6080
bubble_tea,6079
asuna_(sao),6078
magazine_cover,6077
virgin_killer_sweater,6075
car_interior,6075
in_box,6074
electric_fan,6074
lace_panties,6073
tucking_hair,6073
shoulder_boards,6072
emoji,6069
teardrop_facial_mark,6068
looking_over_eyewear,6066
yellow_vest,6058
pink_tail,6057
transformers,6053
kindergarten_uniform,6050
stained_glass,6048
see-through_skirt,6047
red_umbrella,6044
feather_earrings,6043
:i,6038
dusk,6037
darling_in_the_franxx,6031
worried,6028
character_print,6023
striped_tail,6023
orange_hairband,6022
body_freckles,6021
string_of_flags,6020
princess,6020
new_super_mario_bros._u_deluxe,6016
pompadour,6015
prinz_eugen_(kancolle),6010
sleeves_pushed_up,6009
serena_(pokemon),6008
goat_ears,6002
diamond_hairband,5999
batman_(series),5999
holding_another's_leg,5998
gundam_00,5997
ok_sign,5996
silver_wolf_(honkai:_star_rail),5994
roswaal_mansion_maid_uniform,5992
praying,5990
flower_symbol,5988
strap_between_breasts,5981
shark_hair_ornament,5976
flask,5973
super_crown,5970
torn_cape,5966
ejaculating_while_penetrated,5966
basketball_(object),5965
red_fur,5964
gumi,5964
denim_skirt,5962
macross_frontier,5961
nilou_(genshin_impact),5960
brown_sailor_collar,5956
profanity,5953
phantasy_star,5952
ramen,5951
bound_ankles,5946
lineup,5946
bow_choker,5944
single_kneehigh,5942
brown_cape,5942
torn_shorts,5941
haneoka_school_uniform,5941
cyberpunk_(series),5939
clitoral_stimulation,5934
xenoblade_chronicles_3,5933
toki_(bunny)_(blue_archive),5925
len'en,5923
shiranui_mai,5923
infinity_nikki,5922
cumulonimbus_cloud,5920
higuchi_madoka,5916
needle,5913
doki_doki_literature_club,5907
blue_eyeshadow,5905
kotobuki_tsumugi,5905
plastic_bag,5903
dark_souls_(series),5900
chest_strap,5898
squirrel_tail,5892
bandaid_on_arm,5891
la+_darknesss,5889
path_to_nowhere,5889
suspender_shorts,5889
mutsu_(kancolle),5888
reflection_focus,5886
golden_kamuy,5884
eyebrow_piercing,5882
kaban_(kemono_friends),5882
game_console,5879
kikuchi_makoto,5878
smell,5877
slime_(creature),5875
anyoji_hime,5872
sukuna_shinmyoumaru,5871
toon_(style),5869
fake_phone_screenshot,5867
c.c.,5865
dokidoki!_precure,5865
shovel,5856
hands_on_own_head,5856
confused,5853
anchovy_(girls_und_panzer),5851
mobile_suit_gundam,5850
holding_condom,5850
irys_(hololive),5848
hiding,5847
minami_kotori,5846
stray_pubic_hair,5843
ruu_(tksymkw),5837
itomugi-kun,5836
user_interface,5835
cookie_run,5834
medusa_(fate),5834
graffiti,5832
suspension,5831
purple-tinted_eyewear,5831
bkub,5829
seashell,5827
pudding,5826
marcille_donato,5824
hecatia_lapislazuli,5823
food_on_head,5823
yahari_ore_no_seishun_lovecome_wa_machigatteiru.,5818
cum_on_penis,5816
puyopuyo,5816
diamond_cutout,5813
monkey_tail,5812
blue-framed_eyewear,5808
stitched_face,5805
kris_(deltarune),5803
spanish_commentary,5802
green_neckerchief,5796
boo_tao_(genshin_impact),5794
hand_on_another's_ass,5793
partially_shaded_face,5792
arlecchino_(genshin_impact),5789
newspaper,5789
cammy_white,5786
futatsuiwa_mamizou,5786
quill,5786
patterned_clothing,5786
yugiri_tsuzuri,5784
grey_sleeves,5780
black_hakama,5775
queen's_blade,5774
purple_eyeshadow,5766
nipple_bar,5766
lace-trimmed_dress,5764
aqua_jacket,5764
arch,5762
collage,5760
meitantei_conan,5759
paw_shoes,5757
grey_kimono,5757
grandmaster_of_demonic_cultivation,5757
grey_horns,5756
bad_nicoseiga_id,5751
angelina_(arknights),5748
uneven_gloves,5744
kiseru,5744
sephiroth,5743
star_wars,5742
artoria_pendragon_(lancer)_(fate),5740
tally,5738
blue_armor,5736
back_tattoo,5733
segmented_comic,5731
nijigasaki_school_uniform,5730
letty_whiterock,5730
iono_(pokemon),5729
dice,5729
chinese_knot,5728
hill,5725
bat_hair_ornament,5725
mohawk,5724
public_nudity,5722
flats,5719
white_shrug,5719
green_bra,5717
yellow_hoodie,5716
red_tattoo,5714
pink-tinted_eyewear,5706
snot,5702
ice_cube,5700
raiden_mei,5700
untied_bikini_bottom,5699
owl,5698
matching_outfits,5698
horned_headwear,5696
narukami_yu,5691
speaker,5690
twitching_penis,5687
arched_bangs,5687
heart_hands_duo,5684
daisy_(flower),5683
striped_horns,5683
aki_shizuha,5682
female_admiral_(kancolle),5682
multicolored_shoes,5680
orange_neckerchief,5676
black_pubic_hair,5671
skirt_suit,5671
mascara,5671
crazy_smile,5669
tatsuta_(kancolle),5669
four-leaf_clover,5669
corpse,5660
heartcatch_precure!,5659
nightcap,5655
qingdai_guanmao,5655
school_emblem,5653
gojo_satoru,5647
pussyjob,5643
drumsticks,5642
neru_(blue_archive),5641
black_rose,5641
cigar,5641
furry_with_furry,5640
flower_knight_girl,5639
2021,5638
blank_censor,5637
exusiai_(arknights),5636
arm_held_back,5634
screentones,5632
tokyo-3_middle_school_uniform,5631
twirling_hair,5628
holding_ice_cream,5627
takao_(kancolle),5625
screaming,5624
snowflake_print,5624
open_dress,5623
ceres_fauna,5622
hammer_(sunset_beach),5619
cuddling,5617
scratches,5613
jealous,5612
ruffle_bikini,5612
path,5611
ereshkigal_(fate),5609
aran_sweater,5606
fire_emblem:_path_of_radiance,5606
ooi_(kancolle),5605
shijou_takane,5604
chainsaw,5601
cross-laced_dress,5600
sendai_(kancolle),5598
earbuds,5596
mp3_player,5592
computer_mouse,5592
attacking_viewer,5592
steel_ball_run,5590
brown_socks,5589
houseki_no_kuni,5587
diagonal-striped_bowtie,5586
yumemi_riamu,5584
fishnet_top,5584
musashi_(kancolle),5584
slime_girl,5583
adam's_apple,5582
rabbit_boy,5579
spread_fingers,5577
basil_(faraway)_(omori),5575
on_lap,5573
okita_souji_(koha-ace),5571
untucked_shirt,5559
uzumaki_naruto,5551
love_live!_school_idol_festival,5544
pink_pajamas,5544
monster_musume_no_iru_nichijou,5544
ryouou_school_uniform,5542
dreadlocks,5539
lifting_another's_clothes,5539
yellow_coat,5536
title,5534
fanbox_username,5533
crotch_rope,5532
halo_behind_head,5530
dungeons_&_dragons,5521
sleep_mask,5521
grenade,5521
rudder_footwear,5518
stocking_(psg),5516
pink_coat,5510
slave,5509
puzzle_&_dragons,5504
character_hair_ornament,5503
bullpup,5502
adjusting_swimsuit,5500
grey-framed_eyewear,5498
haikyuu!!,5498
pinching,5497
bismarck_(kancolle),5495
candy_cane,5489
utaite,5489
bread_slice,5488
tulip,5488
looking_at_mirror,5486
nice_nature_(umamusume),5485
smokestack,5485
cheating_(relationship),5481
korean_clothes,5480
veiny_arms,5479
blue_hakama,5478
mouth_veil,5475
deer_girl,5473
edelgard_von_hresvelg,5470
platform_boots,5470
riding_crop,5469
impregnation,5469
satono_diamond_(umamusume),5468
aqua_bikini,5467
gas_mask,5465
sink,5464
left-handed,5464
clothes_hanger,5464
instrument_case,5464
yuuki_makoto_(persona_3),5460
squirrel_girl,5457
yurucamp,5454
hugging_doll,5449
devil_may_cry_(series),5447
senketsu,5447
rabbit_hood,5446
purple_horns,5445
caesar_anthonio_zeppeli,5445
thigh_sex,5443
white_armor,5442
holding_pencil,5441
bremerton_(azur_lane),5440
akashi_(kancolle),5440
miyu_(blue_archive),5438
fluffy_hair,5436
orange_kimono,5436
crossed_bandaids,5433
multicolored_swimsuit,5432
haruno_sakura,5430
condom_on_penis,5428
yoko_littner,5427
frogtie,5426
shirasaka_koume,5426
party_hat,5425
ring_light_reflection,5422
nose_piercing,5422
goldfish,5422
nakiri_ayame,5421
alternate_skin_color,5416
yellow_scrunchie,5415
vshojo,5414
skullgirls,5414
kachimachi_kosuzu,5413
cat_print,5409
multiple_bracelets,5408
perky_breasts,5404
uchiwa,5401
dove,5397
hooves,5394
kagerou_project,5393
osomatsu_(series),5393
the_legend_of_zelda:_twilight_princess,5387
mega_man_(classic),5384
long_shirt,5383
shiranui_(kancolle),5382
high_side_ponytail,5379
brown_hairband,5379
bloom,5373
lucina_(fire_emblem),5371
figure,5369
heart-shaped_pillow,5360
belly_chain,5359
eastern_dragon_horns,5359
pantylines,5358
attack,5358
toothbrush,5356
sazanami_(kancolle),5356
beach_towel,5352
pokemon_(classic_anime),5352
sake_bottle,5351
rug,5351
desert,5350
purple_belt,5350
rubbing_eyes,5349
o-ring_bottom,5348
screenshot,5347
d.va_(overwatch),5347
print_bow,5346
spill,5346
wet_swimsuit,5343
;3,5342
lotion,5339
open_shorts,5337
panther_ears,5329
surrounded_by_hands,5325
tendou_akane,5324
horseback_riding,5324
cropped_vest,5323
shako_cap,5320
neck_ruff,5320
restaurant,5318
gold_armor,5316
shark,5313
amamiya_ren,5313
single_hair_tube,5313
monster_girl_encyclopedia,5309
ishtar_(fate),5307
censored_nipples,5305
mega_man_x_(series),5302
red_hands,5301
cellphone_photo,5300
blowing_kiss,5299
kasane_teto_(sv),5298
grey_neckerchief,5297
cevio,5292
covering_own_eyes,5291
undersized_clothes,5291
moss,5290
octoling_player_character,5288
touqi_guaitan,5287
kosaka_honoka,5282
akiyama_yukari,5282
stethoscope,5281
duel,5280
grey_necktie,5280
scar_on_neck,5279
surtr_(arknights),5277
no_lineart,5277
inset_border,5275
haruyama_kazunori,5274
lifebuoy,5272
fanny_pack,5272
shiranui_flare,5271
locker_room,5270
fish_hair_ornament,5263
sticker_on_face,5262
come_hither,5259
flight_deck,5257
idolmaster_1,5256
purple_umbrella,5256
naked_jacket,5254
ibuki_(blue_archive),5252
heart_in_mouth,5249
sanji_(one_piece),5246
yellow_bag,5246
multicolored_leotard,5245
holding_cane,5240
multicolored_halo,5236
rotom,5234
souryuu_(kancolle),5234
wife_and_wife,5233
orange_theme,5232
peeing_self,5231
hands_on_another's_head,5226
gold_ring,5226
abstract,5226
sitting_on_face,5225
wei_wuxian,5225
kasumi_(kancolle),5221
cold,5220
paint,5220
bare_hips,5213
orange_pants,5213
meltryllis_(fate),5213
legwear_garter,5212
super_robot_wars,5211
hip_bones,5207
carpet,5207
american_flag_bikini,5206
caught,5204
wedding,5204
guilty_gear_xrd,5202
dessert,5201
murasaki_shion,5201
making-of,5200
musical_staff,5199
multicolored_shirt,5197
iowa_(kancolle),5194
single_gauntlet,5194
kiryuuin_satsuki,5192
sleeve_garter,5191
yellow_thighhighs,5191
photo_inset,5189
snowflake_hair_ornament,5187
mismatched_bikini,5185
frilled_ribbon,5184
running_bond,5183
fu_hua,5179
hirogaru_sky!_precure,5177
object_namesake,5176
kabedon,5176
head_on_another's_shoulder,5174
hakui_koyori,5173
dirty_clothes,5172
fish_girl,5169
arabian_clothes,5167
bow_bikini,5167
orange_shoes,5164
church,5164
different_reflection,5164
kemono_friends_v_project,5162
kouyoku_senki_exs-tia,5162
green_choker,5159
blue_armband,5159
samidare_(kancolle),5159
screenshot_redraw,5158
sode,5158
heart_button,5156
yuki_miku,5155
ange_katrina,5150
you_gonna_get_raped,5148
uranohoshi_school_uniform,5148
watson_cross,5147
omori_(omori),5146
ladder,5145
ui_(blue_archive),5144
curled_fingers,5143
neckwear_grab,5143
loose_belt,5140
fur_scarf,5137
thrusters,5135
greatsword,5135
miyamoto_musashi_(fate),5130
pink-framed_eyewear,5128
sunburst,5127
striped_shorts,5125
chained,5124
orc,5123
hoshizora_rin,5121
atelier_ryza,5121
female_rover_(wuthering_waves),5115
hair_ears,5111
wakasagihime,5108
lily_white,5108
baseball_uniform,5105
blur_censor,5104
fivesome,5103
rubber_boots,5100
sen_no_kiseki_(series),5096
minase_iori,5096
roman_numeral,5093
suigintou,5093
yamashiro_(kancolle),5091
tachibana_arisu,5091
backless_leotard,5090
burning,5087
osomatsu-san,5087
in_tree,5085
miyako_(blue_archive),5085
emilia_(re:zero),5082
brown_necktie,5079
yellow_sweater_vest,5078
koha-ace,5074
club_(weapon),5070
teardrop_earrings,5068
raora_panthera,5066
symboli_rudolf_(umamusume),5066
no_jacket,5065
fire_emblem:_mystery_of_the_emblem,5065
faux_traditional_media,5061
holding_stick,5060
combat_helmet,5057
selene_(pokemon),5056
grey_belt,5053
deviantart_username,5050
gegege_no_kitarou,5046
robin_(honkai:_star_rail),5046
green_socks,5045
tsukihime_(remake),5045
kishin_sagume,5042
lounge_chair,5039
kitasan_black_(umamusume),5035
capri_pants,5033
minecraft,5031
drawing_(action),5031
group_picture,5029
bento,5028
see-through_leotard,5027
patterned_background,5026
bow_legwear,5026
binoculars,5025
milk_bottle,5024
feather_trim,5024
formidable_(azur_lane),5023
little_witch_academia,5019
male_rover_(wuthering_waves),5018
steering_wheel,5017
machikado_mazoku,5015
space_helmet,5011
side_up_bun,5011
shower_head,5009
fake_cover,5009
blue_trim,5008
skewer,5008
clothed_female_nude_female,5007
alice's_adventures_in_wonderland,5004
cropped_hoodie,5002
panther_girl,5001
flexing,4998
patch,4997
holding_scissors,4991
plantar_flexion,4991
sunrise,4988
neon_trim,4986
cat_ear_hairband,4983
lemon_slice,4981
tombstone,4980
mechabare,4976
fur_coat,4975
touhou_lostword,4973
laevatein_(touhou),4973
lip_piercing,4971
over-rim_eyewear,4971
purple_capelet,4970
phantasy_star_online_2,4969
rabbit_print,4968
light_bulb,4966
eyebrow_cut,4964
taimanin_(series),4961
champagne_flute,4958
after_ejaculation,4955
stiletto_heels,4955
dan_heng_(honkai:_star_rail),4955
fake_wings,4953
pyrokinesis,4953
kel_(omori),4952
wide_ponytail,4948
prinz_eugen_(azur_lane),4946
monsterification,4946
hands_on_own_thighs,4946
ro-500_(kancolle),4946
made_in_abyss,4939
reflective_floor,4938
cyberpunk:_edgerunners,4936
shu_(arknights),4936
onee-loli,4935
false_smile,4935
tatsumaki,4932
finger_to_own_chin,4931
takamatsu_tomori,4928
licking_finger,4928
ghost_tail,4928
warhammer_40k,4928
pink_border,4921
blue_collar,4920
commander_(azur_lane),4917
shrimp,4916
green_lips,4915
grimace,4910
blood_from_eyes,4906
cliff,4905
full_beard,4905
submerged,4904
spatula,4904
braided_twintails,4903
ovum,4901
bronya_zaychik,4901
shell_casing,4899
kuroki_tomoko,4899
cocktail_glass,4897
hiei_(kancolle),4896
broken_horn,4895
special_week_(umamusume),4892
pirate_costume,4891
ultimate_madoka,4890
skull_and_crossbones,4889
buck_teeth,4888
eyewear_strap,4887
koseki_bijou,4887
shirt_tug,4885
shimamura_uzuki,4878
full_nelson,4875
skull_print,4872
brown_theme,4872
possessed,4871
sailor_moon,4869
atago_(azur_lane),4868
nitroplus,4865
kim_dokja,4864
tiger_stripes,4862
bemani,4861
jackal_ears,4861
usada_pekora_(1st_costume),4860
white_garter_straps,4859
shaved_ice,4857
mole_on_cheek,4857
mari_(omori),4856
transparent_umbrella,4856
wooden_table,4856
kid_icarus,4854
playing_with_own_hair,4852
dungeon_and_fighter,4848
sweaty_armpits,4845
hand_on_another's_stomach,4844
nonomi_(blue_archive),4844
starry_sky_print,4844
phantom_blood,4842
safety_pin,4838
grey_scarf,4838
artbook,4829
heart_maebari,4828
vertical-striped_skirt,4827
ammunition,4826
bandage_on_face,4824
hifumi_(blue_archive),4823
pillbox_hat,4822
ribbed_dress,4822
fetal_position,4821
cousins,4821
breastless_clothes,4821
akamatsu_kaede,4819
goatee_stubble,4817
tribadism,4815
pokemon_horizons,4810
twilight_(spy_x_family),4809
panda,4807
vibrator_under_clothes,4806
lace_bra,4803
high_contrast,4803
red_one-piece_swimsuit,4803
sagisawa_fumika,4801
leon_s._kennedy,4800
no_eyewear,4799
sekaiju_no_meikyuu,4798
verniy_(kancolle),4794
multicolored_thighhighs,4793
mechanical_hands,4790
strawberry_shortcake,4787
hitachi_magic_wand,4783
barcode_tattoo,4780
pixiv_sample,4780
drinking_straw_in_mouth,4778
herta_(honkai:_star_rail),4776
moonlight,4769
striped_sweater,4768
corded_phone,4767
butterfly_print,4767
pink_vest,4763
holding_panties,4759
w_(arknights),4756
balcony,4756
turnaround,4755
open_robe,4755
studded_belt,4753
tied_up_(nonsexual),4752
inazuma_eleven,4752
blue_border,4748
veiny_breasts,4748
in-universe_location,4747
horn_bow,4747
ass_ripple,4745
american_flag_legwear,4745
red_sky,4744
blue-tinted_eyewear,4744
ornate_border,4742
impending_doom,4742
horn_hairband,4739
the_legend_of_zelda:_ocarina_of_time,4737
whipped_cream,4735
pink_bodysuit,4731
ganaha_hibiki,4730
pastel_colors,4729
ex-keine,4729
bamboo_forest,4729
rosalina,4728
pillow_grab,4726
swirl_lollipop,4723
quarter_note,4721
town,4719
stripper_pole,4716
girthy_penis,4713
object_head,4713
cloth_gag,4712
pokemon_adventures,4711
inoino,4711
ofuda_on_clothes,4708
misty_(pokemon),4708
kirishima_(kancolle),4707
holding_pillow,4703
loose_bowtie,4700
5koma,4699
winged_helmet,4699
adjusting_gloves,4697
pearl,4696
uruha_rushia,4695
breast_bondage,4695
yunomi,4695
bat_ears,4694
pink_pantyhose,4693
gauze,4692
fertilization,4692
bird_on_hand,4691
ankle_ribbon,4689
mikasa_ackerman,4687
mixed_media,4687
asticassia_school_uniform,4686
helm,4684
orange_scarf,4683
swing,4682
takarada_rikka,4678
wo-class_aircraft_carrier,4675
red_hood,4674
yelan_(genshin_impact),4674
star_facial_mark,4671
milk_carton,4669
reach-around,4668
o3o,4668
turtleneck_leotard,4666
shiroko_terror_(blue_archive),4666
uneven_sleeves,4665
pig,4663
kou_hiyoyo,4660
soccer_ball,4657
mole_under_each_eye,4656
idolmaster_side-m,4654
yellow_pants,4653
nakano_nino,4649
plum_blossoms,4648
3others,4644
takagaki_kaede,4644
white_romper,4641
rough_sex,4640
hatsutori_hajime,4637
brown_corset,4635
pokemon_tcg,4635
cooking_pot,4634
cervix,4634
plaid_pants,4625
star_necklace,4620
japari_symbol,4619
what,4619
pulling_another's_clothes,4618
vending_machine,4618
sleeping_on_person,4614
hazbin_hotel,4614
thick_lips,4613
chloe_von_einzbern,4611
elysia_(herrscher_of_human:_ego)_(honkai_impact),4610
gold_armlet,4609
shirakami_fubuki_(1st_costume),4609
touhoku_kiritan,4607
holding_sex_toy,4605
instant_noodles,4602
winding_key,4599
playing_sports,4596
yaegashi_nan,4596
ump45_(girls'_frontline),4595
kanon_(kurogane_knights),4595
orange_bodysuit,4594
talisman,4593
nagisa_kaworu,4592
shoe_dangle,4592
wrinkled_skin,4591
tarot,4591
bowl_cut,4591
gold_hairband,4590
boxing_gloves,4587
giving,4586
holding_water_gun,4585
tsukinomori_school_uniform,4585
futa_with_male,4584
pointing_at_another,4581
side_part,4581
ichika_(blue_archive),4580
fur-trimmed_skirt,4580
flower_tattoo,4579
artoria_caster_(fate),4577
flower_request,4576
afro,4576
grey_bodysuit,4576
disembodied_head,4576
tsushima_yoshiko,4575
mop,4573
shared_clothes,4573
green_apron,4571
kizuna_akari,4571
duffel_bag,4570
curren_chan_(umamusume),4570
counter,4569
selfcest,4569
american_flag_dress,4568
brown_kimono,4567
scar_on_stomach,4565
star_choker,4564
peeking,4562
roller_skates,4561
my_little_pony,4560
cafe,4560
ammunition_pouch,4558
inverted_cross,4555
skirt_tug,4554
animal_bag,4554
nanamori_school_uniform,4553
blue_robe,4553
black_hood,4553
spice_and_wolf,4552
furude_rika,4551
fairy_tail,4550
melting,4550
head_only,4549
white_snake,4545
hands_in_opposite_sleeves,4544
paddle,4544
sweatpants,4541
blue_headband,4540
calendar_(object),4540
holding_balloon,4539
spiked_choker,4539
plaid_jacket,4538
drone,4537
holding_whip,4537
djeeta_(granblue_fantasy),4536
yu-gi-oh!_duel_monsters,4533
against_railing,4531
darkness,4529
licking_nipple,4529
linear_hatching,4526
vrchat,4525
mcdonald's,4522
tape_gag,4521
bisexual_female,4520
yuubari_(kancolle),4519
karyl_(princess_connect!),4519
hatsuboshi_gakuen_school_uniform,4517
fried_egg,4516
bear_girl,4516
forked_tongue,4514
no_feet,4513
shadowverse,4513
oversized_animal,4512
sangonomiya_kokomi,4511
purple_fur,4509
too_many_watermarks,4507
two-sided_coat,4507
mustache_stubble,4506
gold_crown,4504
collared_cape,4500
constellation_print,4500
sigh,4499
striped_bra,4498
mirror_selfie,4498
surfboard,4495
asymmetrical_sidelocks,4494
natsuiro_matsuri,4492
turtle_shell,4490
hyuuga_hinata,4486
medusa_(rider)_(fate),4486
very_long_fingernails,4484
lace-trimmed_sleeves,4482
kaedehara_kazuha,4482
white_theme,4482
faust_(project_moon),4481
white_serafuku,4479
ch'en_(arknights),4479
takatsuki_yayoi,4478
glowing_sword,4478
black_rock_shooter_(character),4477
fiery_hair,4476
handsfree_ejaculation,4474
sailor_bikini,4473
haru_urara_(umamusume),4473
reisalin_stout,4472
teasing,4470
nape,4467
lize_helesta,4466
yorigami_shion,4466
goat_girl,4465
footprints,4465
zero_two_(darling_in_the_franxx),4464
excalibur_(fate/stay_night),4464
buzz_cut,4462
breasts_on_glass,4461
kazama_iroha,4457
thumb_ring,4454
my_little_pony:_friendship_is_magic,4450
keyhole,4447
fleeing,4445
stationary_restraints,4439
hex_maniac_(pokemon),4439
pink_collar,4438
fire_emblem:_the_binding_blade,4438
os-tan,4438
magatama_necklace,4437
walk-in,4436
multiple_piercings,4432
purple_hoodie,4428
ribbon-trimmed_collar,4426
stuck,4425
doremy_sweet,4424
nicole_demara,4423
enpera,4422
check_copyright,4421
head_between_breasts,4421
nagisa_(blue_archive),4420
headlamp,4419
birdcage,4419
bandaid_on_pussy,4417
sweets,4416
nose_bubble,4413
izuna_(blue_archive),4412
sleeveless_coat,4411
cross_print,4409
horse_penis,4409
shimakaze_(kancolle)_(cosplay),4408
gradient_dress,4405
morning,4404
lipstick_tube,4403
holo,4402
alley,4402
clothes_down,4401
sleep_molestation,4400
bridget_(guilty_gear),4397
sumino_takumi,4396
shining_nikki,4393
uchiha_sasuke,4391
march_7th_(preservation)_(honkai:_star_rail),4390
multicolored_coat,4389
giorno_giovanna,4388
rebecca_(keinelove),4388
asphyxiation,4385
kujo_jolyne,4383
school_hat,4383
negligee,4383
chandelier,4382
shampoo_(ranma_1/2),4382
square_4koma,4381
street_fighter_v,4381
mizuki_hitoshi,4381
hands_on_lap,4380
kirigiri_kyoko,4376
turban,4374
real_world_location,4373
dark_magician_girl,4372
asahina_mikuru,4372
bit_gag,4371
blue_cloak,4371
tactical_clothes,4370
halter_shirt,4367
han_juri,4366
winged_hat,4366
butler,4364
potato_chips,4362
shading_eyes,4360
arch_bishop_(ragnarok_online),4360
hiryuu_(kancolle),4359
hawaiian_shirt,4358
puffy_shorts,4357
ribbed_socks,4357
no_sclera,4357
saotome_ranma_(female),4356
kikyou_(blue_archive),4355
padlock,4355
sakurauchi_riko,4354
aventurine_(honkai:_star_rail),4354
kouji_(campus_life),4352
carrying_over_shoulder,4351
tail_wrap,4351
art_tools_in_frame,4350
yu-gi-oh!_gx,4347
2020,4346
cyberpunk,4346
pencil_dress,4345
gorget,4343
toast,4343
typo,4343
baguette,4342
age_progression,4342
tangzhuang,4342
phimosis,4341
ryuuguu_rena,4340
toradora!,4339
ace_(playing_card),4337
battery_indicator,4335
blue_tongue,4335
harem,4333
anal_fingering,4333
bow_(music),4333
thigh_cutout,4332
mallet,4332
whisk,4330
makise_kurisu,4330
hand_on_hilt,4329
fake_antlers,4329
overcast,4329
poke_ball_print,4327
goblin,4326
pink_wings,4326
belfast_(azur_lane),4325
zeta_gundam,4324
suite_precure,4322
industrial_piercing,4319
kiso_(kancolle),4317
metal_gear_(series),4317
footjob_with_legwear,4316
talking_on_phone,4315
shoulder_carry,4315
hooded_robe,4314
bow_earrings,4314
obliques,4308
hand_tattoo,4304
bird_legs,4302
flame_print,4301
utility_belt,4300
neck_fur,4299
enoshima_junko,4298
kama_(fate),4297
sirius_(azur_lane),4297
deerstalker,4297
omurice,4293
coral,4293
iroha_(blue_archive),4289
hand_on_eyewear,4287
trefoil,4283
6+others,4282
rod_of_remorse,4282
medicine_melancholy,4280
flaming_eye,4280
arm_armor,4279
reitaisai,4279
mahjong_soul,4277
muscular_arms,4276
naganami_(kancolle),4276
blueberry,4275
hamster,4274
mesugaki,4270
slap_mark,4267
hakama_pants,4266
plaid_background,4264
breast_focus,4259
mudrock_(arknights),4258
final_fantasy_vii_rebirth,4257
gundam_build_fighters,4257
english_audio,4256
aubrey_(faraway)_(omori),4256
japanese_audio,4255
usami_sumireko,4254
tate_no_yuusha_no_nariagari,4251
motoori_kosuzu,4250
sleeping_upright,4250
beam_rifle,4248
creator_connection,4246
pokemon_the_series:_sun_&_moon,4246
fold-over_boots,4246
porkpie_hat,4245
mars_symbol,4244
yellow_choker,4243
creature_and_personification,4243
cube,4242
under_table,4242
elysia_(miss_pink_elf)_(honkai_impact),4241
cheek_poking,4240
blender_(medium),4239
blue_helmet,4239
fur-trimmed_cloak,4231
crotchless_panties,4231
koizumi_hanayo,4230
low_neckline,4230
holding_brush,4229
santa_bikini,4223
walkie-talkie,4223
fate/strange_fake,4222
black_male_underwear,4222
spilling,4222
eye_trail,4221
white_hood,4220
sketchbook,4217
2026,4217
russian_text,4214
colored_shoe_soles,4214
happy_tears,4212
office,4210
tickling,4210
paradis_military_uniform,4209
black_tiara,4208
magnifying_glass,4207
palm_leaf,4207
ayase_momo,4206
world_war_ii,4205
cheek_pinching,4203
penis_out,4203
claw_(weapon),4203
frilled_cuffs,4202
tuxedo,4200
melting_popsicle,4199
yuzu_(blue_archive),4199
eren_yeager,4198
bear_hair_ornament,4198
shoelaces,4197
kiryu_coco,4195
crepe,4193
knees_apart_feet_together,4190
drop-shaped_pupils,4186
graf_zeppelin_(kancolle),4185
takodachi_(ninomae_ina'nis),4184
pink_blood,4182
juice_box,4179
hadanugi_dousa,4177
plaid_hat,4172
egg_(food),4172
sylveon,4171
wrestling_outfit,4171
callie_(splatoon),4171
bandaid_on_hand,4171
orange_thighhighs,4170
bomber_jacket,4169
inflatable_toy,4168
armpit_focus,4167
print_bowtie,4165
palms_together,4165
avatar_legends,4163
youkai_watch,4162
hong_lu_(project_moon),4160
iori_(blue_archive),4158
shingeki_no_bahamut,4157
platform_heels,4155
halloween_bucket,4154
hiroi_kikuri,4154
chouzetsusaikawa_tenshi-chan,4153
jougasaki_mika,4153
final_fantasy_vi,4152
neck_flower,4152
arm_wrap,4147
bruise_on_face,4147
hestia_(danmachi),4146
magazine_(object),4146
zombie_pose,4145
heel_up,4145
window_shadow,4144
holstered,4144
chainmail,4142
eye_focus,4142
mega_man_zero_(series),4141
shower_(place),4140
eraser,4140
sinclair_(project_moon),4138
boruto_(series),4137
fischl_(genshin_impact),4136
middle_ring,4133
bleach:_sennen_kessen-hen,4131
rice_bowl,4130
censored_identity,4130
pant_suit,4130
blood_in_hair,4128
jersey,4127
scepter,4127
nakano_miku,4126
shuriken,4125
banknote,4124
large_testicles,4123
hexagram,4122
urusei_yatsura,4121
round_border,4121
ankle_cuffs,4119
star_ocean,4119
industrial_pipe,4119
ambience_synesthesia,4119
mummy_costume,4118
dust,4116
ado_(utaite),4116
looking_at_food,4116
futaba_anzu,4116
kyon,4115
squirrel,4112
dusk_(arknights),4111
shin_megami_tensei,4111
yellow_wings,4110
fine_art_parody,4109
black_survival,4109
impossible_dress,4108
insignia,4107
kisume,4106
cheval_grand_(umamusume),4103
butterfly_on_hand,4102
index_fingers_together,4101
refrigerator,4100
yellow_sleeves,4100
blue_tunic,4099
jewel_under_eye,4097
shokuhou_misaki,4096
vial,4096
naked_sweater,4094
leotard_pull,4094
shoulder_strap,4092
leaning_on_object,4091
summer_pockets,4091
boxers,4091
smiley_face,4091
cave,4090
side_ahoge,4089
tamamo_cross_(umamusume),4088
guitar_case,4086
nape_braid,4085
wire,4085
takami_chika,4082
star_sapphire,4081
digitigrade,4080
drawer,4080
keyboard_(instrument),4079
black_buruma,4078
turtle,4076
plaid_bikini,4074
shiromochi_sakura,4073
disgust,4071
purple_rope,4067
mismatched_pubic_hair,4066
jean_(genshin_impact),4066
fujita_kotone,4066
kuro_no_kiseki_(series),4064
cherry_blossom_print,4064
wakamo_(blue_archive),4063
hanasakigawa_school_uniform,4055
rocket_launcher,4054
tsukino_mito,4053
red_petals,4052
dalachi_(headdress),4051
black_armband,4049
yuuka_(track)_(blue_archive),4049
takebe_saori,4048
pink_one-piece_swimsuit,4048
barbara_(genshin_impact),4047
star_brooch,4046
frilled_shorts,4046
tricorne,4045
hands_on_another's_cheeks,4044
taut_dress,4044
yoo_joonghyuk,4043
curly_eyebrows,4043
fur-trimmed_kimono,4043
yellow_cape,4042
impossible_leotard,4040
bloodborne,4038
cabinet,4038
team_rocket,4037
tokkuri,4033
rubble,4033
admire_vega_(umamusume),4033
cutout_above_navel,4032
spinning,4032
asahina_mafuyu,4031
zuihou_(kancolle),4030
oda_nobunaga_(fate),4030
voicevox,4030
yellow_feathers,4029
blue_sclera,4026
floating_cape,4025
instagram_logo,4023
fate/hollow_ataraxia,4022
grey_sports_bra,4020
steam_censor,4020
naked_bandage,4018
white_corset,4017
scan_artifacts,4015
patchwork_skin,4014
sparks,4010
bowsette,4010
sennen_sensou_aigis,4009
naoetsu_high_school_uniform,4008
don-chan_(usada_pekora),4007
ivan_(alien_stage),4006
kitauji_high_school_uniform,4006
chest_bow,4004
incoming_gift,4004
g-string,4001
pink_sailor_collar,4001
yellow_socks,4000
colored_shadow,3998
zombie_land_saga,3996
akari_(pokemon),3996
till_(alien_stage),3994
dragon_quest_iii,3994
kanzaki_ranko,3994
serika_(blue_archive),3992
monster_hunter_(character),3990
eromanga_sensei,3990
white_male_underwear,3990
seamed_legwear,3988
cameo,3981
dress_shoes,3981
thigh_ribbon,3980
zero_suit,3978
final_fantasy_xi,3978
koi_suru_kokoro_to_mahou_no_kotoba,3978
on_swing,3978
alice_gear_aegis,3977
braided_sidelocks,3976
evangelion:_3.0_you_can_(not)_redo,3973
scar_on_leg,3972
two-tone_hairband,3971
black_tube_top,3970
lapel_pin,3970
curry,3969
shirai_kuroko,3967
groin_tendon,3967
identity_v,3967
holding_ladle,3965
key_necklace,3964
fourth_wall,3962
stole,3961
dinosaur,3960
chicken_(food),3959
brushing_hair,3956
tooth_necklace,3955
gae_bolg_(fate),3955
torch,3953
side-tie_leotard,3953
tomioka_giyuu,3950
health_bar,3948
t.m._opera_o_(umamusume),3948
sparkler,3947
cat_ear_panties,3946
black_helmet,3945
infinite_stratos,3944
hollow_knight,3943
kay_(girls_und_panzer),3943
pastry,3941
leon_(pokemon),3940
raihan_(pokemon),3939
alice_(alice_in_wonderland),3939
lion_boy,3935
cropped_sweater,3933
tani_takeshi,3932
gentildonna_(umamusume),3931
fur-trimmed_collar,3931
sweater_around_waist,3930
metal_hairband,3930
covering_nipples,3927
ultra_series,3926
diluc_(genshin_impact),3925
mayuzumi_fuyuko,3924
purple_ascot,3923
kochou_shinobu,3923
wreath,3921
dreaming,3920
tree_shade,3919
florence_nightingale_(fate),3915
eyewear_on_headwear,3914
kuromorimine_military_uniform,3913
black_garter_belt,3912
spring_(season),3912
red_helmet,3912
vertical-striped_pantyhose,3911
project_diva_(series),3911
tales_of_vesperia,3910
green_flower,3908
millennium_cheerleader_outfit_(blue_archive),3908
red_tail,3908
murasame_(kancolle),3907
comb,3905
holding_leaf,3903
window_blinds,3903
argyle_pantyhose,3903
redesign,3900
orange_slice,3899
king_halo_(umamusume),3896
shoulder_belt,3895
lunasa_prismriver,3894
kokkoro_(princess_connect!),3894
pond,3894
chemise,3893
ichinose_shiki,3892
solid_eyes,3891
multiple_drawing_challenge,3890
poker_chip,3890
triforce,3890
skyline,3887
holding_own_leg,3887
see-through_body,3884
marie_(splatoon),3883
bad_feet,3883
leg_belt,3882
caustics,3880
barrel,3880
kakyoin_noriaki,3880
tagme,3878
finger_heart,3877
fangs_out,3877
breast_slip,3876
if_they_mated,3873
polka_dot_dress,3873
alternate_headwear,3872
charizard,3871
chuunibyou_demo_koi_ga_shitai!,3871
alternate_language,3870
naga_u,3870
overall_shorts,3870
brown_cloak,3869
loose_clothes,3868
watermark_grid,3868
gem_uniform_(houseki_no_kuni),3865
wooden_fence,3864
dynamic_pose,3864
prostitution,3862
carrot_necklace,3861
spoken_sweatdrop,3860
pool_ladder,3860
tight_shirt,3860
puffy_pants,3860
samurai,3859
pale_colors,3857
desk_lamp,3857
purple_fire,3856
purple_socks,3856
ufo,3856
ojipon,3856
sideburns_stubble,3855
starter_pokemon_trio,3855
penis_size_difference,3855
front_slit,3855
holding_fireworks,3852
look-alike,3851
red_mask,3851
alternate_legwear,3851
white_mouth,3850
blood_stain,3849
fanbox_reward,3849
muv-luv,3848
xiao_guan_(headdress),3848
through_clothes,3847
excessive_cum,3847
polo_shirt,3846
pet_play,3845
two-tone_ribbon,3845
energy_ball,3844
latex_gloves,3844
naka_(kancolle),3843
liquid,3840
mihono_bourbon_(umamusume),3840
manga_(object),3839
holding_tablet_pc,3839
jersey_maid,3839
nessa_(pokemon),3838
hara_(harayutaka),3836
green_capelet,3835
pixiv_username,3835
arm_cutout,3835
akiyama_mizuki,3834
juliana_(pokemon),3834
lycoris_uniform,3833
biker_clothes,3829
falin_touden,3828
oni_mask,3826
kokona_(blue_archive),3826
lucario,3826
torn_jeans,3825
flat_ass,3825
racket,3822
arm_blade,3820
brown_bowtie,3819
unconscious,3819
cum_on_male,3819
finger_in_own_mouth,3816
black_wrist_cuffs,3816
yoimiya_(genshin_impact),3815
traffic_light,3814
ethan_(pokemon),3814
two-tone_leotard,3813
countdown,3812
brown_apron,3812
watering_can,3811
aqua_trim,3810
yorigami_jo'on,3810
implied_yuri,3808
trumpet,3808
sitting_on_stairs,3808
zhu_yuan,3808
striped_arm_warmers,3808
qr_code,3808
rika_(pokemon),3805
narmaya_(granblue_fantasy),3804
octoling_girl,3804
final_fantasy_ix,3803
frilled_headwear,3802
animal_ear_hood,3801
leather_belt,3800
striped_kimono,3799
baldur's_gate,3799
sanshoku_dango,3798
brown-framed_eyewear,3795
respirator,3795
ankle_lace-up,3794
faucet,3793
wrist_guards,3793
orange_skin,3793
melty_blood,3792
cloud_print,3791
feeding_viewer,3791
azki_(hololive),3791
hair_extensions,3791
circle_name,3790
red_tank_top,3790
wooden_wall,3790
tanuki,3790
livestream,3789
smoke_trail,3789
buttoned_cuffs,3788
electrokinesis,3786
karin_(bunny)_(blue_archive),3785
drawing_bow,3785
shiroko_(swimsuit)_(blue_archive),3784
rei_no_himo,3784
menu,3784
short_sword,3781
kalashnikov_rifle,3781
orange_scrunchie,3781
wooden_bucket,3778
spider,3777
toga_himiko,3777
color_connection,3777
hero_(omori),3777
multicolored_bow,3775
power_symbol,3774
white_tube_top,3772
drawing_tablet,3768
orange_hoodie,3765
green_tunic,3765
fur-trimmed_shorts,3764
alarm_clock,3762
fire_emblem:_the_sacred_stones,3760
baldur's_gate_3,3759
battle_axe,3759
hikimayu,3758
higashikata_josuke,3758
pain,3757
fish_(food),3757
makaino_ririmu,3755
dimitri_alexandre_blaiddyd,3754
panther_tail,3754
bucket_hat,3754
pinstripe_jacket,3754
rowlet,3752
green_fur,3752
naked_coat,3751
whale,3751
matara_okina,3750
sleeve_ribbon,3748
onahole,3745
hoto_cocoa,3745
suit_pants,3745
layered_kimono,3744
alhaitham_(genshin_impact),3743
nia_(xenoblade),3743
leg_armor,3740
strapless_bra,3739
traditional_nun,3739
park_bench,3737
wrist_bow,3736
mechanical_ears,3736
linked_piercing,3736
pink_camisole,3733
momosuzu_nene,3731
meiji_schoolgirl_uniform,3730
dark_anus,3729
hair_lift,3729
head_down,3729
samurai_spirits,3725
hair_brush,3723
nitta_minami,3723
ryoshu_(project_moon),3722
green_bodysuit,3722
striped_headwear,3722
ankle_strap,3722
ruby_rose,3720
year_of_the_rabbit,3719
strap-on,3717
poke_ball_symbol,3715
board_game,3712
omaru_polka,3709
fairy_(kancolle),3709
hiiragi_tsukasa,3709
zero_no_tsukaima,3708
hyouka,3705
super_sonico,3704
satchel,3704
donut_hair_bun,3703
boku_wa_tomodachi_ga_sukunai,3703
yasogami_school_uniform,3703
shirogane_naoto,3702
single_pantsleg,3701
anis_(nikke),3701
fishnet_gloves,3698
rotom_phone,3698
open_bra,3698
fan_request,3696
pink_gem,3696
luna_child,3695
kirito,3694
suppressor,3692
pixiv_id,3691
bodice,3690
pink_cape,3687
azusa_(blue_archive),3686
jonathan_joestar,3686
shoulder_peek,3685
cyclops,3685
sunny_milk,3685
fine_fabric_emphasis,3684
exhausted,3683
yi_sang_(project_moon),3683
multiple_weapons,3683
cum_on_feet,3683
spiked_armlet,3682
tentacle_pit,3682
pink_horns,3681
green_bag,3681
vertical-striped_jacket,3680
spanking,3680
sports_car,3680
gundam_seed_destiny,3680
satou_kazuma,3679
hyur,3679
bomb,3674
white_umbrella,3674
kid_icarus_uprising,3674
jack_the_ripper_(fate/apocrypha),3674
hair_on_horn,3674
have_to_pee,3673
pikmin_(series),3671
aqua_halo,3671
variations,3670
marker,3667
umbreon,3667
holding_ice_cream_cone,3666
unicorn_(azur_lane),3665
pov_doorway,3665
bondage_outfit,3665
fighter_jet,3665
projected_inset,3665
nakano_yotsuba,3664
annotated,3664
shimada_arisu,3664
utsugi_noriyuki,3664
male_playboy_bunny,3662
molestation,3662
yamakaze_(kancolle),3660
i-19_(kancolle),3659
merchandise_available,3659
pink_capelet,3658
opening_door,3656
changli_(wuthering_waves),3656
commissioner_name,3654
pokedex_number,3654
69,3651
futanari_masturbation,3650
face_to_breasts,3648
has_censored_revision,3647
blank_speech_bubble,3646
mayano_top_gun_(umamusume),3646
crescent_print,3645
inflation,3644
hand_puppet,3644
beamed_sixteenth_notes,3643
k-pop,3639
tripping,3639
torn_leotard,3639
chaps,3638
purple_neckerchief,3633
furrification,3631
see-through_legwear,3630
cupless_bra,3629
shinonome_ena,3628
old_woman,3627
trick_or_treat,3625
seigaiha,3622
east_asian,3622
bea_(pokemon),3622
lizard_tail,3619
koshimizu_sachiko,3618
red_apron,3618
arcane:_league_of_legends,3618
lum,3615
prayer_beads,3615
claw_ring,3614
grey_hairband,3613
pinstripe_shirt,3613
drying,3613
circle_skirt,3611
white_lily,3610
multiple_swords,3610
shoulder_sash,3610
runny_makeup,3609
miyu_edelfelt,3609
wind_chime,3608
holly,3608
streamers,3608
tsunomaki_watame,3606
v-shaped_eyes,3604
caterpillar_tracks,3602
seaport_princess,3602
blue_oak,3601
ainu_clothes,3600
folding_chair,3600
plate_armor,3599
timestamp,3598
bird_on_shoulder,3598
coif,3597
crosswalk,3596
green-framed_eyewear,3595
inkling_boy,3595
two-tone_shoes,3594
broken_halo,3594
excessive_pubic_hair,3593
2019,3592
gokou_ruri,3592
blade_(honkai:_star_rail),3590
grey_bra,3589
head_on_hand,3589
official_alternate_color,3588
excited,3587
strawberry_print,3585
satonaka_chie,3585
soul_eater,3583
akigumo_(kancolle),3582
real_life_insert,3581
standing_on_liquid,3581
champion's_tunic_(zelda),3581
piplup,3580
feather-trimmed_sleeves,3580
kudamaki_tsukasa,3580
naked_shoes,3578
green_tail,3574
mostima_(arknights),3572
brown_wings,3572
pageratta,3572
overgrown,3571
red_cross,3569
puckered_anus,3569
through_wall,3568
3d_background,3567
fake_facial_hair,3567
arima_kana,3566
breath_weapon,3566
chewing,3565
column,3564
sanya_v._litvyak,3564
orange_tail,3564
mole_on_ass,3563
video_camera,3563
kotomine_kirei,3562
anastasia_(idolmaster),3560
blue_feathers,3558
railroad_tracks,3558
vodka_(umamusume),3556
festival,3556
reisa_(blue_archive),3556
wheelchair,3555
weiss_schnee,3554
jeanne_d'arc_alter_(avenger)_(fate),3554
hagiwara_yukiho,3552
two-tone_one-piece_swimsuit,3552
chocolate_on_body,3551
seele_vollerei,3551
romaji_commentary,3551
matsunaga_kouyou,3549
natsu_(blue_archive),3548
pocky_day,3548
letter_hair_ornament,3547
pocky_in_mouth,3547
beckoning,3546
ugly_bastard,3544
uehara_ayumu,3543
neon_lights,3542
lion,3542
fresh_precure!,3542
taiyaki,3541
cheek_press,3541
screen,3541
sprite,3541
bad_lofter_id,3539
checkered_kimono,3539
d-pad,3538
sakurai_momoka,3535
sports_bikini,3532
maya_(kancolle),3532
ryona,3531
blue_pajamas,3531
katyusha_(girls_und_panzer),3531
grey_ribbon,3530
blunt_tresses,3528
eila_ilmatar_juutilainen,3528
implied_futanari,3526
spooning,3526
pecorine_(princess_connect!),3525
yoshida_yuuko,3525
pacifier,3524
ushanka,3523
spoken_object,3523
blue_tabard,3520
yellow-tinted_eyewear,3520
live2d,3519
shared_scarf,3519
the_amazing_digital_circus,3519
yellow_apron,3519
text-only_page,3518
seiun_sky_(umamusume),3516
choko_(cup),3516
stab,3515
open_pants,3513
yellow_bra,3513
unworn_socks,3512
darkness_(konosuba),3508
miura_azusa,3507
stone_wall,3507
cum_on_hands,3506
holding_fishing_rod,3506
undone_necktie,3505
multiple_condoms,3505
trafalgar_law,3505
blood_on_knife,3505
poncho,3505
condom_packet_strip,3503
pulling,3503
ink,3502
triangle_facial_mark,3501
yellow_armband,3499
lettuce,3497
konohagakure_symbol,3495
impaled,3494
hand_on_own_shoulder,3493
yoru_(chainsaw_man),3492
mahou_sensei_negima!,3492
nail_art,3491
short-sleeved_jacket,3490
pov_across_table,3489
mega_man_zx,3489
unworn_boots,3487
hollow_eyes,3486
star_sticker,3486
love_and_deepspace,3486
orange_choker,3485
shinrabanshou,3484
harukawa_maki,3483
aisaka_taiga,3482
column_lineup,3482
prosthetic_leg,3482
hibiki_(blue_archive),3480
eternal_return:_black_survival,3480
sweet_potato,3479
game_screenshot_inset,3478
street_fighter_zero_(series),3477
lana_(pokemon),3477
tail_bell,3477
tam_o'_shanter,3477
glaceon,3476
pokemon_journeys,3474
intravenous_drip,3474
volleyball_uniform,3472
oberon_(fate),3471
black_hands,3470
kicchou_yachie,3468
wisteria,3467
elizabeth_bathory_(fate),3467
clawed_gauntlets,3466
concert,3465
spread_wings,3465
crt,3462
mace,3462
cross-laced_shoes,3462
print_jacket,3461
year_of_the_tiger,3461
nian_(arknights),3460
skull_earrings,3459
hakama_shorts,3459
crew_neck,3458
hand_on_another's_leg,3457
boruto:_naruto_next_generations,3456
curtain_grab,3455
orange_halo,3454
cardigan_around_waist,3454
frilled_sailor_collar,3453
tennis_uniform,3452
overlord_(maruyama),3451
mercy_(overwatch),3450
bilingual_text,3449
final_fantasy_viii,3448
coin_on_string,3447
project_voltage,3446
kuchiki_rukia,3445
holding_megaphone,3441
surprise_kiss,3441
truck,3440
hand_on_own_neck,3440
nitocris_(fate),3439
foliage,3439
bat_girl,3437
nengajou,3436
ram_(re:zero),3435
melusine_(fate),3435
redrawn,3434
german_clothes,3434
monkey,3433
yugake,3432
yu-gi-oh!_5d's,3432
twincest,3431
jimiko,3429
yagami_hayate,3429
hiroki_(yyqw7151),3429
undressing_another,3427
hair_through_headwear,3426
dizzy_(guilty_gear),3426
sweatband,3424
untied_panties,3424
barnaby_brooks_jr.,3424
dotted_line,3424
ayanami_(azur_lane),3423
pole_dancing,3423
chasing,3422
ouro_kronii_(1st_costume),3422
fushiguro_megumi,3421
pokemon_on_head,3421
sakura_miku,3420
oboro_(kancolle),3420
rotational_symmetry,3420
amber_(genshin_impact),3418
mega_gardevoir,3418
necktie_grab,3417
camellia,3417
horns_through_headwear,3415
youkai_(youkai_watch),3414
stitched,3413
after_paizuri,3410
pie,3410
iskandar_(fate),3409
oversized_food,3407
imminent_fellatio,3405
azumanga_daioh,3405
frilled_leotard,3404
boris_(noborhys),3402
shark_hood,3402
orange_vest,3401
open-chest_sweater,3400
sunflower_hair_ornament,3400
maria-sama_ga_miteru,3400
product_placement,3400
floating_headgear,3399
death_note,3399
tokyo_ghoul,3398
yellow_tail,3393
holding_chocolate,3393
plant_girl,3393
priest,3391
blood_on_arm,3391
fishing,3389
wrestling,3388
patterned_hair,3388
venus_symbol,3385
mimikaki,3385
fire_emblem_echoes:_shadows_of_valentia,3384
i-58_(kancolle),3384
baseball_mitt,3382
inui_toko,3379
see-through_jacket,3375
kamado_nezuko,3374
potion,3373
shadow_the_hedgehog,3373
dark_aura,3370
._.,3369
tail_around_own_leg,3369
awa_subaru,3369
voice_actor,3368
senjougahara_hitagi,3368
umamusume:_cinderella_gray,3367
briefs,3366
prehensile_tail,3366
z1_leberecht_maass_(kancolle),3366
amy_rose,3366
elbow_carry,3365
anilingus,3365
sig_sauer,3364
digging_your_own_grave,3364
jougasaki_rika,3364
hairdressing,3362
group_name,3361
common_raccoon_(kemono_friends),3360
open_window,3359
key_visual,3357
animal_hug,3356
striped_gloves,3356
peroro_(blue_archive),3355
broken_heart,3355
checkered_necktie,3355
ghost_costume,3354
cheering,3354
black_arm_warmers,3354
destruction,3354
sticker_(medium),3352
waver_velvet,3352
bud,3351
laios_touden,3351
holding_beachball,3351
bear_boy,3350
crotch_plate,3349
pyonta,3345
lyrics,3344
panty_(psg),3344
ballerina,3343
purple_veil,3343
atlanta_(kancolle),3342
nichijou,3339
bad_hands,3339
dynamax_band,3338
paint.net_(medium),3338
fate/prototype,3335
hanako_(swimsuit)_(blue_archive),3334
simple_bird,3334
tablecloth,3332
half-siblings,3331
holding_burger,3331
rabbit_hole_(vocaloid),3330
holding_notebook,3329
gym_storeroom,3328
pussy_juice_puddle,3328
twitter_x_logo,3327
endministrator_(arknights),3326
grand_piano,3325
spider_girl,3325
two-tone_bowtie,3324
gun_sling,3324
doyagao,3323
masturbation_through_clothes,3323
cross-laced_sleeves,3323
gengar,3321
open_skirt,3319
saki_(blue_archive),3319
star_ornament,3318
houjou_satoko,3318
kaburagi_t._kotetsu,3318
deer,3317
palms,3317
usekh_collar,3317
futa_with_futa,3316
d-pad_hair_ornament,3316
sweaty_breasts,3315
when_you_see_it,3315
illustrious_(azur_lane),3313
shigure_ui_(vtuber),3312
pith_helmet,3312
sex_machine,3311
hands_on_headwear,3311
futari_wa_precure,3310
crest,3310
whispering,3310
lop_rabbit_ears,3310
tokitsukaze_(kancolle),3309
mother_(series),3309
ninomae_ina'nis_(1st_costume),3309
princess_daisy,3309
collared_vest,3308
convenient_arm,3308
twin_turbo_(umamusume),3308
senran_kagura_new_link,3306
treasure_chest,3305
kanna_kamui,3304
taihou_(kancolle),3304
long_beard,3303
striped_hairband,3302
girlfriend_(kari),3302
bath_yukata,3301
chocolate_bar,3301
sword_over_shoulder,3300
diving_mask,3297
single_vertical_stripe,3296
vertical-striped_background,3294
double_w,3294
on_motorcycle,3290
blue_tank_top,3290
eishin_flash_(umamusume),3289
stepped_on,3289
asakura_toru,3289
check_character,3288
green_pupils,3288
kel_(faraway)_(omori),3286
anti-materiel_rifle,3283
paint_palette,3282
half_up_half_down_braid,3282
onikobe_rin,3281
kirima_syaro,3280
layered_shirt,3277
super_robot,3277
yellow_bodysuit,3276
skirt_around_one_leg,3276
zack_fair,3275
juban,3275
gate,3274
off-shoulder_jacket,3274
little_busters!_school_uniform,3273
frisk_(undertale),3273
notepad,3272
hilbert_(pokemon),3272
lilith_(darkstalkers),3272
warship,3272
z3_max_schultz_(kancolle),3271
against_tree,3271
prehensile_hair,3271
between_thighs,3270
grey_nails,3270
waist_sash,3270
projectile_lactation,3269
beatrice_(umineko),3269
kara_no_kyoukai,3265
o-ring_belt,3265
licking_another's_face,3263
wonderful_precure!,3262
chaos;head,3261
unworn_bag,3260
caution_tape,3259
scar_on_mouth,3259
white_butterfly,3259
chando_(ado),3259
rectangular_mouth,3256
red_border,3256
green_headband,3255
archived_source,3255
cross_tie,3254
p-head_producer,3254
trickcal,3253
resident_evil_4,3253
eastern_dragon_tail,3253
black_swan_(honkai:_star_rail),3253
kanon,3252
used_tissue,3252
22/7,3251
blue_veil,3250
holding_vegetable,3249
akizuki_ritsuko,3248
single_garter_strap,3248
failure,3247
breathing_fire,3247
nanashi_mumei_(1st_costume),3246
sword_of_hisou,3245
m4_carbine,3244
spandex,3244
split_ponytail,3242
matsuura_kanan,3241
on_stool,3240
heart_tail,3240
snap-fit_buckle,3239
fumo_(doll),3238
pearl_bracelet,3237
takane_lui,3236
agnes_digital_(umamusume),3236
watson_amelia_(1st_costume),3235
official_art_inset,3235
ribbon_bondage,3234
core_crystal_(xenoblade),3233
missile,3232
tennis_racket,3232
2018,3231
bolo_tie,3229
wizarding_world,3229
emil_chronicle_online,3228
fake_magazine_cover,3228
gigi_murin,3228
holding_stylus,3227
simplified_chinese_text,3227
lace_choker,3226
jeanne_d'arc_(ruler)_(fate),3226
viera,3226
holographic_interface,3223
kettle,3223
swim_briefs,3223
party_popper,3222
holostars_english,3220
kigurumi,3220
onesie,3220
train_station,3220
mihoyo,3218
holding_violin,3217
rabbit-shaped_pupils,3217
single_epaulette,3216
pine_tree,3215
sirius_symboli_(umamusume),3213
luigi,3212
lelouch_vi_britannia,3212
mini-hakkero,3212
shun_(blue_archive),3212
bulbasaur,3211
carmine_(pokemon),3211
yuri!!!_on_ice,3210
juice,3210
pointless_condom,3210
calendar_(medium),3209
skull_mask,3208
mismatched_sleeves,3207
print_bra,3206
blade_(galaxist),3206
ketchup,3206
qiqi_(genshin_impact),3205
bow_(bhp),3204
character_charm,3203
warspite_(kancolle),3203
stuffed_shark,3203
love_letter,3200
buttjob,3198
go!_princess_precure,3197
evangelion:_2.0_you_can_(not)_advance,3195
applying_makeup,3195
thai_commentary,3195
holding_saucer,3194
closers,3194
x_x,3194
sangvis_ferri,3189
nia_teppelin,3188
panda_ears,3187
fallen_down,3187
meandros,3187
reizei_mako,3186
official_alternate_eye_color,3185
green_belt,3185
stone_floor,3185
i-401_(kancolle),3185
window_(computing),3184
grey_tank_top,3184
wheel,3184
twitter,3183
cross-laced_top,3183
vegeta,3182
wa2000_(girls'_frontline),3182
green_cloak,3182
kiyohime_(fate),3180
eous_(zenless_zone_zero),3179
maekawa_miku,3178
christmas_lights,3178
kaname_raana,3177
tony_taka,3177
implied_yaoi,3176
arms_around_another's_waist,3176
arm_above_head,3175
cursor,3174
sidepec,3174
aoba_(kancolle),3174
holding_own_tail,3173
cinderella_(nikke),3172
yagasuri,3172
sheryl_nome,3171
ikkitousen,3170
purple_pupils,3170
higashiyama_kobeni,3170
multicolored_boots,3169
wiping_tears,3168
manga_cover,3168
sleeveless_hoodie,3167
takakura_ken_(dandadan),3167
large_insertion,3167
oshiro_project:re,3167
sayonara_zetsubou_sensei,3166
severed_head,3166
diagonal-striped_background,3166
ring_hair_ornament,3165
object_through_head,3165
kouzuki_kallen,3165
picnic_basket,3164
single_strap,3163
komi-san_wa_komyushou_desu,3163
snow_leopard_ears,3161
low_side_ponytail,3159
delinquent,3158
natsuki_subaru,3156
camouflage_jacket,3156
yoisaki_kanade,3156
skyla_(pokemon),3156
holding_envelope,3156
spine,3155
brown_hoodie,3155
cetacean_tail,3154
snake_girl,3153
fourth_east_high_school_uniform,3153
jungle_pocket_(umamusume),3153
gatling_gun,3153
camouflage_pants,3153
kuma_(kancolle),3152
guiding_hand,3152
off-shoulder_bikini,3151
kissing_forehead,3149
kumano_(kancolle),3148
fusou_(kancolle),3147
st._gloriana's_school_uniform,3147
check_artist,3146
yurigaoka_girls_academy_school_uniform,3145
grey_bikini,3144
white_leggings,3143
air_conditioner,3143
super_creek_(umamusume),3143
single_stripe,3142
bandaged_chest,3142
aqua_hat,3140
floral_print_bikini,3140
gibson_les_paul,3139
kaenbyou_rin_(cat),3137
inuyasha,3135
still_in_love_(umamusume),3135
mika_(girls_und_panzer),3135
micro_panties,3134
caressing_testicles,3134
danganronpa_3_(anime),3133
grimms_notes,3133
sunburst_background,3133
mori_calliope_(1st_costume),3131
bandana_around_neck,3130
yellow_border,3128
head_bump,3126
fennec_(kemono_friends),3126
yes!_precure_5,3125
boko_(girls_und_panzer),3124
spiked_halo,3122
skateboard,3120
a1_(initial-g),3120
holding_hose,3119
dominatrix,3118
diamond_hair_ornament,3117
expressive_hair,3116
monster_energy,3116
pavement,3115
crotch_rub,3114
spider-verse,3112
lan_wangji,3112
kaeya_(genshin_impact),3110
dust_cloud,3104
lyrica_prismriver,3099
no_testicles,3099
make_heroine_ga_oo_sugiru!,3099
purple_butterfly,3097
inugami_korone_(1st_costume),3094
plap,3094
futa_(nabezoko),3092
suspended_congress,3091
tube,3091
yukine_chris,3089
zero_(mega_man),3089
open_belt,3089
happinesscharge_precure!,3088
chinese_hairpin,3087
syrup,3087
square_neckline,3085
shallow_water,3085
ashigara_(kancolle),3084
fur-trimmed_legwear,3084
shared_umbrella,3084
rider_belt,3083
leaf_(pokemon),3082
looking_at_breasts,3081
dwarf,3081
orange_belt,3079
leather_gloves,3078
shakugan_no_shana,3078
jujutsu_tech_uniform,3077
hilda_valentine_goneril,3076
haruka_(blue_archive),3076
hanami_ume,3075
charlotte_(madoka_magica),3074
stroking_own_chin,3072
fingering_through_clothes,3071
holding_drumsticks,3071
fake_mustache,3071
striker_unit,3071
brown_sleeves,3070
sideless_kimono,3068
guest_art,3068
arthropod_limbs,3067
hana_kazari,3066
tissue,3065
painting_(action),3065
half_mask,3064
shiratsuyu_(kancolle),3063
kurosawa_dia,3061
persona_3_portable,3060
two-tone_horns,3060
nekomata_okayu_(1st_costume),3060
merlin_prismriver,3059
unworn_bikini_top,3059
mankanshoku_mako,3059
dixie_cup_hat,3058
two-tone_cape,3057
upscaled,3056
drill_ponytail,3053
large_nose,3052
mark_under_both_eyes,3051
n_(pokemon),3051
vibrator_cord,3050
mechanical_eyes,3049
c:,3048
viewer_holding_leash,3044
sora_harewataru,3044
sparkling_aura,3044
naked_sheet,3043
sunday_(honkai:_star_rail),3042
uzuki_(kancolle),3041
kagerou_(kancolle),3040
matsuo_yukihiro,3040
birthmark,3039
chef,3039
hoshino_(swimsuit)_(blue_archive),3039
blending,3038
shimaidon,3038
zeon,3037
tomoe_gozen_(fate),3037
ike_(fire_emblem),3037
park,3036
mask_around_neck,3036
handkerchief,3035
satsuki_(kancolle),3035
aigis_(persona),3035
underbutt,3033
pink_ascot,3033
kamijou_touma,3032
tsumiki_mikan,3032
mogami_(kancolle),3032
florian_(pokemon),3032
tight_dress,3032
albedo_(genshin_impact),3031
multi-strapped_bikini_top,3031
no_eyebrows,3031
sitting_in_tree,3031
harem_pants,3030
shorts_under_dress,3029
promare,3026
cat_day,3026
hayakawa_aki,3025
warcraft,3025
cactus,3023
garden,3023
pink_wrist_cuffs,3023
ixy,3022
inoue_orihime,3022
kitchen_knife,3022
blonde_pubic_hair,3021
weighing_scale,3021
teacher_and_student,3021
poptepipic,3021
hand_rest,3021
blue_sports_bra,3020
metal_skin,3019
lyn_(fire_emblem),3019
vertin_(reverse:1999),3017
plume,3016
vaporeon,3016
voyeurism,3015
grabbing_another's_chin,3015
lighter,3015
dolphin,3015
kurosaki_ichigo,3014
cat_on_head,3014
boobplate,3013
year_of_the_ox,3013
magical_mirai_(vocaloid),3011
thick_mustache,3011
dantsu_flame_(umamusume),3010
urakaze_(kancolle),3010
yellow_sky,3010
takeba_yukari,3010
rope_belt,3009
ginkgo_leaf,3009
izumi_sagiri,3009
cooperative_paizuri,3005
hands_on_own_ass,3005
laser,3001
berry,3001
soulcalibur,3001
object_focus,3000
volleyball_(object),3000
spitting,2998
orange_pantyhose,2998
veranda,2998
purple_scrunchie,2998
mark_under_eye,2996
lotion_bottle,2995
sakamata_chloe_(1st_costume),2993
tiered_tray,2992
tighnari_(genshin_impact),2992
air_groove_(umamusume),2991
flower_necklace,2990
left-to-right_manga,2990
sonia_(pokemon),2989
ferris_wheel,2988
drum_set,2988
dark_souls_i,2988
yuigaoka_school_uniform,2986
centaur,2986
diving_suit,2986
novel_cover,2985
pink_sky,2985
unzan,2985
stained_panties,2984
setsubun,2984
breasts_on_head,2982
cowboy_western,2981
kappougi,2980
specter_(arknights),2978
pixiv_logo,2978
gundam_zz,2977
hayami_kanade,2976
kimi_no_koto_ga_dai_dai_dai_dai_daisuki_na_100-nin_no_kanojo,2975
bb_(baalbuddy),2973
reins,2973
crossbow,2972
nike_(company),2972
robot_animal,2972
naginata,2972
symmetry,2971
neuvillette_(genshin_impact),2969
sidecut,2969
club_(shape),2968
transparent_wings,2968
strawberry_hair_ornament,2966
bowing,2965
ribbon-trimmed_dress,2965
acoustic_guitar,2965
height,2965
shihouin_yoruichi,2964
brave_witches,2963
argyle_thighhighs,2963
fate/samurai_remnant,2963
twitter_strip_game,2962
mon-musu_quest!,2962
lace_gloves,2961
mash_kyrielight_(dangerous_beast),2961
m-da_s-tarou,2960
box_of_chocolates,2960
yohane,2960
chihuri,2960
spread_pussy_under_clothes,2959
monokuma,2959
circle_cut,2958
working!!,2958
green_wings,2957
lyra_(pokemon),2957
android_18,2956
kiyoshimo_(kancolle),2955
denim_jacket,2954
watermelon_slice,2954
bouncing_ass,2953
mitaka_asa,2952
happi,2952
huge_testicles,2951
camilla_(fire_emblem),2951
hanekawa_tsubasa,2950
laffey_(azur_lane),2950
mega_stone,2949
hatsuyuki_(kancolle),2949
gladiator_sandals,2949
aqua_gem,2948
gomashio_(goma_feet),2947
missing_tail,2946
shuuchiin_academy_school_uniform,2945
bird_boy,2945
stadium,2945
unworn_sandals,2945
grenade_pin,2945
wiping_face,2944
flashlight,2944
himari_(blue_archive),2943
tree_stump,2943
ido_(teketeke),2943
2016,2942
phonograph,2942
blue_lock,2941
ear_wiggle,2940
icing,2940
on_rock,2939
brushing_teeth,2936
saitou_natsuki,2935
basil_(headspace)_(omori),2935
frilled_ascot,2934
the_legend_of_luo_xiaohei,2934
tent,2933
flower_in_eye,2933
cotton_candy,2931
katsushika_hokusai_(fate),2931
2017,2930
shiori_novella_(1st_costume),2930
hand_on_another's_hand,2928
grass_wonder_(umamusume),2927
orange_sweater,2926
round_table,2925
split_screen,2925
sunflower_field,2924
bikini_bottom_pull,2924
meisho_doto_(umamusume),2923
sperm_cell,2922
jintsuu_(kancolle),2921
cat_teaser,2919
grey_wings,2919
cross_halo,2917
takamaki_ann,2916
fur_cape,2916
lily_of_the_valley,2916
strongman_waist,2915
dragon_ball_(classic),2914
rapi_(nikke),2912
analog_clock,2911
shoulder_blush,2910
black_umbrella,2909
puppet_strings,2909
ballet_slippers,2908
futami_mami,2908
heathcliff_(project_moon),2905
mitarashi_neko,2905
yuutenji_nyamu,2903
rainbow_order,2902
hyuuga_(kancolle),2902
emiya_kiritsugu,2901
checkerboard_cookie,2900
tachibana_kanade,2899
completely_unamused,2899
ooarai_military_uniform,2899
family_bonding,2898
saratoga_(kancolle),2898
vertical-striped_pants,2897
high-waist_belt,2897
short_tail,2896
load-bearing_vest,2896
yang_xiao_long,2896
midorikawa_nao,2895
mole_on_stomach,2894
ankh,2894
portrait_(object),2892
yume_nikki,2891
cecilia_immergreen,2891
loungewear,2890
sword_art_online:_alicization,2890
dodoco_(genshin_impact),2888
chitanda_eru,2887
drawing_sword,2887
unworn_gloves,2886
acrylic_paint_(medium),2886
holding_letter,2885
brown_bikini,2884
mizuno_ami,2884
m.u.g.e.n,2884
hungry_clicker,2883
akai_haato,2882
espeon,2882
hikarizaka_private_high_school_uniform,2882
shiomi_kotone,2881
flower_brooch,2881
hews,2880
kanroji_mitsuri,2880
mimikyu,2878
large_hands,2876
compound_eyes,2876
tales_of_the_abyss,2876
tanabata,2875
long_nose,2874
square-end_necktie,2873
toji_no_miko,2873
blunt_sidelocks,2872
kise_yayoi,2872
hatsuzuki_(kancolle),2872
antique_phone,2870
wooden_sword,2870
ame-chan_(needy_girl_overdose),2868
kousaka_kirino,2868
miyafuji_yoshika,2868
michishio_(kancolle),2867
mob_psycho_100,2866
hanbok,2866
pancake_stack,2865
hand_on_ground,2865
crime_prevention_buzzer,2864
soap,2863
mr._c.b._(umamusume),2863
sweaty_clothes,2863
kujikawa_rise,2862
holding_ribbon,2862
kirlia,2861
high_priest_(ragnarok_online),2861
hair_in_own_mouth,2860
kurosawa_ruby,2860
covered_penis,2859
isokaze_(kancolle),2859
bikesuit,2858
orange_boots,2858
in_food,2858
carrying_under_arm,2858
cucumber,2857
shiina_yuika,2856
dirndl,2856
2015,2856
holding_bucket,2856
convenient_tail,2855
screw,2855
yahagi_(kancolle),2855
food-themed_earrings,2854
holding_creature,2852
kaga_(azur_lane),2851
green_sweater_vest,2851
crescent_facial_mark,2851
black_eyeshadow,2851
extra_mouth,2850
fireplace,2849
holding_jewelry,2849
dante_(devil_may_cry),2849
haro,2849
rainbow_gradient,2848
team_rocket_uniform,2848
centauroid,2848
dress_tug,2848
log,2847
sendai_kai_ni_(kancolle),2847
hand_on_own_forehead,2847
invisible_floor,2847
sheet_music,2846
bandaged_wrist,2844
power_symbol-shaped_pupils,2843
yuffie_kisaragi,2842
girls'_frontline_neural_cloud,2842
aria_(manga),2842
huke,2841
stark_(sousou_no_frieren),2841
accelerator_(toaru_majutsu_no_index),2841
hanging,2839
pocky_kiss,2839
lusamine_(pokemon),2838
partially_underwater_shot,2838
master_sword,2838
bowl_hat,2838
non-human_admiral_(kancolle),2838
barghest_(fate),2837
christmas_present,2836
vertical-striped_shorts,2834
osaka_shizuku,2834
offering_hand,2833
character_age,2832
saten_ruiko,2832
ohtsuki_yui,2832
kunikida_hanamaru,2832
johnny_joestar,2832
tippy_(gochiusa),2832
harusame_(kancolle),2832
haruna_(blue_archive),2831
raphtalia,2829
ump9_(girls'_frontline),2829
genderswap_(otf),2828
takoyaki,2828
floating_weapon,2828
dante_(limbus_company),2826
unryuu_(kancolle),2826
sessyoin_kiara,2825
shinjou_akane,2825
stove,2825
gift_art,2825
breath_of_fire,2824
pants_rolled_up,2823
skadi_the_corrupting_heart_(arknights),2821
chemical_structure,2820
multiple_necklaces,2820
aqua_theme,2820
pussy_piercing,2818
graveyard,2818
takasaki_yu,2816
cockpit,2815
hidamari_sketch,2815
shirt_under_shirt,2815
raised_fist,2813
tarot_(medium),2813
colored_nipples,2812
cupping_hands,2812
popcorn,2811
final_fantasy_x,2810
makinami_mari_illustrious,2810
nyantcha,2810
aqua_panties,2809
yes-no_pillow,2809
akuma_homura,2809
unicorn,2808
boned_meat,2808
clorinde_(genshin_impact),2808
hoshimachi_suisei_(1st_costume),2808
single_wrist_cuff,2807
v_over_mouth,2806
after_rape,2806
green_pantyhose,2806
yellow_leotard,2806
wiping_sweat,2806
hydrokinesis,2805
cable_tail,2805
blue_hood,2805
berserk,2803
angel_and_devil,2802
jeanne_d'arc_alter_(swimsuit_berserker)_(fate),2802
two-tone_scarf,2801
union_jack,2798
enterprise_(azur_lane),2796
eyelid_pull,2796
back_focus,2796
lysithea_von_ordelia,2796
hooded_sweater,2795
button_eyes,2795
orfevre_(umamusume),2794
full-length_zipper,2794
single_horizontal_stripe,2794
chat_log,2793
double_fox_shadow_puppet,2793
thick_beard,2793
erica_hartmann,2792
zundamon,2791
kasumi_kai_ni_(kancolle),2791
full-package_futanari,2790
halberd,2790
flower_on_head,2788
fukumaru_koito,2787
sidewalk,2786
tamamo_cat_(fate),2785
sideless_dress,2783
forehead-to-forehead,2783
senpai_ga_uzai_kouhai_no_hanashi,2783
determined,2782
condom_belt,2782
pointed_crown,2781
final_fantasy_iv,2781
spray_can,2781
akagi_miria,2780
hisahiko,2780
two-tone_halo,2779
fluffy_tail,2778
ofuda_on_head,2778
grabbing_another's_shirt,2777
origami,2777
hachimiya_meguru,2776
flock,2776
pectoral_grab,2775
pointer,2775
pearl_hair_ornament,2775
himemori_luna,2773
production_art,2773
lube,2772
purple_cardigan,2772
downscaled,2771
belt_bra,2770
you're_doing_it_wrong,2768
sincos,2768
toutetsu_yuuma,2768
blood_on_ground,2767
sakata_gintoki,2766
tales_of_symphonia,2765
chara_(undertale),2765
hand_focus,2765
spiked_tail,2765
thread,2765
mechanical_pencil,2764
harvin,2764
takao_(azur_lane),2764
trash_bag,2763
dagasi,2761
shards,2761
dragon_quest_iv,2761
gran_(granblue_fantasy),2760
tempura,2760
pokemon_on_shoulder,2760
nakayama_festa_(umamusume),2759
komano_aunn,2758
phallic_symbol,2758
commander_(nikke),2758
sprigatito,2758
tri_tails,2757
forehead_tattoo,2756
candy_hair_ornament,2754
9s_(nier:automata),2754
sana_channel,2753
mixing_bowl,2753
dd_(ijigendd),2752
shantae_(series),2752
ramune,2752
gender_request,2751
hands_on_own_stomach,2751
sakura_futaba,2748
reptile_girl,2747
squid,2746
nero_claudius_(fate/extra),2746
ritual_baton,2745
morpeko,2745
sweet_lolita,2744
japanese_flag,2744
dumbbell,2744
sitting_on_object,2743
helicopter,2743
fireflies,2742
superman_(series),2742
cross_pasties,2741
cheek_squash,2740
red_cardigan,2740
shin_guards,2739
narita_brian_(umamusume),2739
vignetting,2737
grey_capelet,2737
two-tone_thighhighs,2736
kotonoha_akane,2736
navia_(genshin_impact),2733
wooden_chair,2733
heart_collar,2733
brendan_(pokemon),2731
fou_(fate),2731
natori_sana,2731
tsukudani_(coke-buta),2730
mari_(track)_(blue_archive),2730
shiba_inu,2730
magical_mirai_miku,2730
yuzuki_choco,2729
atelier_ryza_1,2727
sunscreen,2726
tales_of_xillia,2725
ramchi,2725
brown_border,2724
collared_capelet,2723
kurokoma_saki,2722
miyamasuzaka_girls'_academy_school_uniform,2719
torn_scarf,2719
doctor,2719
frilled_jacket,2718
hospital_bed,2718
live_a_hero,2718
hanamura_yousuke,2717
two-tone_hat,2717
gauze_on_face,2716
brown_halo,2716
mizumizuni,2714
toshinou_kyouko,2714
geto_suguru,2712
coffin,2710
two-tone_hoodie,2710
jack-o'_challenge,2709
holding_riding_crop,2709
ryougi_shiki,2709
ribbed_sleeves,2709
rolling_suitcase,2708
tail_piercing,2707
kaveh_(genshin_impact),2706
frog_print,2705
cow_boy,2705
bunny_day,2703
brown_choker,2703
ootori_emu,2701
multicolored_hat,2700
seiken_densetsu,2700
akitsu_maru_(kancolle),2699
st._gloriana's_military_uniform,2697
rayman_limbs,2695
huge_bow,2695
reindeer_costume,2694
ia_(vocaloid),2693
red_robe,2693
harry_potter_(series),2692
fff_threesome,2692
bear_print,2692
floral_print_dress,2690
spider-man,2690
milking_machine,2689
kagari_atsuko,2689
snake_hair,2688
x_mouth,2688
naked_cape,2686
mismatched_eyebrows,2686
mahou_shoujo_ni_akogarete,2685
bad_bcy_id,2685
tail_ring,2684
armpit_cutout,2682
full-body_tattoo,2681
asymmetrical_dual_wielding,2681
clover_print,2680
flower_choker,2680
budget_sarashi,2680
sausage,2680
gauze_on_cheek,2680
hayate_no_gotoku!,2679
role_reversal,2679
droopy_ears,2678
black_bandeau,2678
jacket_over_hoodie,2675
yellow_butterfly,2675
chinstrap,2672
ningguang_(genshin_impact),2671
kissing_hand,2671
minaba_hideo,2671
drill,2670
before_and_after,2670
dragon_quest_xi,2670
pizza_slice,2669
yura_(kancolle),2668
kirisawa_juuzou,2668
taigei_(kancolle),2668
year_of_the_snake,2667
bad_drawr_id,2666
pants_tucked_in,2665
black_trim,2665
tumblr_username,2665
theresa_apocalypse,2665
campfire,2664
two-tone_coat,2663
high_kick,2663
holding_ofuda,2662
accidental_exposure,2662
cleaning,2660
hatsune_miku_(cosplay),2660
soup,2660
zounose,2659
hand_net,2658
curtsey,2655
holding_cake,2654
orange_sleeves,2654
hammer_and_sickle,2653
gertrud_barkhorn,2652
bar_stool,2651
flaming_weapon,2651
holding_suitcase,2651
iizunamaru_megumu,2650
onmyoji,2650
fountain,2650
shikinami_(kancolle),2649
oumae_kumiko,2648
tutu,2647
akagi_(azur_lane),2647
blue_sweater_vest,2647
shinku,2647
orange_rose,2647
kamado_tanjirou,2647
shana,2646
ribbon_in_mouth,2646
dairoku_ryouhei,2645
broken_chain,2645
palutena,2645
cropped_head,2644
fire_emblem_cipher,2643
aino_minako,2642
side_drill,2642
akizuki_(kancolle),2642
macross_delta,2642
lone_nape_hair,2641
hagoita,2641
ninja_mask,2640
akane_(blue_archive),2639
tamaki_iroha,2638
traditional_youkai,2638
higuchi_kaede,2637
qp:flapper,2637
phosphophyllite,2637
glutton,2634
street_fighter_iv_(series),2634
glowing_butterfly,2634
shirt_in_mouth,2634
crystal_earrings,2634
criss-cross_straps,2633
eyewear_hang,2633
holding_pizza,2633
oral_invitation,2633
edward_elric,2632
mega_man_legends_(series),2632
commander_(girls'_frontline),2631
summer_festival,2631
pendulum,2630
breast_smother,2628
lace-trimmed_skirt,2628
silver_(pokemon),2627
soda,2626
di_gi_charat,2626
hishikawa_rikka,2625
brown_dust_2,2624
colorful_palette,2623
tsukimura_temari,2623
mutsuki_(kancolle),2621
cherry_hair_ornament,2621
drawn_ears,2620
key_earrings,2620
round-bottom_flask,2620
final_fantasy_v,2619
39,2619
aoki_reika,2618
takafumi,2617
holding_teapot,2617
animal_on_lap,2614
autobot,2614
large_ears,2614
eris_greyrat,2612
u.a._school_uniform,2611
yae_sakura,2611
torn_gloves,2610
new_game!,2610
gusset,2609
fast_food,2609
detective,2608
two-tone_headwear,2608
ruan_mei_(honkai:_star_rail),2607
fishnet_sleeves,2606
chest_of_drawers,2605
shuka_high_school_uniform,2604
invisible_penis,2602
cum_on_self,2601
yes,2600
futami_ami,2599
playing_guitar,2598
seiran_(touhou),2598
la+_darknesss_(1st_costume),2598
pink_arm_warmers,2597
amagi_yukiko,2596
to_love-ru_darkness,2596
daitaku_helios_(umamusume),2595
ak-12_(girls'_frontline),2595
gold_coin,2595
ohara_mari,2594
lace-trimmed_choker,2594
tsuruse,2594
clear_sky,2593
goldenglow_(arknights),2592
werewolf,2592
durarara!!,2592
pinned,2591
goat_boy,2590
polka_dot_bra,2589
black_sky,2589
eagle,2589
world_of_warcraft,2588
arms_between_legs,2587
teen_titans,2587
naranja_academy_school_uniform,2587
haguro_(kancolle),2587
hanami_saki,2586
koyanskaya_(fate),2585
mallow_(pokemon),2585
monika_(doki_doki_literature_club),2585
roxy_migurdia,2585
leonardo_da_vinci_(fate),2584
utensil_in_mouth,2583
coke-bottle_glasses,2583
saenai_heroine_no_sodatekata,2583
western_dragon,2583
holding_branch,2582
grey_cape,2582
rune_factory,2581
gyaru_v,2580
grey_serafuku,2580
junketsu,2580
cephalopod_eyes,2580
kotonoha_aoi,2579
telekinesis,2579
crate,2578
tenma_tsukasa,2578
unworn_coat,2577
squinting,2576
marshmallow_(site),2573
watashi_ni_tenshi_ga_maiorita!,2573
arm_between_breasts,2573
nakano_itsuki,2572
in_the_face,2572
shinsengumi,2571
struggling,2571
ballet,2571
t-head_admiral,2571
pink_trim,2570
orange_sailor_collar,2569
final_fantasy_tactics,2569
narita_taishin_(umamusume),2569
breast_expansion,2568
ibaraki_douji_(fate),2567
shinomiya_kaguya,2566
dowsing_rod,2566
simon_(ttgl),2566
precum_drip,2565
asui_tsuyu,2565
nipple_indents,2564
miku_day,2564
horosuke,2563
holding_needle,2563
lawson,2562
dildo_riding,2562
uzaki-chan_wa_asobitai!,2562
mahjong_tile,2561
springfield_(girls'_frontline),2560
namori,2559
crocs,2559
basketball_uniform,2558
hoshikawa_sara,2558
white_bridal_gauntlets,2556
open-toe_shoes,2556
animal_ear_legwear,2556
on_person,2556
golden_week,2555
clapping,2554
spiked_club,2553
star_twinkle_precure,2553
frilled_camisole,2553
irene_(arknights),2553
cleave_gag,2551
moon_(ornament),2549
wide_image,2549
cooler,2548
ribbed_thighhighs,2547
levi_(shingeki_no_kyojin),2547
liko_(pokemon),2546
leafeon,2546
yin_yang_orb,2546
marina_(splatoon),2546
hospital_gown,2546
flower_over_eye,2545
microsoft_windows,2545
traffic_cone,2545
chocolate_on_breasts,2544
runes,2543
ghost_in_the_shell,2543
arrow_through_heart,2543
blue_camisole,2542
globe,2542
fortissimo,2542
feral_instincts,2542
jessie_(pokemon),2541
rariatto_(ganguri),2540
multiple_heads,2539
hand_on_lap,2538
noelle_holiday,2538
carnelian,2538
split_theme,2536
spear_the_gungnir,2535
cargo_pants,2535
torn_jacket,2535
legs_folded,2535
mahou_tsukai_no_yoru,2534
bendy_straw,2533
slime_(genshin_impact),2532
looking_outside,2532
diarmuid_ua_duibhne_(fate),2532
ubel_(sousou_no_frieren),2532
jaguar_ears,2531
black_slingshot_swimsuit,2530
animal_skull,2530
adjusting_necktie,2530
buster_sword,2529
cheek_bulge,2528
stone_lantern,2528
fur-trimmed_thighhighs,2528
aqua_gloves,2526
muv-luv_alternative,2526
kamiyama_high_school_uniform_(project_sekai),2526
isuzu_hana,2526
leather_boots,2526
adventure_time,2525
purple_tabard,2524
scar_on_hand,2523
sideless_shirt,2523
skirt_bow,2523
asakura_ryoko,2523
tankini,2521
kayoko_(dress)_(blue_archive),2521
purple_tongue,2520
hands_on_another's_thighs,2520
toe_ring,2519
year_of_the_dragon,2519
louise_francoise_le_blanc_de_la_valliere,2518
fish_print,2518
sussurro_(arknights),2518
naegi_makoto,2518
white_helmet,2517
kusazuri,2516
puffy_cheeks,2516
gaming_chair,2516
holed_coin,2515
faux_figurine,2515
drawfag,2515
stealth_sex,2514
atsuko_(blue_archive),2514
akanbe,2512
tokisaki_kurumi,2512
kugisaki_nobara,2512
prototype_design,2512
elegg_(nikke),2511
meltryllis_(swimsuit_lancer)_(fate),2510
drying_hair,2510
abubu,2510
pikmin_(creature),2509
grey_sweater_vest,2508
black_outline,2508
ajirogasa,2507
pekomama,2506
skull_ornament,2506
perlica_(arknights),2505
shiver_(splatoon),2505
shibuya_kanon,2505
head_chain,2505
anal_hair,2504
vaulting_horse,2504
tennoji_rina,2504
anastasia_(fate),2504
furigana,2504
ryu_(street_fighter),2504
pochita_(chainsaw_man),2503
vivlos_(umamusume),2503
anzio_school_uniform,2502
naked_kimono,2502
yoshimi_(blue_archive),2501
scaramouche_(kabukimono)_(genshin_impact),2501
polka_dot_headwear,2500
holding_wrench,2500
holding_frying_pan,2499
food_request,2499
screenshot_background,2499
scooter,2498
cocktail_dress,2497
ushiromiya_battler,2496
giving_up_the_ghost,2495
elira_pendora,2495
grey_leotard,2494
ass_cutout,2493
green_horns,2492
paw_print_background,2492
no_mask,2492
green_sclera,2492
tanzaku,2491
rebecca_(cyberpunk),2491
shinki_(touhou),2490
shinryaku!_ikamusume,2490
confession,2489
mabinogi,2488
madotsuki,2487
dice_hair_ornament,2487
morning_glory,2486
nakasu_kasumi,2486
riding_pokemon,2486
green_tank_top,2485
prison_clothes,2485
pasta,2484
cyno_(genshin_impact),2484
.live,2484
kero_(cardcaptor_sakura),2483
roll_(mega_man),2483
jiangshi_costume,2483
godzilla_(series),2482
bowlegged_pose,2482
purple_one-piece_swimsuit,2481
coca-cola,2481
melting_halo,2481
millipen_(medium),2481
nonna_(girls_und_panzer),2479
green_streaks,2479
kashiwazaki_sena,2478
mahjong,2478
canvas_(object),2478
ciel_(tsukihime),2477
wheat,2476
dolphin_wave,2475
dashed_eyes,2475
slapping,2475
steins;gate_0,2473
single_shoulder_pad,2473
unworn_dress,2473
doodle_inset,2473
houtengeki,2472
pola_(kancolle),2471
pink_sash,2471
pornography,2471
self-harm,2468
motorcycle_helmet,2468
mejiro_ardan_(umamusume),2466
tony_tony_chopper,2464
iphone,2464
von_lycaon,2464
kantoku,2464
holding_cotton_candy,2463
sonozaki_mion,2463
komi_shouko,2462
fire_emblem_warriors:_three_hopes,2462
shaking,2462
yu_mei-ren_(fate),2462
outis_(project_moon),2461
vampire_costume,2461
white_shawl,2460
heart-shaped_buckle,2459
char_aznable,2459
spiked_ear_piercing,2459
white_sarong,2459
paper_airplane,2459
cutting_board,2459
sharp_tail,2459
funamusea,2458
kibito_high_school_uniform,2458
bandaid_on_thigh,2458
warugaki_(sk-ii),2458
endeavor_(boku_no_hero_academia),2457
turtleneck_jacket,2457
weight_conscious,2456
female_endministrator_(arknights),2455
in_bucket,2455
diarmuid_ua_duibhne_(lancer)_(fate),2455
loving_aura,2454
bulma,2454
guided_breast_grab,2453
tracen_swimsuit,2452
momota_kaito,2451
april_fools,2451
nanashi_(nlo),2450
hornet_(hollow_knight),2449
neck_tassel,2448
emma_verde,2448
washing_machine,2447
susie_(deltarune),2447
lava,2447
green_armband,2447
baseball_(object),2447
energy_drink,2447
elizabeth_rose_bloodflame,2446
blank_stare,2446
electric_plug,2444
verxina_(umamusume),2444
lynette_(genshin_impact),2443
under_night_in-birth,2443
ijiranaide_nagatoro-san,2443
kani_biimu,2442
mole_above_mouth,2442
cinderella_girls_gekijou,2441
berry_(pokemon),2440
hamu_koutarou,2440
duster,2439
scribble_censor,2439
miyuki_(kancolle),2438
morikubo_nono,2438
lopunny,2438
tented_shirt,2437
yaoyorozu_momo,2436
tropical-rouge!_precure,2436
multicolored_kimono,2436
kouhaku_nawa,2436
portal_(object),2435
saw,2433
glass_bottle,2433
super_sentai,2431
light_censor,2431
hitting,2431
enkidu_(fate),2431
orange_socks,2431
weasel_ears,2431
ushiwakamaru_(fate),2429
noose,2429
yellow_tank_top,2429
two-sided_dress,2426
matikanefukukitaru_(umamusume),2426
frottage,2425
bookmark,2424
ranka_lee,2424
gotland_(kancolle),2422
lisa_(genshin_impact),2422
shima_rin,2421
tsunade_(naruto),2421
round_window,2421
snail,2420
machine,2419
single_thigh_boot,2419
black_eyeliner,2419
dream_journey_(umamusume),2418
tail_grab,2418
forced_orgasm,2417
russian_commentary,2417
oven_mitts,2416
takanashi_rikka,2416
daruma_doll,2415
haniyasushin_keiki,2415
body_hair,2415
lalafell,2414
glass_shards,2414
kinugasa_(kancolle),2414
lio_fotia,2414
cyber_fashion,2412
pinwheel,2412
shiseki_hirame,2412
u-511_(kancolle),2412
hina_(swimsuit)_(blue_archive),2411
kamikaze_(kancolle),2410
sasaki_chie,2409
black_leg_warmers,2408
morpeko_(full),2408
knotted_penis,2407
eimi_(blue_archive),2407
son_gohan,2407
grey_suit,2407
holding_bow_(music),2407
arm_on_knee,2407
senshi_(dungeon_meshi),2407
oyama_mihari,2407
scissor_blade_(kill_la_kill),2406
slugbox,2406
idolmaster_2,2404
jill_valentine,2404
mega_man_battle_network_(series),2404
glowing_hair,2404
st._louis_(azur_lane),2403
leg_between_thighs,2402
leg_wrap,2401
moogle,2400
digimon_adventure,2400
nisemonogatari,2400
wild_arms,2400
imminent_anal,2399
skirt_under_dress,2398
h&k_hk416,2398
castlevania_(series),2398
akaza_akari,2397
hoshino_ai,2396
avogado6,2396
felicia_(darkstalkers),2396
perpendicular_paizuri,2395
sleeved_leotard,2395
outie_navel,2395
hikawa_sayo,2394
charmander,2394
comforting,2393
raising_heart,2391
trigun,2390
heart_in_heart_hands,2390
bad_proportions,2390
dragon_quest_v,2390
fubuki_(one-punch_man),2390
vgen_commission,2390
tachibana_hibiki_(symphogear),2389
lynette_bishop,2389
kureiji_ollie,2389
kyonko,2389
tokino_sora,2389
pouring_onto_self,2388
tone_(kancolle),2388
chimney,2388
kisaragi_(kancolle),2388
green-tinted_eyewear,2388
patchwork_clothes,2388
yuusha_de_aru,2387
midna,2387
persona_5_the_royal,2386
spiked_shell,2386
yellow_gem,2385
ebora,2385
osaki_amana,2385
blaze_the_cat,2385
holding_flute,2384
rokugou_daisuke,2384
elbows_on_table,2384
milkpanda,2383
gambier_bay_(kancolle),2382
soda_bottle,2381
torpedo_tubes,2381
holding_test_tube,2380
call_of_duty,2378
from_outside,2378
shun_(small)_(blue_archive),2378
black_lagoon,2378
school_briefcase,2377
three-dimensional_maneuver_gear,2377
dragon_ball_gt,2377
crumbs,2377
kirakira_precure_a_la_mode,2376
i-168_(kancolle),2376
ootachi,2375
mysterious_heroine_xx_(fate),2375
cow,2375
hand_on_glass,2375
rainbow_hair,2374
kill_me_baby,2374
napoleon_bonaparte_(fate),2374
holding_microphone_stand,2374
holding_remote_control,2374
hoodie_lift,2373
chain_headband,2373
dropping,2372
tube_dress,2372
kaiju,2372
akeome,2372
suiseiseki,2372
dandelion,2372
green_cardigan,2371
short_jumpsuit,2371
jester,2371
through_medium,2371
terra_branford,2370
kujou_sara,2370
i-8_(kancolle),2370
abukuma_(kancolle),2369
ichimi,2369
squirtle,2368
show_by_rock!!,2367
hand_on_own_elbow,2367
hino_akane_(precure),2366
battle_rifle,2366
mima_(touhou),2365
yanfei_(genshin_impact),2365
embellished_costume,2364
yarn,2364
champagne,2364
ema,2363
tsukishiro_saika,2363
fanged_bangs,2363
dumpling,2362
lord_of_the_mysteries,2362
makigumo_(kancolle),2362
potara_earrings,2360
guilty_crown,2359
touhou_tag_dream,2359
ass_shake,2359
sengoku_basara,2359
neptune_(neptunia),2358
chinese_new_year,2358
mismatched_sclera,2358
niwatari_kutaka,2358
sword_girls,2358
ruler,2357
bishoujo_senshi_sailor_moon_s,2356
<|>_<|>,2355
two-tone_pants,2354
yukie_(kusaka_shi),2354
masked,2354
tribal,2354
maru_(marg0613),2354
hisona_(suaritesumi),2354
comic_cover,2353
hedgehog_boy,2353
blue_suit,2353
perrine_h._clostermann,2353
hand_on_wall,2352
star_tattoo,2352
nursing_handjob,2352
ponytail_with_braided_base,2352
wetsuit,2351
duffel_coat,2351
embodiment_of_scarlet_devil,2351
purple_collar,2351
saria_(arknights),2351
sinon,2350
shantae,2350
gundam_build_fighters_try,2350
chaos;child,2349
triangle_print,2349
kirijou_mitsuru,2347
houshou_marine_(summer),2347
himmel_(sousou_no_frieren),2346
blake_belladonna,2346
leather_pants,2345
mococo_abyssgard_(1st_costume),2345
god_eater,2345
cum_in_clothes,2344
saga,2343
german_text,2342
scorbunny,2342
earth_(ornament),2341
fubuki_kai_ni_(kancolle),2341
charlotte_e._yeager,2341
brushing_another's_hair,2340
black_theme,2340
yamato_(one_piece),2338
mint_fantome,2338
kitazawa_shiho,2338
hozuki_momiji,2338
red_feathers,2338
vibrator_under_panties,2337
misleading_thumbnail,2337
chiyoda_momo,2336
re-class_battleship,2336
shark_costume,2336
no_gloves,2336
ace_of_hearts,2335
dengeki_moeoh,2335
chart,2335
ryoumen_sukuna_(jujutsu_kaisen),2335
two-sided_headwear,2334
jigglypuff,2333
mouth_pull,2333
bamboo_steamer,2333
hexagon,2333
white_arm_warmers,2333
meowscarada,2332
overcoat,2332
nude_filter,2331
nishizumi_shiho,2331
gundam_unicorn,2331
shared_food,2330
race_vehicle,2329
jellyfish_cut,2329
honeycomb_(pattern),2329
serizawa_asahi,2329
digimon_card_game,2328
rodion_(project_moon),2328
picnic,2328
scarlet_devil_mansion,2328
visor_(armor),2327
astronaut,2327
streetwear,2327
tied_jacket,2326
james_(pokemon),2326
radio,2326
reaching_towards_another,2326
houjou_hibiki,2326
silent_hill_(series),2326
nero_claudius_(swimsuit_caster)_(fate),2325
brick_floor,2325
camellya_(wuthering_waves),2324
character_censor,2324
hugtto!_precure,2324
audience,2323
shell_hair_ornament,2323
baggy_clothes,2323
under_kotatsu,2322
delicious_party_precure,2321
wall_clock,2321
purple_trim,2320
tedeza_rize,2320
takanashi_kiara_(1st_costume),2319
mechanization,2319
dorohedoro,2319
jacket_over_swimsuit,2319
sora_(kingdom_hearts),2318
gweda,2318
pleated_shorts,2318
heart_pendant,2317
child's_drawing,2316
blue_sandals,2316
tiki_(fire_emblem),2314
spiked_hairband,2314
perversion_of_canon,2313
just_the_tip,2312
anby_demara,2310
clitoral_piercing,2310
adventurer_(ff11),2309
hino_rei,2308
honda_mio,2307
white_bonnet,2307
waktaverse,2307
an-94_(girls'_frontline),2307
covering_another's_mouth,2307
kurumi_erika,2305
collared_shrug,2304
red_tabard,2304
brown_nails,2304
tsurugi_(blue_archive),2304
red_corset,2303
narita_top_road_(umamusume),2303
wig,2303
kuromorimine_school_uniform,2302
sakura_taisen,2302
priest_(ragnarok_online),2302
holding_scroll,2301
animal_slippers,2301
boater_hat,2301
iesupa,2301
heartbeat,2301
shell_bikini,2300
chalk,2300
gag_harness,2300
smart_falcon_(umamusume),2300
petals_on_liquid,2299
nakano_ichika,2298
yellow_outline,2298
exposed_pocket,2297
rance_(series),2297
bowser,2297
cutting_hair,2297
scar_on_shoulder,2296
breast_conscious,2295
yuuki_bakuhatsu_bang_bravern,2295
outstretched_leg,2294
fishnet_socks,2294
pomni_(the_amazing_digital_circus),2294
tamamo_no_mae_(swimsuit_lancer)_(fate),2293
red_outline,2293
hoshiguma_(arknights),2292
finger_frame,2291
blue_outline,2291
poster_(medium),2291
kino_makoto,2290
himesaki_rinami,2289
liquid_hair,2289
stalk_in_mouth,2288
lollipop_in_mouth,2288
neocoill,2288
avengers_(series),2287
ho'olheyak_(arknights),2287
sakuramon,2287
kusanagi_nene,2287
ashido_mina,2286
text_messaging,2285
kuwayama_chiyuki,2285
justice_task_force_member_(blue_archive),2284
finger_to_face,2284
narration,2284
orange_headband,2283
dark_penis,2283
food-themed_clothes,2283
super_mario_galaxy,2283
hyena_ears,2282
peanut_mouth,2282
sans_(undertale),2282
thai_text,2281
futa_on_male,2280
horikawa_raiko,2280
holding_lipstick_tube,2280
dithering,2280
penis_peek,2280
powering_up,2279
shirase_sakuya,2279
suzutsuki_(kancolle),2279
katsuragi_ace_(umamusume),2277
sundae,2276
dr._ratio_(honkai:_star_rail),2276
lace-trimmed_gloves,2275
sharp_toenails,2275
ada_wong,2274
ammunition_belt,2273
minecraft_youtube,2272
tentacle_in_mouth,2271
print_hoodie,2271
calico_cat,2270
torpedo_launcher,2270
kepi,2269
alchemy_stars,2269
ass_peek,2269
hollow_knight:_silksong,2268
brown_leotard,2268
police_badge,2268
miyashita_ai,2268
aviator_sunglasses,2267
tensei_shitara_slime_datta_ken,2267
sponge,2267
akatsuki_kirika,2266
western_comics_(style),2266
aida_mana,2265
sick,2264
white_armband,2264
tomoeda_elementary_school_uniform,2264
has_downscaled_revision,2264
pointy_breasts,2264
sidesaddle,2264
uvula,2264
hot_dog,2263
rotary_phone,2263
randal's_friends,2263
oshawott,2262
single_arm_warmer,2262
ryuu_ga_gotoku_(series),2262
spanish_text,2262
backbeako_(torotei),2261
hands_on_another's_hips,2261
food_stand,2261
kusuriya_no_hitorigoto,2261
bad_end,2260
izumi_tsubasu,2260
headless,2258
nagatoro_hayase,2258
sofra,2258
grey_theme,2257
ashiya_douman_(fate),2256
koyama_shigeru,2256
boxer_briefs,2255
unworn_swimsuit,2255
morino_rinze,2254
ranni_the_witch,2253
curry_rice,2253
black_scales,2253
cross_choker,2253
crotch_cutout,2251
koyuki_(blue_archive),2251
fujiwara_chika,2251
fuwawa_abyssgard_(1st_costume),2250
easel,2250
tropical_fish,2250
torotei,2249
on_car,2249
pool_of_blood,2249
long_labia,2248
white_mittens,2248
air_(visual_novel),2248
orange_pupils,2247
eyjafjalla_(arknights),2247
ikamusume,2247
yukihana_lamy_(1st_costume),2246
miyamoto_frederica,2245
rabbit_house_uniform,2245
yuugumo_(kancolle),2245
hibiki_(cheer_squad)_(blue_archive),2245
nose_ring,2245
salaryman,2244
emotionless_sex,2244
pinching_sleeves,2244
air_shakur_(umamusume),2244
pink_slippers,2244
mari_(faraway)_(omori),2243
grimoire,2243
wriothesley_(genshin_impact),2243
paper_stack,2242
fatal_frame,2242
yu-gi-oh!_arc-v,2241
white_bandeau,2241
yua_(checkmate),2241
anti_(untea9),2241
mithrun,2240
hassan_of_serenity_(fate),2240
satsuki_(blue_archive),2239
body_armor,2238
ujimatsu_chiya,2238
bikini_top_pull,2238
shirt_under_dress,2237
kanna_(swimsuit)_(blue_archive),2237
holding_quill,2237
nemona_(pokemon),2237
yellow_cloak,2237
island,2237
tail_between_legs,2236
horned_mask,2236
snivy,2236
shino_(ponjiyuusu),2236
blue_wrist_cuffs,2236
penlight_(glowstick),2236
cursive,2235
keroro_gunsou,2235
elesa_(pokemon),2235
wolverine_(x-men),2235
dorsal_fin,2235
idolmaster_dearly_stars,2235
magatama_earrings,2234
fanning_self,2234
konoshige_(ryuun),2233
yellow_raincoat,2233
levitation,2233
tsunako,2232
hourglass,2232
torn_panties,2232
chaldea_logo,2231
shoebill_(kemono_friends),2231
long_ribbon,2230
holding_magnifying_glass,2230
slashing,2229
artoria_pendragon_(lancer_alter)_(fate),2229
playstation_controller,2229
ringo_(touhou),2228
cinderella_series,2228
sleeveless_bodysuit,2227
shoulder_holster,2227
duel_masters,2227
jun_(navigavi),2226
fuji_kiseki_(umamusume),2226
punk,2225
video_game,2225
slam_dunk_(series),2224
flareon,2224
melonbooks,2223
anchor_print,2222
naked_hoodie,2222
stream,2222
borrowed_design,2221
karakai_jouzu_no_takagi-san,2221
medallion,2220
hooded_cardigan,2219
shiny_and_normal,2219
witch_(madoka_magica),2218
object_in_pocket,2218
dragon's_crown,2217
tohru_(maidragon),2217
sukajan,2217
butterfly_net,2217
very_wide_shot,2216
niijima_makoto,2215
g11_(girls'_frontline),2215
himeko_(honkai:_star_rail),2215
kouno_(masao),2215
gensou_suikoden,2215
snow_leopard_tail,2213
pokemon_card,2213
hat_tip,2213
senran_kagura_shoujo-tachi_no_shin'ei,2213
heaven's_feel,2213
gonzarez,2212
gimp_(medium),2212
floating_scarf,2211
shell_necklace,2211
shared_speech_bubble,2210
irida_(pokemon),2209
footwear_ribbon,2208
dissidia_final_fantasy,2208
minato_aqua_(1st_costume),2208
crane_(machine),2208
sequential,2208
white_nightgown,2207
musical_note_print,2207
diamond_(gemstone),2207
irisviel_von_einzbern,2207
final_fantasy_xvi,2206
akita_neru,2205
chastity_cage,2204
haniwa_(statue),2204
aubrey_(headspace)_(omori),2204
blue_shawl,2203
two-tone_boots,2203
weapon_request,2202
usashiro_mani,2201
atou_haruki,2201
four-leaf_clover_hair_ornament,2199
napkin,2199
yellow_headband,2199
hachigatsu_no_cinderella_nine,2199
adapted_turret,2199
athletic_leotard,2198
energy_beam,2198
heart_(organ),2197
cheekbones,2197
x_(mega_man),2197
kanikama,2197
lovebrush_chronicles,2196
jojo_pose,2196
monkey_ears,2195
snowball,2195
kousaka_tamaki,2194
tokyo_revengers,2193
scott_pilgrim_(series),2193
marie_antoinette_(fate),2193
cut_bangs,2192
colorful_background,2191
henshin,2191
striped_fur,2190
bag_of_chips,2190
moth,2189
kin-iro_mosaic,2189
dakimakura_(object),2188
ass_support,2188
unconventional_media,2188
musou_isshin_(genshin_impact),2187
burnt_clothes,2187
elezen,2186
daidouji_tomoyo,2186
grey_bowtie,2186
asa_no_ha_(pattern),2186
polka_dot_skirt,2185
flashback,2185
snorkel,2185
thighhighs_pull,2184
ice_skates,2184
etna_(disgaea),2184
asaka_karin,2184
america_(hetalia),2183
cosplay_photo,2183
mahou_girls_precure!,2182
ano_hi_mita_hana_no_namae_wo_bokutachi_wa_mada_shiranai.,2182
leotard_peek,2182
nanasaki_ai,2181
doraemon,2180
papakha,2180
popuko,2180
orange_ascot,2179
marianne_von_edmund,2178
moona_hoshinova,2178
noh_mask,2178
kimono_pull,2177
power_suit_(metroid),2177
silver_trim,2177
scarf_over_mouth,2177
kuji-in,2177
age_comparison,2176
drugs,2175
mifune_shioriko,2174
cerise_bouquet,2174
hoshizora_miyuki,2173
noumi_kudryavka,2173
holding_coin,2173
boku_no_kokoro_no_yabai_yatsu,2172
menma_(enaic31),2172
javelin_(azur_lane),2171
backbeard,2171
final_fantasy_xv,2171
makizushi,2171
stitched_arm,2171
ise_(kancolle),2170
blue_bandana,2170
sonoda_chiyoko,2170
cocktail,2170
cropped_arms,2169
frye_(splatoon),2169
m1911,2168
blowing_bubbles,2166
person_and_animalization,2166
lucky_beast_(kemono_friends),2166
takeuchi_takashi,2165
raccoon,2165
hat_on_back,2164
murakumo_kai_ni_(kancolle),2164
detached_ahoge,2164
coconut,2164
katsuragi_lilja,2162
goblin_slayer!,2161
pickaxe,2161
orange_pekoe_(girls_und_panzer),2161
holding_glowstick,2161
fur-trimmed_shirt,2160
white_babydoll,2160
glowing_tattoo,2160
pump_action,2159
thick_arms,2159
optical_sight,2159
crystal_hair,2159
condensation,2159
suou_momoko,2158
purple_robe,2158
mon3tr_(arknights),2158
shuujin_academy_school_uniform,2157
hands_on_ground,2156
gradient_horns,2156
ojou-sama_pose,2156
hand_in_another's_panties,2156
butter,2155
crayon,2154
bardiche_(nanoha),2154
side_slit_shorts,2154
eternity_larva,2153
shiguang_dailiren,2153
ueyama_michirou,2153
shinonome_akito,2153
super_saiyan_1,2152
belko,2152
cinnamoroll,2151
noelle_(genshin_impact),2151
pit_(kid_icarus),2150
single_blush_sticker,2150
frontal_wedgie,2149
boa_hancock,2149
hakos_baelz_(1st_costume),2149
blind,2149
kayamori_ruka,2148
holding_money,2147
mullet,2147
gold_tiara,2147
shikigami,2147
uchikake,2147
sand_sculpture,2146
orange_panties,2146
heart-shaped_gem,2146
kirigaya_suguha,2146
easter_egg,2145
airi_(blue_archive),2145
tokoyami_towa_(1st_costume),2145
wavy_eyes,2144
chibi_usa,2143
white_bandana,2143
grey_cat,2142
cowboy_boots,2141
cum_on_legwear,2139
cracked_wall,2138
morning_after,2138
warning_sign,2138
leash_pull,2137
green_trim,2136
sparse_chest_hair,2136
noshiro_(kancolle),2136
beidou_(genshin_impact),2136
spoken_food,2135
impossible_swimsuit,2135
prisma_illya,2135
fine_motion_(umamusume),2135
tohno_shiki,2134
aqua_hairband,2134
jirachi,2134
miyako_(swimsuit)_(blue_archive),2133
tegaki,2133
fascinator,2133
hole_on_body,2132
ramlethal_valentine,2132
balancing,2132
eggplant,2132
combat_boots,2132
two-tone_necktie,2131
pennant,2131
sparkle_print,2131
va-11_hall-a,2130
black_babydoll,2129
kanabou,2129
holding_skull,2129
pom_pom_beanie,2129
pinstripe_dress,2129
lucy_(cyberpunk),2129
aquarium,2128
kamisato_ayato,2128
shinano_(azur_lane),2127
komiya_kaho,2127
aile_(mega_man_zx),2127
clown,2126
clock_tower,2126
rouge_the_bat,2126
andou_(girls_und_panzer),2125
elphelt_valentine,2125
mejiro_dober_(umamusume),2124
senren_banka,2124
full-length_mirror,2124
tropical_drink,2124
ribbed_leotard,2123
konoe_kanata,2123
natsuki_(doki_doki_literature_club),2122
comparison,2122
biwa_hayahide_(umamusume),2122
lattice,2122
paint_splatter_on_face,2122
kikkoumon,2122
holding_another's_legs,2121
squall_leonhart,2121
plastic_bottle,2121
rosmontis_(arknights),2121
counter:side,2121
kimono_skirt,2121
condom_box,2121
tentacles_under_clothes,2121
united_kingdom_(hetalia),2120
breasts_on_table,2120
sonetto_(reverse:1999),2119
teruzuki_(kancolle),2119
like_and_retweet,2119
undead,2119
studded_choker,2119
wa_(genryusui),2119
pink_outline,2118
mole_on_shoulder,2117
covering_one_eye,2116
climbing,2116
hand_under_shirt,2115
kamishiro_rui,2115
cyndaquil,2114
gills,2114
devil_fruit_power,2114
portgas_d._ace,2113
maid_day,2113
shishiro_botan_(1st_costume),2113
uva_academy_school_uniform,2112
rita_rossweisse,2111
green_hakama,2110
blood_drip,2109
jun'you_(kancolle),2109
saitama_(one-punch_man),2109
arched_crown,2108
holding_mop,2108
lucifer_(helltaker),2107
ear_scrunchie,2107
infinity_symbol,2107
wrist_wrap,2107
hoshi_syoko,2107
unitard,2107
coat_partially_removed,2106
head_on_chest,2106
diva_(hyxpk),2105
hinghoi,2105
hakui_koyori_(1st_costume),2104
seaweed,2103
strap_lift,2103
facebook_username,2103
ginhaha,2103
baobhan_sith_(first_ascension)_(fate),2103
shinda_sekai_sensen_uniform,2103
echo_(circa),2102
in_cup,2102
mouth_piercing,2101
lovely_labrynth_of_the_silver_castle,2101
brown_collar,2101
nachi_(kancolle),2101
darker_than_black,2101
bartender,2100
d.gray-man,2100
orange_cape,2099
saddle,2099
weibo_username,2099
bishamonten's_pagoda,2099
gigantic_penis,2099
pussy_juice_drip_through_clothes,2098
blood_on_leg,2097
deadpool_(series),2097
pokemon_platinum,2097
ryuuou_no_oshigoto!,2097
null_(nyanpyoun),2097
peach_hat_ornament,2097
hina_(dress)_(blue_archive),2096
white_garter_belt,2095
battleship_princess,2095
asashio_kai_ni_(kancolle),2094
angel_devil_(chainsaw_man),2093
ling_(arknights),2093
pants_under_skirt,2093
gundam_tekketsu_no_orphans,2093
androgyne_symbol,2093
herrscher_of_sentience,2092
selen_tatsuki,2092
matsuno_osomatsu,2092
green_scrunchie,2092
brown_panties,2091
apartment,2091
chikorita,2091
swimsuit_cover-up,2091
loaded_interior,2090
ice_cream_float,2090
yo-yo,2090
hard_hat,2090
subscribestar_username,2089
game_screenshot_background,2089
holding_heart,2088
yumi_(senran_kagura),2088
hauchiwa,2088
belt_boots,2087
soap_censor,2087
high-waist_pantyhose,2086
winged_heart,2086
steampunk,2085
magi_the_labyrinth_of_magic,2085
honey,2085
waddle_dee,2085
polka_dot_shirt,2085
sinoalice,2084
facing_ahead,2084
arcaea,2083
grocery_bag,2083
waist_ribbon,2083
inkwell,2083
native_american,2083
hooded_dress,2083
hat_with_ears,2083
potato,2082
futaba_channel,2081
alpha_transparency,2081
roundel,2081
embroidery,2081
fletcher_(kancolle),2081
katsuragi_misato,2080
black_bird,2080
yukinoshita_yukino,2079
uncommon_stimulation,2079
mira-cra_park!,2077
galaxy_angel,2077
misumi_nagisa,2077
onigirikun,2076
sunazuka_akira,2076
breastfeeding,2076
egg_hair_ornament,2074
meowth,2074
hamaya,2074
killua_zoldyck,2074
nekotoufu,2074
convenience_store,2074
choukai_(kancolle),2074
krista_lenz,2074
holding_mirror,2074
free!,2073
watatsuki_no_yorihime,2073
loose_shirt,2072
holding_skewer,2072
red_hanfu,2071
jakuzure_nonon,2070
white_pajamas,2070
world_trigger,2070
kongou_kai_ni_(kancolle),2070
freediving,2070
hakurei_reimu_(cosplay),2070
vocaloid_append,2069
\n/,2069
juxtaposition,2069
green_border,2068
rabbit_yukine,2067
shiomi_syuko,2067
hizaka,2067
male_doctor_(arknights),2066
evangelion:_3.0+1.0_thrice_upon_a_time,2065
muelsyse_(arknights),2065
bandolier,2064
hero_(faraway)_(omori),2064
telescope,2064
bayonetta_(series),2064
jeanne_d'arc_alter_santa_lily_(fate),2064
red_butterfly,2063
\o/,2063
shokugeki_no_souma,2063
gangut_(kancolle),2063
kasugano_sakura,2062
watermelon_bar,2062
phrolova_(wuthering_waves),2062
lactation_through_clothes,2062
index_(toaru_majutsu_no_index),2061
toosaka_asagi,2061
aoyagi_touya,2061
bibi_(tokoyami_towa),2061
seiken_densetsu_3,2061
holding_briefcase,2060
shoulder_cannon,2060
sayori_(neko_works),2060
matsumoto_rangiku,2059
open_bodysuit,2059
glock,2059
red_wine,2059
nagatsuki_(kancolle),2059
mari_(headspace)_(omori),2059
shopping,2058
spoken_expression,2058
body_horror,2058
cheek_pull,2057
mole_on_arm,2057
himeno_(chainsaw_man),2057
holding_photo,2056
fuuin_no_tsue,2056
cd,2056
gradient_legwear,2056
love_plus,2056
niko_(blue_archive),2055
umbrella_over_shoulder,2055
mole_on_collarbone,2055
sumiyao_(amam),2055
hand_mirror,2055
green_armor,2055
crane_game,2053
scaramouche_(cat)_(genshin_impact),2053
hat_over_one_eye,2053
among_us,2053
4others,2053
huge_eyebrows,2053
cleaver,2053
matsuno_karamatsu,2052
saren_(princess_connect!),2051
eldritch_abomination,2051
bored,2050
bicorne,2050
frozen_(disney),2050
red_suit,2050
xenoblade_chronicles_1,2049
yuzuriha_inori,2047
chris_redfield,2047
tapir_tail,2047
screwdriver,2047
gyro_zeppeli,2046
donation_box,2046
under_tree,2045
aurora,2045
takara_miyuki,2045
matsuno_ichimatsu,2045
barbed_wire,2045
black_clover,2045
hellsing,2044
cross-laced_slit,2044
untying,2044
chest_guard,2044
ibispaint_(medium),2044
vibrator_in_thighhighs,2044
sakuragi_mano,2042
drawn_whiskers,2041
yellow_pantyhose,2041
isegye_idol,2041
danganronpa_another_episode:_ultra_despair_girls,2040
suzuhara_lulu,2040
studded_bracelet,2040
pentacle,2040
hologram,2040
toilet_use,2039
tokoyami_towa_(jirai_kei),2039
camcorder,2039
kris_(pokemon),2038
avatar:_the_last_airbender,2037
mat,2037
grey_flower,2036
holding_scepter,2036
bus_stop,2036
covered_testicles,2036
the_legend_of_zelda:_skyward_sword,2036
yamamoto_souichirou,2035
fubuki_(blue_archive),2035
print_headwear,2035
vector_trace,2035
panicking,2034
candy_wrapper,2034
hoshino_ruby,2034
yordle,2034
kuroshio_(kancolle),2034
hair_vines,2033
virtuosa_(arknights),2033
light_machine_gun,2033
dotted_background,2032
pet_bowl,2032
sakugawa_school_uniform,2032
queen_of_spades_symbol,2031
wrapped_candy,2031
objectification,2031
maruzensky_(umamusume),2029
chigusa_minori,2029
seishun_buta_yarou,2028
two-tone_legwear,2027
gradient_halo,2027
mismatched_earrings,2027
facing_down,2027
messenger_bag,2027
flaming_sword,2027
team_fortress_2,2026
huge_moon,2025
kusanagi_motoko,2025
lyre,2024
aozaki_aoko,2024
maomao_(kusuriya_no_hitorigoto),2024
smoking_barrel,2023
hishi_miracle_(umamusume),2023
moroboshi_kirari,2023
mountain_(arknights),2022
lighthouse,2022
nerissa_ravencroft_(1st_costume),2022
luigi's_mansion,2021
saliva_on_penis,2020
honda,2019
bandaid_on_forehead,2019
antique_firearm,2018
angela_(project_moon),2018
miyo_(ranthath),2018
hunched_over,2018
bird_print,2017
pixelated,2017
tengu,2017
nero_claudius_(bride)_(fate),2017
eden_academy_school_uniform,2017
turtleneck_bodysuit,2017
aqua_kimono,2016
multiple_riders,2015
zabuton,2015
tales_of_zestiria,2015
agawa_ryou,2013
indie_utaite,2013
ib_(kouri),2012
hikawa_hina,2012
deadpool,2012
hand_on_table,2011
mochi_trail,2011
two-sided_gloves,2010
orange_tank_top,2010
bamboo_broom,2010
red_nose,2010
hair_dryer,2010
dark_souls_iii,2009
frilled_armband,2009
char's_counterattack,2008
konjiki_no_yami,2008
casting_spell,2008
maple_leaf_print,2008
steven_universe,2007
yuki_judai,2007
rex_(xenoblade),2007
crease,2006
lizard,2005
borderless_panels,2005
han'eri,2005
pink_umbrella,2005
saiyan_armor,2004
nejiri_hachimaki,2003
pencil_case,2003
dirt,2002
joutouguu_mayumi,2002
kissing_penis,2001
food_bite,2000
tsuda_nanafushi,2000
my-hime,2000
galaxy,1999
green_sash,1999
lifebuoy_hair_ornament,1998
broken_weapon,1998
clothes_between_thighs,1998
off-shoulder_one-piece_swimsuit,1998
crystal_ball,1998
fish_skeleton,1998
ben-day_dots,1997
tsukioka_kogane,1997
racecar,1995
light_areolae,1995
toilet_paper,1995
nipple_rub,1995
heart-shaped_lock,1995
captured,1995
sora_no_kiseki,1994
hojo_karen,1994
topaz_(honkai:_star_rail),1994
tsubaki_(blue_archive),1994
in_palm,1993
wallet_chain,1993
knees_out_of_frame,1993
tenka_hyakken,1993
dragon_ball_fighterz,1993
kishimen_hair,1993
purple-framed_eyewear,1992
misaki_(blue_archive),1992
haru_haru_(koikoko),1992
undersized_breast_cup,1992
matsuno_jyushimatsu,1992
age_regression,1992
self-cosplay,1992
pepperoni_(girls_und_panzer),1991
blue_sarong,1991
pearl_(splatoon),1990
tharja_(fire_emblem),1989
lightsaber,1989
chongyue_(arknights),1989
holding_spatula,1989
kine,1988
maru-yu_(kancolle),1988
shrimp_tempura,1988
aranara_(genshin_impact),1987
taisa_(kari),1987
hair_color_connection,1987
teardrop_tattoo,1986
kissing_neck,1986
hilichurl_(genshin_impact),1986
multiple_monochrome,1986
skirt_cutout,1985
tales_of_asteria,1985
disembodied_eye,1984
m200_(girls'_frontline),1984
dorsiflexion,1984
white_sky,1984
gyaruo,1984
pet,1983
yarn_ball,1982
thighhighs_over_pantyhose,1982
cu_chulainn_(fate/stay_night),1982
glomp,1982
tenkyuu_chimata,1982
couter,1982
kazama_iroha_(1st_costume),1981
broad_shoulders,1981
shirayuki_(kancolle),1981
tracer_(overwatch),1981
corin_wickes,1980
chalice,1979
striped_vest,1979
olga_marie_animusphere,1979
yuuhagi_(amaretto-no-natsu),1979
bass_clef,1978
handsfree_paizuri,1978
fur_shawl,1978
crescent_necklace,1977
hanging_plant,1977
number_print,1977
two-tone_sports_bra,1977
jeanne_d'arc_alter_(ver._shinjuku_1999)_(fate),1977
jojolion,1976
holding_toy,1976
vore,1976
training_bra,1976
horn_ring,1975
colored_teeth,1975
musashi_kai_ni_(kancolle),1975
re:stage!,1975
multicolored_flower,1974
fallout,1974
cum_inflation,1973
half-skirt,1973
italian_flag,1973
yuuji_(and),1973
saint_seiya,1972
swiss_roll,1972
white_tabard,1971
artoria_pendragon_(swimsuit_ruler)_(fate),1971
kasumi_(doa),1970
pigeon,1970
iruma_miu,1970
tsukino_mito_(1st_costume),1970
striped_hoodie,1970
haruhisky,1970
aqua_shoes,1970
bloop_(gawr_gura),1970
single_tear,1969
arm_shield,1969
french_text,1969
mei_(overwatch),1969
katsuki_yuri,1968
ayanami_(kancolle),1968
flying_kick,1967
aroused_nosebleed,1967
crazy,1967
rectum,1967
hawks_(boku_no_hero_academia),1967
kesa,1967
bindi,1965
something_(omori),1965
fish_boy,1965
glansjob,1964
red_wrist_cuffs,1964
facing_up,1964
heripantomorrow,1964
amagi_brilliant_park,1964
asashimo_(kancolle),1964
toaru_majutsu_no_index:_old_testament,1964
child_carry,1964
z23_(azur_lane),1963
arm_across_waist,1962
tennis_ball,1962
takiki,1962
index_fingers_raised,1962
leather_armor,1961
spoiler_(automobile),1960
side-tie_peek,1960
mutual_hug,1960
sakurako_(blue_archive),1959
brain,1959
fujima_takuya,1959
green_robe,1959
lyney_(genshin_impact),1958
bungou_stray_dogs,1958
single_bridal_gauntlet,1958
lipstick_mark_on_penis,1958
curled_up,1958
earth_federation,1958
kagura_(gintama),1957
amplifier,1957
hello_kitty,1957
laundry,1956
blue_jumpsuit,1956
long_earlobes,1956
sticky_note,1956
mysterious_heroine_x_alter_(fate),1956
kanduki_kamibukuro,1956
pursed_lips,1956
houndstooth,1955
beretta_92,1955
hands_on_feet,1955
xingqiu_(genshin_impact),1955
deer_tail,1954
kamiya_nao,1954
celestia_ludenberg,1954
long_horns,1953
unzipping,1953
wing_brooch,1952
horn_flower,1951
blue_umbrella,1951
viktor_nikiforov,1951
aotu_world,1951
tepig,1951
green_one-piece_swimsuit,1951
arashio_(kancolle),1951
arm_on_another's_shoulder,1950
circle_facial_mark,1950
tomose_shunsaku,1950
long_neck,1949
brown_sash,1949
crocodilian_tail,1948
print_sleeves,1948
bloodshot_eyes,1948
intestines,1947
aqua_skin,1947
pink_tank_top,1947
cat_ear_legwear,1946
newtype,1946
fumihiko_(fu_mihi_ko),1945
moe_(blue_archive),1945
kemomimi-chan_(naga_u),1945
grey_cloak,1945
holding_shovel,1944
nishida_satono,1944
corn,1944
majo_no_tabitabi,1944
dongtan_dress,1944
sakura_no_sekai,1943
lipstick_mark_on_face,1942
kuroko_no_basuke,1942
new_school_swimsuit,1942
creature_focus,1941
blood_on_bandages,1941
koharu_(swimsuit)_(blue_archive),1941
personality_switch,1941
self_wedgie,1940
zen_(kamuro),1940
yowane_haku,1939
clearite,1939
koizumi_itsuki,1939
looking_through_own_legs,1938
hanyuu,1938
vita_(nanoha),1938
sabrina_(pokemon),1937
arthropod_boy,1935
last_order_(toaru_majutsu_no_index),1935
tsugu_(vtuber),1935
hooded_vest,1935
honolulu_(azur_lane),1935
legs_over_head,1935
tales_of_graces,1935
grey_choker,1935
ayu_(mog),1934
garchomp,1934
android_21,1934
street_fighter_iii_(series),1934
gold_circlet,1933
yayoi_(kancolle),1933
short-sleeved_sweater,1931
maplestory,1930
ichihara_nina,1930
living_clothes,1930
crotch_focus,1929
hatoba_tsugu,1929
russia_(hetalia),1929
neuro-sama,1929
holding_chain,1929
multiple_legs,1929
kurukurumagical,1929
calem_(pokemon),1928
tenochtitlan_(fate),1928
ditto,1928
oberon_(third_ascension)_(fate),1928
slime_(dragon_quest),1928
symbolism,1928
torchic,1928
tongs,1927
purple_border,1927
wrestling_ring,1927
vivio,1927
hanasaki_tsubomi,1925
flower_bracelet,1924
sideways_hat,1924
bianca_(pokemon),1924
alternate_weapon,1924
katsuragi_(kancolle),1924
aoki_hagane_no_arpeggio,1923
penis_over_eyes,1923
takagi-san,1923
gradient_wings,1923
fur_jacket,1922
art_nouveau,1922
hat_belt,1922
taimanin_suit,1922
implied_fellatio,1921
archery,1921
logo_parody,1921
saiguchi_otoufu,1921
dress_swimsuit,1921
sobu_high_school_uniform,1921
merchandise,1921
ao_isami,1921
red_mittens,1921
hoshino_aquamarine,1920
amulet,1920
truth,1920
eye_of_horus,1918
ayane_(blue_archive),1917
two-tone_veil,1917
toga,1916
groom,1916
hataya_misuzu,1916
nanami_kento,1916
ar-15,1913
pink_headband,1913
pointing_forward,1912
hisakawa_hayate,1910
mattaku_mousuke,1910
two-tone_kimono,1910
kaamin_(mariarose753),1910
sailor_mercury,1908
rotte_(1109),1908
wa_lolita,1908
bowler_hat,1907
print_haori,1907
rosehip_(girls_und_panzer),1907
xenosaga,1906
2014,1906
ghost_pose,1906
wheat_field,1906
koihime_musou,1906
stay_gold_(umamusume),1905
stitched_mouth,1905
fukawa_toko,1905
checkered_flag,1904
zun_(style),1904
snack,1904
weightlifting,1904
bad_imgur_id,1903
gold_thighlet,1902
bullet_hole,1902
bound_torso,1902
kashikaze,1902
high_tops,1901
sonozaki_shion,1901
durin_(genshin_impact),1900
dr._stone,1900
straitjacket,1899
monomi_(danganronpa),1899
otonose_kanade,1899
nu_carnival,1899
mother_2,1899
tama_(kancolle),1898
face_between_breasts,1898
cartoon_bone,1898
rupa_(girls_band_cry),1897
blue_poison_(arknights),1897
onii-shota,1896
seal_(animal),1896
propeller,1896
sengoku_nadeko,1895
two-handed_handjob,1895
ready_to_draw,1895
mannequin,1895
kourindou_tengu_costume,1895
metaphor:_refantazio,1895
stone_stairs,1895
phantom_of_the_kill,1894
ear_protection,1894
traditional_chinese_text,1893
mouth_insertion,1893
rocket,1892
bayonet,1892
...?,1892
afrobull,1892
licking_armpit,1891
sakura_miko_(1st_costume),1891
perfume_bottle,1891
sakuma_mayu,1891
m4a1_(girls'_frontline),1891
print_shorts,1890
erect_clitoris,1890
nebula,1890
teruterubouzu,1889
le_malin_(azur_lane),1889
kurapika,1889
beatmania_iidx,1889
maki_(blue_archive),1889
hello_kitty_(character),1888
shiny_legwear,1888
human_scabbard,1888
wattson_(apex_legends),1886
bridal_legwear,1886
teireida_mai,1885
foregrip,1885
aris_(maid)_(blue_archive),1885
lying_on_lap,1884
wide_brim,1884
goodsmile_company,1884
raven_(dc),1884
on_railing,1884
huge_pectorals,1884
sweater_tucked_in,1884
kuzuha_(nijisanji),1884
hat_tassel,1883
butterfly-shaped_pupils,1883
nearly_naked_apron,1883
bo_staff,1883
jervis_(kancolle),1883
mario_kart,1882
piyodera_mucha,1882
yotsubato!,1882
ear_chain,1882
widowmaker_(overwatch),1881
a_certain_high_school_uniform,1880
okabe_rintarou,1880
souseiseki,1878
torn_bodystocking,1877
m16a1_(girls'_frontline),1877
alternate_species,1877
boxcutter,1877
jacket_pull,1877
two-tone_sweater,1876
hokko_tarumae_(umamusume),1876
mioda_ibuki,1876
jinhsi_(wuthering_waves),1876
green_feathers,1875
minato_aqua_(sailor),1875
elio_(pokemon),1875
araragi_koyomi,1874
ichikawa_feesu,1874
chandelure,1874
matsuno_choromatsu,1873
thermometer,1873
sprinkles,1873
bike_shorts_under_shorts,1872
osaki_tenka,1872
fate/extella,1871
funami_yui,1871
tsukumo_benben,1871
uneven_twintails,1870
multicolored_tail,1870
holding_fish,1870
blue_haori,1870
anal_fluid,1870
baby_bottle,1870
hypnosis_mic,1869
yumeno_himiko,1869
suzukaze_(kancolle),1869
yd_(orange_maru),1868
tsukumo_sana,1868
implied_kiss,1868
nipple_clamps,1867
vertical-striped_sleeves,1867
hand_on_floor,1866
above_clouds,1866
myoukou_(kancolle),1866
purple_armor,1866
triple_penetration,1866
oshida_(girls_und_panzer),1866
blood_bag,1866
mejiro_palmer_(umamusume),1865
goat,1865
chimera,1865
soccer,1864
bulletin_board,1864
pokemon_go,1864
makoto_nanaya,1863
the_legend_of_zelda:_the_wind_waker,1862
war,1862
bruno_bucciarati,1862
dehya_(genshin_impact),1861
shiraishi_an,1861
beni_shake,1861
mash_kyrielight_(dangerous_beast)_(cosplay),1861
latex_legwear,1861
watatsuki_no_toyohime,1861
martial_arts_belt,1860
gyee,1860
zero_gravity,1859
hiyori_(blue_archive),1859
ushiromiya_ange,1858
ichikawa_hinana,1858
enkyo_yuuichirou,1858
martha_(fate),1857
doily,1857
tohno_akiha,1857
snake_earrings,1857
yamada_anna,1857
dragon_ears,1857
star_pasties,1856
pavolia_reine,1856
usopp,1855
wet_dress,1855
nipple_jewelry,1855
knife_sheath,1854
analogous_colors,1853
the_ring,1853
leafa_(sao),1853
su-san,1853
little_nuns_(diva),1853
m4_sopmod_ii_(girls'_frontline),1853
sobble,1853
gregor_(project_moon),1852
kitsunerider,1852
bb_(fate/extra),1852
chilchuck_tims,1851
iris_(pokemon),1851
single_knee_pad,1851
handstand,1851
messy_room,1851
silver_fox_(kemono_friends),1850
taiki_shuttle_(umamusume),1850
sun_tattoo,1850
uchi_no_hime-sama_ga_ichiban_kawaii,1850
harada_minoru,1850
claude_von_riegan,1850
resident_evil_4_(remake),1849
consensual_tentacles,1849
sorcerer's_sutra_scroll,1849
bayonetta,1849
racerback,1849
odaibako,1848
bombergirl,1848
heckler_&_koch,1848
kiryu_coco_(1st_costume),1848
chi-chi_(dragon_ball),1848
penises_touching,1848
implied_fingering,1846
neru_(bunny)_(blue_archive),1846
nonomi_(swimsuit)_(blue_archive),1846
okamisty,1846
dog_penis,1846
haruna_kai_ni_(kancolle),1846
handprint,1845
eyelash_ornament,1845
nijigaoka_mashiro,1845
baltimore_(azur_lane),1845
striped_hair,1845
japan_(hetalia),1844
sweep_tosho_(umamusume),1844
red_track_suit,1844
call_of_duty:_modern_warfare_2,1844
testicle_sucking,1844
sakamoto_mio,1843
pokemon_move,1843
gladion_(pokemon),1842
cum_in_container,1841
medea_(fate),1841
buzzlyears,1841
mochi_au_lait,1840
nib_pen_(object),1840
gallade,1839
lace-trimmed_shirt,1839
kishibe_rohan,1839
maizono_sayaka,1839
eye_print,1839
balding,1838
piers_(pokemon),1838
thick_lineart,1838
hanten_(clothes),1838
dragonite,1838
smokestack_hair_ornament,1838
pangya,1837
covering_another's_eyes,1837
biting_ear,1836
flower_in_mouth,1836
mega_man_(character),1836
red_sports_bra,1836
family_crest,1835
affectionate,1835
aldnoah.zero,1835
tashkent_(kancolle),1834
flying_fish,1834
pushing,1834
tears_of_themis,1834
pinstripe_suit,1833
puff_and_slash_sleeves,1833
spaghetti,1833
two-finger_salute,1833
world_flipper,1832
falin_touden_(tallman),1831
nier,1831
grisaia_(series),1831
labret_piercing,1831
urban,1831
lolita_channel,1831
album_name,1830
upshorts,1830
kiwi_(fruit),1830
glowing_wings,1830
kenzaki_makoto,1830
reed_(arknights),1830
holding_toothbrush,1830
decepticon,1829
armored_core,1828
animal_on_arm,1828
mobius_(honkai_impact),1828
title_parody,1827
chocolate_cake,1826
shironeko_project,1826
kousaka_reina,1826
pichu,1825
hataraku_saibou,1825
bird_mask,1825
floyd_leech,1824
print_necktie,1824
sparkle_hair_ornament,1824
invisible_man,1823
miyamoto_musashi_(swimsuit_berserker)_(fate),1823
la_pluma_(arknights),1823
kel_(headspace)_(omori),1823
azusawa_kohane,1822
tulip_hat,1822
clueless,1822
humping,1821
bound_together,1821
melon,1820
lightning_bolt_print,1820
cat_bag,1820
nintendo,1819
mordred_(fate/apocrypha),1819
saki_achiga-hen,1819
glove_bow,1818
otonashi_kotori,1818
powerpuff_girls,1818
kamio_misuzu,1817
dragalia_lost,1817
hanging_light,1817
vibrator_on_nipple,1817
tanaka_mamimi,1816
vertical-striped_bikini,1816
masochism,1816
penis_on_ass,1815
procreate_(software),1815
toilet_stall,1815
daram_(shappydude),1814
reiuji_utsuho_(bird),1814
oda_uri,1814
food_on_breasts,1813
sauna,1813
katsuragi_marina,1813
saber_lily,1813
hasumi_(track)_(blue_archive),1812
soukaku_(zenless_zone_zero),1811
leaf_hat_ornament,1811
kizuna_ai_inc.,1810
double_vertical_stripe,1810
suzumiya_haruhi_no_shoushitsu,1810
tachibana_hinano,1810
yukishiro_honoka,1810
snk,1809
horideiyasumi,1809
back-seamed_legwear,1809
licking_foot,1809
japanese_crested_ibis_(kemono_friends),1807
elsa_(frozen),1807
hedgehog,1806
koi,1806
2013,1806
monochrome_background,1806
vertical-striped_kimono,1806
post-apocalypse,1806
tsurumaki_maki,1806
tapir_ears,1805
anchor_necklace,1805
hand_on_own_ear,1805
adjusting_legwear,1805
imu_sanjo,1805
toast_in_mouth,1805
down_jacket,1804
super_saiyan_4,1804
facepalm,1804
chongyun_(genshin_impact),1804
shirt_overhang,1804
ebizuka_tomo,1804
hand_over_eye,1803
two-sided_cloak,1802
alice_(alice_in_wonderland)_(cosplay),1802
kanojo_okarishimasu,1802
single_bare_leg,1801
guilty_gear_xx,1801
hand_on_another's_ear,1801
peony_(flower),1800
conductor_baton,1800
coat_dress,1799
hogwarts_school_uniform,1799
guided_penetration,1799
agano_(kancolle),1798
cellphone_charm,1798
bad_food,1798
absol,1798
warioware,1798
electrical_outlet,1798
purple_heart_(neptunia),1798
oohashi_high_school_uniform,1797
how_to,1797
kabru,1797
arm_cuffs,1797
heanna_sumire,1797
tokimeki_memorial,1797
purple_cloak,1797
tails_(sonic),1797
yuigahama_yui,1797
luka_(alien_stage),1796
pipimi,1796
gold_shoes,1796
plant_roots,1796
wallet,1795
koishi_day,1794
braixen,1794
yuuki_haru,1794
natsume_rin,1793
angel_(kof),1793
brick,1793
tearing_clothes,1793
personal_ami,1793
sukoya_kana,1792
double_horizontal_stripe,1792
striped_coat,1791
mew_(pokemon),1791
bite_mark_on_neck,1790
bad_perspective,1790
maneki-neko,1790
green_ascot,1790
self-harm_scar,1789
king_(chess),1789
storefront,1789
ongeki,1789
bluesky_username,1789
on_innertube,1789
sports_panties,1789
lupin_iii,1789
transformers:_generation_1,1788
fiery_horns,1788
theresa_(arknights),1787
furutaka_(kancolle),1787
degrees_of_lewdity,1787
boar,1786
lord_el-melloi_ii_case_files,1786
modeus_(helltaker),1786
kazano_hiori,1786
alice_margatroid_(pc-98),1785
holding_whisk,1785
paper_crane,1785
dagashi_kashi,1784
dress_ribbon,1784
siege_(arknights),1783
batman,1783
missile_pod,1782
ralsei,1782
crocodilian,1782
lowleg_pants,1782
project_tokyo_dolls,1782
yuri_(doki_doki_literature_club),1782
signum,1782
employee_(project_moon),1781
nikorashi-ka,1781
ring_gag,1781
sakura_bakushin_o_(umamusume),1781
libeccio_(kancolle),1780
jashin-chan_dropkick,1779
historical_name_connection,1779
no_eyepatch,1778
goodsmile_racing,1778
dokomon,1778
mamiya_(kancolle),1778
holding_newspaper,1777
panties_under_buruma,1777
posing,1777
hachikuji_mayoi,1777
kamui_gakupo,1776
mizuki_makoto,1776
ticket,1776
on_roof,1775
theft,1775
diving_mask_on_head,1775
princess_king_boo,1774
rhodes_island_logo_(arknights),1773
no_blindfold,1773
clown_nose,1772
meursault_(project_moon),1772
tag,1772
holding_plant,1772
furukawa_nagisa,1771
waiter,1770
caenis_(fate),1770
nishi_kinuyo,1770
koruri,1770
oomuro_sakurako,1769
jolteon,1768
one_ear_down,1768
shigure_kai_san_(kancolle),1768
monster_hunter_rise,1768
lossy-lossless,1768
tang_keke,1768
shoujo_shuumatsu_ryokou,1768
sadism,1767
mitre,1767
white_tunic,1766
kawaanago,1766
pixie_cut,1765
food_art,1764
sitting_on_table,1764
paint_on_clothes,1764
cuirass,1764
gnosia,1764
isuzu_(kancolle),1764
blue_petals,1763
mast,1763
dollchestra,1763
ribbed_bodysuit,1762
mimura_kanako,1762
circled_9,1762
seatbelt,1761
shigure_(blue_archive),1761
art_brush,1761
latias,1761
matoba_risa,1759
world_cup,1758
furen_e_lustario,1758
mob_face,1758
icho_private_high_school_uniform,1757
zidane_tribal,1757
hero_(headspace)_(omori),1756
hisakawa_nagi,1756
kizuna_ai,1756
kingdom_hearts_ii,1755
white_petals,1755
between_toes,1755
healin'_good_precure,1754
duel_academy_uniform_(yu-gi-oh!_gx),1754
nonohara_miki,1754
papers,1754
star-shaped_eyewear,1753
shin_jigen_game_neptune_vii,1753
nakamura_yuri,1753
bean_bag_chair,1753
bus,1753
persona_3_reload,1752
noel_vermillion,1752
leona_heidern,1752
clothes_tug,1752
ace_of_spades,1752
looking_at_hand,1751
adidas,1751
hammock,1750
orange_jumpsuit,1750
amami_rantaro,1750
poleyn,1750
dishwasher1910,1750
skull_necklace,1749
string_bra,1749
passionlip_(fate),1749
object_floating_above_hand,1749
racing_miku,1748
rubber_gloves,1748
tools,1748
photorealistic,1748
sakura_chiyono_o_(umamusume),1748
merlin_(fate),1748
lute_(instrument),1747
skeleton_print,1747
floating_island,1747
holding_cross,1747
yang_guifei_(fate),1746
tuanshan,1746
gabriel_dropout,1746
censored_text,1745
brazilian_flag,1745
ketchup_bottle,1745
dawn,1745
anemo_symbol_(genshin_impact),1745
uruha_rushia_(1st_costume),1745
jean_pierre_polnareff,1745
rounded_corners,1744
kaigen_1025,1744
group_hug,1744
black_male_swimwear,1743
kamille_(vcx68),1743
bear_costume,1743
infirmary,1743
kaf_(kamitsubaki_studio),1743
kishinami_hakuno_(female),1742
heart-shaped_eyes,1742
elaina_(majo_no_tabitabi),1741
producer_(idolmaster_cinderella_girls_anime),1741
polka_dot_swimsuit,1741
tukiwani,1741
red_slingshot_swimsuit,1740
riddle_joker,1740
sanoba_witch,1740
wakizashi,1740
tokyo_(city),1740
rias_gremory,1739
clone_harem,1739
single_boot,1739
makeup_brush,1739
hooded_bodysuit,1739
uiharu_kazari,1739
nekopara,1738
marking_on_cheek,1738
minami_(colorful_palette),1738
aston_machan_(umamusume),1737
ange_katrina_(1st_costume),1737
trinity_general_school_logo,1737
amesuku_gyaru,1737
octopath_traveler,1736
northern_white-faced_owl_(kemono_friends),1736
playstation_portable,1736
hiro_(darling_in_the_franxx),1736
inline_skates,1736
noire_(neptunia),1736
wanta_(futoshi),1735
multi-strapped_panties,1735
owl_ears,1734
oversized_breast_cup,1734
utage_(arknights),1733
female_goblin,1733
hyakumantenbara_salome,1733
heaven_official's_blessing,1732
yamamura_sadako,1732
epic_seven,1732
summon_night,1732
jockstrap,1732
azura_(fire_emblem),1732
omikuji,1731
female_sensei_(blue_archive),1731
german_flag,1731
kyoukaisenjou_no_horizon,1731
solid_circle_pupils,1731
minamino_kanade,1731
ohisashiburi,1730
sasaki_saku,1730
grusha_(pokemon),1730
hairjob,1729
multicolored_hoodie,1729
gerudo,1729
schwarz_(arknights),1729
mudkip,1728
oil_painting_(medium),1728
bremerton_(scorching-hot_training)_(azur_lane),1728
kirino_ranmaru,1728
torture,1727
sparse_stubble,1727
sonya_(kill_me_baby),1727
kohaku_(tsukihime),1726
urethral_insertion,1726
gold_city_(umamusume),1726
flying_paper,1726
tokyo_7th_sisters,1726
excalibur_morgan_(fate),1726
misunderstanding,1725
inazuma_eleven_go_chrono_stone,1725
giant_monster,1725
dikko,1725
surrounded,1725
grill,1724
gift_bag,1723
steak,1723
cum_on_pussy,1723
hand_in_own_panties,1723
popplio,1723
ezo_red_fox_(kemono_friends),1723
tweaking_own_nipple,1722
grey_bag,1722
watching_television,1722
g_gundam,1721
yunyun_(konosuba),1721
holding_necklace,1721
color_timer,1720
moon_phases,1720
south_park,1719
blaze_(arknights),1719
cum_in_nose,1718
holding_key,1718
lovestruck,1717
spit_take,1717
merunyaa,1717
lord_camelot_(fate),1717
sylphiette_(mushoku_tensei),1717
niliu_chahui,1717
love_live!_school_idol_festival_all_stars,1717
manaka_laala,1717
shiny_swimsuit,1716
white_tiger,1716
ini_(inunabe00),1716
kono_lolicon_domome,1715
converse,1715
hoshimiya_ichigo,1715
nyantype,1715
in_memoriam,1714
single_fishnet_legwear,1714
see-through_sarong,1714
cat_costume,1714
cat_on_shoulder,1714
jumpy_dumpty,1713
red_oni,1713
malenia_blade_of_miquella,1713
st_ar-15_(girls'_frontline),1713
reindeer,1712
expressive_clothes,1711
bear_tail,1711
penny_(pokemon),1711
finger_to_another's_mouth,1711
matsuryuu,1710
bib,1709
flak_jacket,1709
shimada_fumikane,1709
inseki,1709
kageyama_shigeo,1709
nanachi_(made_in_abyss),1709
single_head_wing,1709
toaru_majutsu_no_index:_new_testament,1709
ishikei,1708
star_of_david,1708
2012,1708
monster_focus,1708
log_pose,1708
piromizu,1708
bronya_zaychik_(silverwing:_n-ex),1707
kirara_(blue_archive),1706
isoi_reiji,1706
negative_space,1706
matou_kariya,1706
magnemite,1705
diaper,1705
grey_wolf_(kemono_friends),1705
pom_pom_earrings,1704
plaid_panties,1704
glowing_horns,1703
changpao,1703
kiss-shot_acerola-orion_heart-under-blade,1702
rook_(chess),1702
satin,1702
beam_cannon,1701
ako_(dress)_(blue_archive),1701
red_hood_(nikke),1701
hand_grip,1701
glory_wall,1700
chocobo,1700
matsuno_todomatsu,1700
wading_pool,1699
stanley_lau,1699
yoshikawa_chinatsu,1699
goma_(gomasamune),1699
litwick,1698
aaaa_(quad-a),1698
isonami_(kancolle),1698
nekomusume,1698
serina_(blue_archive),1698
kamiina_botan_yoeru_sugata_wa_yuri_no_hana,1697
grenade_launcher,1697
kamukura_izuru,1697
horseshoe,1696
maka_albarn,1696
spreading_own_anus,1696
choujigen_game_neptune,1696
saiyan,1695
gon_freecss,1695
ankle_bow,1695
recorder,1694
hand_on_headphones,1694
fuuka_(blue_archive),1694
spreader_bar,1694
mio_(xenoblade),1694
hexagon_print,1694
kasumi_(blue_archive),1693
kuramoto_china,1693
mogami_shizuka,1693
kannagi,1693
karna_(fate),1693
ink_tank_(splatoon),1693
forked_tail,1693
bathrobe,1692
do_not_want,1692
arjuna_(fate),1692
jikkyou_powerful_pro_yakyuu,1692
sand_castle,1692
fortnite,1691
senjou_no_valkyria_(series),1691
wolf_costume,1690
tenshi_kaiwai,1690
yuri_lowell,1689
fuuzasa,1689
texas_the_omertosa_(arknights),1689
dragging,1688
hospital,1687
rewrite,1687
hexagon_hair_ornament,1687
fate/prototype:_fragments_of_blue_and_silver,1687
pramanix_(arknights),1687
diamond_earrings,1687
spiked_jacket,1686
osakabehime_(fate),1686
wraith_(apex_legends),1686
mauve,1686
frederica_bernkastel,1685
yuichirou,1685
two-tone_shorts,1685
ghost_hair_ornament,1685
sugar_cube,1685
kabuto_(helmet),1684
shorts_around_one_leg,1684
floating_book,1684
whiteboard,1684
no_mole,1683
pod_(nier:automata),1683
multicolored_cape,1683
torn_coat,1682
winning_ticket_(umamusume),1682
totodile,1682
meta_knight,1682
butterfly_ornament,1681
netnavi,1681
young_link,1681
half-heart_hands,1681
nipple_pull,1681
frilled_wristband,1681
ma_rukan,1680
orange_cat,1679
vincent_valentine,1679
chrono_trigger,1679
fusu_(a95101221),1679
otomachi_una,1678
tenma_saki,1678
shoujo_kakumei_utena,1678
tales_of_berseria,1678
phoenix_wright,1678
after_bathing,1678
ichijou_ririka,1678
vash_the_stampede,1677
easter,1677
multitasking,1677
holding_pole,1677
white_pubic_hair,1677
green_eyeshadow,1677
shirosato,1676
shinai,1676
tarnished_(elden_ring),1675
kagamihara_nadeshiko,1675
teeth_hold,1675
very_long_sidelocks,1675
sailor_venus,1675
aqua_bra,1674
anila_(granblue_fantasy),1674
mery_(yangmalgage),1674
shiromanta,1674
thermos,1673
merman,1673
weasel_girl,1673
winged_heart_tattoo,1673
holding_swimsuit,1672
holding_map,1672
camisole_lift,1672
elbow_on_knee,1672
jako_(jakoo21),1672
amane_kanata_(1st_costume),1672
grey_armor,1672
black_bonnet,1672
fujibayashi_kyou,1671
priestess_(arknights),1671
pastry_bag,1671
acorn,1671
ruffling_hair,1671
scar_on_back,1671
red_bandeau,1671
lightning_bolt_hair_ornament,1671
mesmerizer_(vocaloid),1671
spell_card,1670
grey_apron,1670
kasumi_(skchkko),1670
todoroki_hajime,1670
hole_in_chest,1669
odd_one_out,1669
francesca_lucchini,1669
jaguar_tail,1668
hop_(pokemon),1668
cardfight!!_vanguard,1668
slayers,1668
oshino_ougi,1667
alisa_mikhailovna_kujou,1667
tentacles_on_male,1667
multicolored_necktie,1666
yanami_anna,1665
vergil_(devil_may_cry),1665
splatter,1665
cracked_glass,1664
wixoss,1664
monster_strike,1664
katekyo_hitman_reborn!,1664
collei_(genshin_impact),1664
bee,1664
star_fox,1663
murasaki_shion_(1st_costume),1663
zora,1663
sorimachi-doufu,1663
sailor_mars,1662
vertical-striped_headwear,1662
agahari,1662
crosshatching,1661
ribbon-trimmed_headwear,1661
amaori_renako,1661
one_piece_card_game,1660
lucoa_(maidragon),1660
white_rabbit_(animal),1660
kankan33333,1659
biting_glove,1659
rappa_(rappaya),1659
katawa_shoujo,1658
pegasus,1658
pizza_box,1658
windmill,1658
oouso,1658
unworn_backpack,1657
new_jersey_(azur_lane),1657
helena_blavatsky_(fate),1657
oda_nobunaga_(koha-ace),1657
distortion,1656
yuuki_yuuna_wa_yuusha_de_aru,1656
final_fantasy_xiii,1656
a2_(nier:automata),1656
gem_(symbol),1655
holding_donut,1654
footwear_flower,1654
holding_pocky,1654
reverse_fellatio,1654
animal_genitalia_on_humanoid,1653
happy_aura,1653
quiz_magic_academy,1653
ceres_fauna_(1st_costume),1653
breast_padding,1653
spiked_pauldrons,1653
winged_halo,1652
gold_belt,1652
upshirt,1652
spider-gwen,1652
wall_of_text,1652
2010,1652
marshmallow,1651
checkered_shirt,1650
character_signature,1650
dragon_quest_x,1650
tamako_market,1650
etorofu_(kancolle),1650
miracle_nikki,1650
sling_bikini_top,1649
hands_on_another's_ass,1649
devil_may_cry_5,1649
poring,1649
oreki_houtarou,1649
eye_reflection,1648
tateyama_ayano,1648
godzilla,1647
blowing,1647
shimokitazawa_high_school_uniform,1647
two-tone_wings,1647
swim_cap,1647
decapitation,1647
leonardo_da_vinci_(rider)_(fate),1646
sayori_(doki_doki_literature_club),1646
blue_pubic_hair,1646
rensouhou-kun,1646
kawakaze_(kancolle),1646
yuureidoushi_(yuurei6214),1646
kessoku_band,1645
fried_chicken,1645
storm,1645
boudica_(fate),1645
fantastic_four,1645
beans,1645
hyuna_(alien_stage),1644
kashino_(azur_lane),1644
ilya_kuvshinov,1644
yellow_teeth,1643
eunie_(xenoblade),1643
cure_sky,1643
gem_hair_ornament,1643
wallpaper_(object),1643
buruma_pull,1642
severed_limb,1642
e.o.,1642
chained_wrists,1642
kiritani_haruka,1642
panties_on_head,1641
dido_(azur_lane),1641
kazusa_(band)_(blue_archive),1641
bunching_hair,1640
red_haori,1640
pink_sweater_vest,1640
hinata_(blue_archive),1640
xinzoruo,1640
murakami_suigun,1640
liz_to_aoi_tori,1640
armin_arlert,1640
chanta_(ayatakaoisii),1639
midna_(imp),1639
elden_ring:_shadow_of_the_erdtree,1639
glaive_(polearm),1638
arven_(pokemon),1638
el_condor_pasa_(umamusume),1638
hand_wraps,1637
katori_(kancolle),1637
sendai_hakurei_no_miko,1637
peace_symbol,1636
ladybug,1635
reiner_braun,1635
crowbar,1635
raimon,1634
luma_(mario),1634
strawberry_cake,1634
karaoke,1634
duel_disk,1633
creayus,1633
polka_dot_pajamas,1632
implied_after_sex,1632
black_souls,1632
onmyouji,1632
evangelion_(mecha),1632
tape_measure,1631
grace_howard,1631
tribal_tattoo,1631
ao_dai,1631
nipple_cutout,1630
psylocke,1629
pokemoa,1629
k-suwabe,1629
asanagi,1628
tongari_boushi_no_atelier,1628
akane_lize,1628
ilulu_(maidragon),1627
signalis,1627
my_melody,1627
emma_(pokemon),1626
naked_overalls,1626
height_chart,1626
yama_no_susume,1626
checkered_hairband,1625
cobblestone,1625
yunamaro,1625
i-class_destroyer,1625
boo_(mario),1624
kinkymation,1624
hayashimo_(kancolle),1624
hades_(series),1623
gurande_(g-size),1623
wanted_poster,1623
lace-trimmed_hairband,1621
diana_cavendish,1621
tamura_yuri,1621
pinstripe_pants,1620
kirara_(genshin_impact),1620
heads-up_display,1620
starfish_hair_ornament,1620
hashtag,1620
hugging_tail,1619
triplets,1619
running_track,1619
samneco,1618
arm_pouch,1618
ebi_193,1618
license_plate,1618
raiden_mei_(herrscher_of_thunder),1617
aristocratic_clothes,1617
maebara_keiichi,1616
ikeuchi_tanuma,1616
wrist_cutting,1616
ornate_ring,1616
frontless_outfit,1616
mk_(mod0),1616
windowsill,1616
helmet_over_eyes,1616
raichu,1616
futasub,1615
green_collar,1615
a_re,1615
chen_qianyu_(arknights),1614
xiangling_(genshin_impact),1614
colorado_(kancolle),1614
tatsumi_kanji,1613
saber_(weapon),1613
copy_ability,1612
hatsune_miku_(append),1612
nige_jouzu_no_wakagimi,1612
hands_on_another's_chest,1612
queen_(chess),1612
kuma_(persona_4),1611
frilled_umbrella,1611
ymir_(shingeki_no_kyojin),1611
green_tea,1610
daring_tact_(umamusume),1610
gamagoori_ira,1610
cigarette_pack,1610
croissant,1610
<o>_<o>,1610
kujou_karasuma,1609
multicolored_scarf,1608
public_use,1608
garnet_til_alexandros_xvii,1608
tokiko_(touhou),1607
sailor_moon_redraw_challenge_(meme),1607
youtube,1607
anchor_choker,1607
amamiya_kokoro,1607
vinyl_record,1607
b-ginga,1607
sd_gundam,1606
pier,1606
karukan_(monjya),1606
penguin_costume,1606
wrist_flower,1605
wet_towel,1605
to_heart,1605
starry_hair,1605
vertical-striped_socks,1604
ivy,1604
isabelle_(animal_crossing),1604
satou_kuuki,1604
booth_seating,1604
right-to-left_comic,1604
hands_on_another's_waist,1603
kirin_(armor),1603
the_legend_of_zelda:_a_link_between_worlds,1603
holding_with_tail,1602
the_coffin_of_andy_and_leyley,1602
pineapple,1602
katou_asuka,1602
dirty_feet,1601
ingo_(pokemon),1601
nail_bat,1601
elbow_on_table,1600
policeman,1600
mithra_(ff11),1600
shopping_cart,1600
sajo_yukimi,1600
hedgehog_girl,1600
wizard,1599
porch,1599
glitter,1599
high_school_fleet,1599
cracked_floor,1599
ninomiya_asuka,1599
lewis_smith,1598
sword_art_online:_code_register,1598
commentary_typo,1597
harp,1597
trophy,1597
playing,1596
mahou_shoujo_ikusei_keikaku,1596
parrot,1596
shimazaki_mujirushi,1596
theodore_riddle,1596
hirasawa_ui,1596
hoshino_ichika_(project_sekai),1596
yellow_camisole,1595
may_(guilty_gear),1595
grey_camisole,1595
hand_on_railing,1594
kirishima_satoshi,1594
ceobe_(arknights),1593
mitake_ran,1593
serial_experiments_lain,1592
rabbit_hat,1592
johnston_(kancolle),1592
lipgloss,1591
shoujo_kageki_revue_starlight_-re_live-,1591
zero(z)_(mega_man),1591
fuecoco,1590
simulated_fellatio,1590
veiny_hands,1590
hagikaze_(kancolle),1590
mikazuki_munechika,1590
victor_(pokemon),1590
haiyore!_nyaruko-san,1589
crotch_zipper,1589
higashi_setsuna,1589
seraziel,1589
hair_flip,1589
the_legend_of_korra,1588
arataki_itto,1588
fluffy_clothes,1587
white_day,1587
arisugawa_natsuha,1587
carousel,1587
nissin_cup_noodle,1587
overall_skirt,1586
oyashio_(kancolle),1586
massage,1586
hanasato_minori,1586
sheikah,1585
hikaru_ga_shinda_natsu,1585
merlin_(fate/prototype),1585
nintendo_ds,1584
cola,1584
aki_rosenthal,1584
kiana_kaslana_(herrscher_of_finality),1584
abuse,1584
broken_mirror,1583
fujisaki_chihiro,1583
yukito_(dreamrider),1583
otaku,1583
konno_junko,1583
army,1583
front-to-back,1582
araki_hirohiko_(style),1582
salad,1581
izuna_(swimsuit)_(blue_archive),1581
brown_bra,1581
barefoot_sandals_(jewelry),1580
kamitsurugi_ouka,1580
nate_(pokemon),1579
caren_hortensia,1579
stirrup_footwear,1578
foam,1577
butcha-u,1577
kuromi,1577
playing_piano,1577
bernadetta_von_varley,1576
damian_desmond,1576
perona,1576
eromame,1576
female_trainer_(umamusume),1576
cross-eyed,1575
beer_bottle,1575
happy_elements,1575
lemuen_(arknights),1574
heart-shaped_ornament,1574
metal_slug,1574
bagged_fish,1574
blue_bird,1573
yuyushiki,1572
hands_on_own_legs,1572
hanetsuki,1572
clothed_robot,1572
ogami_kazuki,1572
enna_alouette,1572
greek_toe,1571
copano_rickey_(umamusume),1571
toranoana,1571
marie_(girls_und_panzer),1571
murasaki_shikibu_(fate),1570
stats,1569
shouhou_(kancolle),1569
chikuwa.,1569
muzzle_flash,1569
character-themed_food,1569
torn_wings,1568
weapon_case,1568
motherly,1568
grookey,1568
licking_ear,1568
pubic_stubble,1568
animal_helmet,1568
albedo_(overlord),1567
cure_peace,1567
kashuu_kiyomitsu,1566
aqua_shorts,1566
cream_on_face,1564
fur_cloak,1564
bubble_tea_challenge,1564
weasel_tail,1564
sheya,1564
unworn_bikini,1564
eureka_seven_(series),1564
floating_card,1563
torn_cloak,1563
cle_masahiro,1563
folder,1562
ferret,1561
rice_hat,1561
giant_male,1561
rx-78-2_gundam,1561
ha_akabouzu,1561
aria_company_uniform,1560
no_game_no_life,1560
totoki_airi,1560
gokkun,1560
bubukka,1559
monkey_boy,1559
lets0020,1559
pani_poni_dash!,1559
kamaboko,1559
brown_neckerchief,1558
kuroshitsuji,1557
materia,1557
yoshizawa_kasumi,1557
jingliu_(honkai:_star_rail),1557
bishop_(chess),1557
pomu_rainpuff,1556
anemone_(flower),1556
aqua_flower,1556
izumi_mei,1556
coin_hair_ornament,1556
nib_pen_(medium),1555
mizunashi_akari,1555
art_study,1555
dorothea_arnault,1554
head_steam,1554
wrist_belt,1554
captain_(kemono_friends),1553
gold_collar,1553
2011,1553
osomatsu-kun,1553
donkey_kong_(series),1553
zeta_(granblue_fantasy),1552
onion,1552
ajitarou_(setsu),1552
butterfly_sitting,1552
power_suit,1552
sitting_backwards,1552
metamoran_vest,1551
sigewinne_(genshin_impact),1550
wedge_heels,1549
elevator,1549
medalist_(manga),1549
animal_head,1548
tsukikage_yuri,1548
joseph_joestar_(old),1548
underwear_writing,1547
airship,1546
vanishing_point,1546
fur_choker,1546
whiskey,1546
pilot,1546
juufuutei_raden,1546
keizoku_military_uniform,1546
scars_all_over,1545
griffin_&_kryuger_military_uniform,1545
floating_neckwear,1545
game_boy,1545
pink_track_suit,1545
nata_(tool),1545
white_scales,1544
okumura_haru,1544
through_screen,1544
drum_(container),1544
holding_gem,1543
oribe_yasuna,1543
hair_floating_upwards,1542
maria_cadenzavna_eve,1542
holding_shirt,1542
purple_hakama,1542
puppy,1542
asteroid_ill,1542
noses_touching,1542
kaneki_ken,1542
arle_nadja,1541
brown_lips,1541
protagonist_(love_and_deepspace),1541
furutani_himawari,1541
silence_(arknights),1541
casino,1540
between_pectorals,1540
waterring,1539
holding_flask,1539
nia_(blade)_(xenoblade),1539
head_on_head,1538
kadotani_anzu,1538
grave,1538
year_of_the_horse,1538
striped_pajamas,1538
print_sweater,1537
aqua_leotard,1537
asutora,1537
evil_neuro-sama,1537
virgin_destroyer_sweater,1537
super_robot_wars_original_generation,1537
ultra_ball,1537
momoko_(momopoco),1537
mejiro_ramonu_(umamusume),1537
multicolored_hair_bobbles,1536
tenjouin_asuka,1536
nazi,1536
tenshi_souzou_re-boot!,1536
seal_impression,1536
boy_sandwich,1535
as109,1535
wringing_clothes,1534
nagato_(azur_lane),1534
eve_online,1534
green_bandana,1534
bandaged_fingers,1534
iwakura_lain,1533
finger_counting,1533
ogata_hyakunosuke,1533
tera_online,1533
covered_pussy,1533
popped_button,1532
kamoi_(kancolle),1532
sidelocks_tied_back,1532
9-nine-,1532
evillious_nendaiki,1531
ganondorf,1531
cagliostro_(granblue_fantasy),1531
kimi_no_na_wa.,1531
katahira_masashi,1531
kiran_(fire_emblem),1531
gundam_wing,1530
holding_another's_horns,1530
breaking,1530
micaiah_(fire_emblem),1529
lime_(fruit),1529
umikaze_(kancolle),1529
kimono_lift,1529
cross-laced_skirt,1529
kuki_shinobu,1528
makai_senki_disgaea,1528
lucas_(pokemon),1528
kazagumo_(kancolle),1528
lace_sleeves,1527
richelieu_(kancolle),1527
alolan_vulpix,1526
oryo_(oryo04),1526
snow_leopard_girl,1525
miyu_(swimsuit)_(blue_archive),1525
dudou,1525
white_mage_(final_fantasy),1525
corsage,1524
chessboard,1524
fumio_(rsqkr),1524
used_condom_on_penis,1523
toon_link,1523
cowboy_bebop,1522
holding_lighter,1522
aldehyde,1522
pelt,1521
dan_heng_(imbibitor_lunae)_(honkai:_star_rail),1521
dvd_cover,1521
blood_on_chest,1520
aqua_thighhighs,1520
youkoso_jitsuryoku_shijou_shugi_no_kyoushitsu_e,1520
energy_cannon,1520
kiyosumi_school_uniform,1520
holding_calligraphy_brush,1520
strapless_one-piece_swimsuit,1519
winged_shoes,1519
atalanta_(fate),1519
gwen_stacy,1519
baiken,1519
hole,1519
van,1519
bridal_lingerie,1518
murata_himeko,1518
broken_window,1517
braiding_hair,1517
unworn_bikini_bottom,1517
two-sided_skirt,1517
fear_&_hunger_2:_termina,1517
chakram,1516
waero,1516
sakura_miko_(casual),1516
riyo_(lyomsnpmp),1516
dog_days,1516
enemy_aircraft_(kancolle),1516
shirt_partially_tucked_in,1515
black_bandana,1515
christmas_stocking,1515
kame_(kamepan44231),1515
tickling_feet,1515
yoroizuka_mizore,1515
37_(reverse:1999),1514
luo_xiaohei,1514
knives_between_fingers,1514
bede_(pokemon),1514
baton_(weapon),1514
very_long_tongue,1514
crawling,1514
kikumon,1513
final_fantasy_xii,1513
plaid_ribbon,1512
menu_board,1512
otogi_(blue_archive),1511
lifeguard,1511
faruzan_(genshin_impact),1511
creature_on_head,1511
ark_royal_(kancolle),1511
stitched_torso,1511
cutesexyrobutts,1511
7th_dragon_(series),1510
agent_8_(splatoon),1510
the_great_ace_attorney,1510
assassin_cross_(ragnarok_online),1510
kaiman_garupan,1510
aikatsu_stars!,1509
holding_mace,1508
litten,1508
green_(pokemon),1508
artoria_caster_(second_ascension)_(fate),1507
abandoned,1507
stopwatch,1507
white_jumpsuit,1507
the_moon_studio,1507
good_end,1507
rengoku_kyoujurou,1507
folded_hair,1506
senran_kagura_shinovi_versus,1506
starbucks,1506
math,1505
red_shawl,1505
riesz,1505
kinchaku,1505
zodiac,1504
guido_mista,1504
exercise_ball,1504
covered_groin,1503
fidgeting,1503
hand_to_head,1503
little_boy_admiral_(kancolle),1503
aestus_estus,1503
night_vision_device,1503
shugo_chara!,1503
juo_sena,1502
bandaid_on_head,1502
checkered_bow,1502
kuromiya,1502
armored_leotard,1502
ro635_(girls'_frontline),1502
milky_way,1502
fan_hair_ornament,1502
tucked_penis,1501
adachi_tohru,1501
huge_dildo,1500
sailor_jupiter,1500
vikala_(granblue_fantasy),1500
red_pikmin,1500
orange_leotard,1499
jacket_lift,1499
steven_stone,1499
hungry,1499
skull_on_head,1499
crewmate_(among_us),1499
cougar_(cougar1404),1498
edmond_dantes_(fate),1498
y'shtola_rhul,1498
zentreya,1498
murasame_kai_ni_(kancolle),1498
skirk_(genshin_impact),1497
sneezing,1497
sakura_oriko,1497
clothed_male_nude_male,1496
fiammetta_(arknights),1496
hatake_kakashi,1496
argyle_sweater,1496
single-shoulder_dress,1495
covering_ass,1495
mikozin,1495
shining_(series),1495
kamina_(ttgl),1495
mother_3,1495
gundam_seed_freedom,1495
shirt_partially_removed,1494
holding_with_feet,1494
polar_bear,1494
nori_tamago,1494
melon_bread,1493
snowflake_background,1493
pee_stain,1493
ryuzaki_kaoru,1493
mitya,1493
amazon_position,1493
dissolving,1493
empire_waist,1492
standing_doggystyle,1492
izawa_(bhive003),1492
rimuru_tempest,1492
comiket_104,1492
ipod,1491
oikawa_shizuku,1491
spider-man:_into_the_spider-verse,1491
blue_corset,1491
hori_(hori_no_su),1490
lux_(league),1490
star_wand,1490
ito_noizi,1490
third-party_watermark,1490
yuno_(hidamari_sketch),1490
tonda,1489
stuffed_penguin,1489
furaggu_(frag_0416),1489
the_elder_scrolls,1489
fitting_room,1489
radish,1489
licking_another's_neck,1489
ears_visible_through_hair,1488
unworn_necktie,1487
public_restroom,1487
gunblade,1486
pink_hakama,1486
josou_seme,1486
black_overalls,1486
red_crown,1485
abe_nana,1485
jjune,1485
mizuhara_aki,1485
against_fourth_wall,1485
torn_swimsuit,1484
mind_break,1484
cat_mask,1484
beatrice_(re:zero),1484
purple_bag,1483
pill_earrings,1483
mishima_kurone,1483
win_variation_(umamusume),1483
aqua_sleeves,1482
hare_(blue_archive),1482
sheet_ghost,1482
otokuyou,1482
note,1482
brown_flower,1482
iori_(swimsuit)_(blue_archive),1481
screw_hair_ornament,1481
kanae_(nijisanji),1481
legband,1481
ookami_mio_(1st_costume),1481
hishi_amazon_(umamusume),1481
trunks_(dragon_ball),1481
decensored,1481
blue_shrug,1481
ralts,1480
flag_background,1480
ragna_the_bloodedge,1480
moisture_(chichi),1479
sparrow,1479
fennekin,1479
arcana_heart,1479
fur_boots,1479
bandaid_on_neck,1478
horn/wood,1478
meadow,1478
eddsworld,1478
kenmochi_touya,1477
ski_goggles,1476
capcom,1476
crystalfly_(genshin_impact),1476
pink_sandals,1476
drugged,1475
covering_one_breast,1475
braces,1475
ar_tonelico,1475
holding_rope,1475
marciana_(nikke),1475
akira_(blue_archive),1475
ryuuko_no_ken,1475
green_helmet,1474
uzaki_hana,1474
behind-the-head_headphones,1474
gilles_de_rais_(fate),1474
rabbit_costume,1474
black_jumpsuit,1473
suzuya_kai_ni_(kancolle),1473
sugimoto_saichi,1473
lucy_heartfilia,1473
nepgear,1473
scratching_head,1473
sitting_on_branch,1473
medieval,1473
d4dj,1472
suzuhira_hiro,1472
tsukuyomi_shirabe,1472
player_2,1472
inktober,1472
zero_no_kiseki,1471
mikage_takashi,1471
yuuri_(shoujo_shuumatsu_ryokou),1471
cross-laced_legwear,1471
cafe_stella_to_shinigami_no_chou,1471
tapir_girl,1471
altaria,1470
credits,1469
psyduck,1469
bad_hentai_foundry_id,1469
tile_ceiling,1469
futsuu_no_keion-bu,1469
marth_(fire_emblem),1468
isometric,1468
see-through_panties,1468
holding_bra,1468
protecting,1468
lacey_(pokemon),1468
tonee,1467
the_legend_of_zelda:_majora's_mask,1467
first_aid_kit,1467
testicle_grab,1467
ero_guro,1467
ganguro,1467
orange_horns,1466
male_underwear_peek,1466
victorian,1466
cork,1466
kaela_kovalskia,1465
shield_on_back,1465
ssss.dynazenon,1465
double_\m/,1465
youjo_senki,1464
covered_pectorals,1464
ingrid_brandl_galatea,1464
glove_cutout,1464
mahou_shoujo_lyrical_nanoha_vivid,1464
kami_nomi_zo_shiru_sekai,1464
arashi_(kancolle),1464
chito_(shoujo_shuumatsu_ryokou),1463
valorant,1463
hand_on_own_crotch,1463
engrish_commentary,1463
snorlax,1462
pekomon_(usada_pekora),1462
olimar,1462
2009,1462
assam_(girls_und_panzer),1462
.hack//,1462
vibrator_in_thigh_strap,1462
zara_(azur_lane),1461
guard_rail,1461
sister_claire,1461
detached_leggings,1460
meta,1460
yusa_kozue,1460
rpk-16_(girls'_frontline),1460
girly_boy,1460
wagnaria_uniform,1459
long_scarf,1459
roboco-san,1459
crotchless_pantyhose,1458
happoubi_jin,1458
meito_(maze),1458
manatsu_no_yo_no_inmu,1458
okita_souji_alter_(fate),1458
clumsy_nun_(diva),1458
homu_(honkai_impact),1458
nanairogaoka_middle_school_uniform,1457
asagumo_(kancolle),1457
ball_and_chain_restraint,1457
scott_pilgrim_takes_off,1457
momoe_nagisa,1456
wataboushi,1456
food-themed_background,1456
orange_coat,1455
failure_penguin,1455
akizuki_ryo,1455
cauldron,1455
makabe_mizuki,1454
rororo,1454
gorou_(genshin_impact),1454
mizumoto_tadashi,1454
resident_evil_2,1453
scylla,1453
ichinose_uruha,1453
red_panda_ears,1453
hisui_(tsukihime),1452
roblox,1452
brown_mittens,1452
rosaria_(genshin_impact),1452
sieg_(fate),1452
alisa_ilinichina_amiella,1452
chrysanthemum,1452
meteor_shower,1452
transparent_censoring,1451
kazanari_tsubasa,1451
minamoto_no_raikou_(swimsuit_lancer)_(fate),1451
red_carpet,1451
broken_armor,1451
yukoku_kiriko,1450
aegir_(azur_lane),1450
kamiyama_high_school_uniform_(hyouka),1450
yuuki_(sao),1450
hyena_boy,1450
dhole_(kemono_friends),1450
yamato-no-kami_yasusada,1449
mizuki_(arknights),1449
mummy,1449
nanao_yuriko,1449
yopparai_oni,1448
male_underwear_pull,1448
eureka_seven,1447
high_wizard_(ragnarok_online),1447
survey_corps_(emblem),1447
ben_10,1447
beer_hsk,1447
haramaki,1447
kuavera,1446
double_amputee,1446
blanc_(neptunia),1445
kaine_(nier),1445
two-tone_tail,1445
moyazou_(kitaguni_moyashi_seizoujo),1445
gibagiba,1445
inuyama_aoi,1445
jmg,1445
jolly_roger,1445
jing_yuan,1444
beetle,1444
doukyuusei_another_world,1443
shotgun_shell,1443
enemy_lifebuoy_(kancolle),1442
skirt_flip,1442
rice_on_face,1442
angora_rabbit,1441
sakurajima_mai,1441
holding_marker,1441
ass-to-ass,1441
kiso_kai_ni_(kancolle),1441
mmm_threesome,1441
jungle,1441
sekina,1440
sky-freedom,1440
gogeta,1439
altera_(fate),1439
spider-man:_across_the_spider-verse,1439
combat_knife,1439
holding_bass_guitar,1439
fur-trimmed_leotard,1438
sen_no_kiseki_iii,1438
magical_boy,1438
swire_(arknights),1438
da_capo,1438
missing_tooth,1438
soulworker,1437
dr_rex,1437
pravda_school_uniform,1437
different_shadow,1437
isshiki_(ffmania7),1437
undone_neck_ribbon,1436
smelling_clothes,1436
furret,1436
pose_imitation,1435
pig_ears,1435
ofuda_between_fingers,1435
nipple_chain,1434
myoudouin_itsuki,1434
ibuki_tsubasa,1434
flower_hairband,1434
yoshi_tama,1434
erika_(pokemon),1434
rydia_(ff4),1433
kilye_kairi,1433
cato_(monocatienus),1433
jade_leech,1432
yellow_bandeau,1432
nissan,1432
french_flag,1432
kyoka_(princess_connect!),1432
fruit_hat_ornament,1432
grabbing_another's_twintails,1431
cheren_(pokemon),1431
fiery_wings,1431
ashtray,1431
crane_(animal),1431
holding_reins,1431
blend_s,1430
green_scales,1430
hogtie,1430
minotaur,1430
ouchi_kaeru,1430
okazaki_yumemi,1430
emo_fashion,1430
tanaka_kotoha,1429
nishino_flower_(umamusume),1429
seliph_(fire_emblem),1429
charlotte_dunois,1429
comedic_sweatdrop,1429
the_king_of_fighters_xv,1428
horse_boy,1428
sports_bra_lift,1428
green_fire,1428
persona_(summon),1428
kanzakietc,1428
captain_(honkai_impact),1428
platinum_(arknights),1427
nihongami,1427
latex_thighhighs,1427
hourai_doll,1427
fruit_on_head,1427
canopy_bed,1427
grey_helmet,1426
comiket_103,1426
homare_(fool's_art),1426
gundam_build_divers,1426
food_wrapper,1426
loosely_tucked_bangs,1426
medb_(fate),1425
tantou,1425
watanabe_akio,1425
prank,1425
swd3e2,1425
re_ghotion,1425
flygon,1425
yin_yang_print,1424
amanogawa_kirara,1424
butterfly_tattoo,1424
nagi_no_asukara,1424
yorumi_rena,1424
douluo_dalu,1424
jetpack,1422
bikini_shorts,1422
they_had_lots_of_sex_afterwards_(meme),1422
holding_bell,1422
checkered_sash,1422
suomi_(girls'_frontline),1421
track_and_field,1421
monkey_girl,1421
arashi_chisato,1421
cure_marine,1421
checkered_dress,1421
red_scales,1420
jack-o'_valentine,1420
tomoe_hotaru,1420
himura_kiseki,1420
guts_(berserk),1420
aizawa_ema,1420
pachirisu,1419
dragon_quest_ii,1419
tk8d32,1419
clothesline,1419
h&k_ump,1419
yellow_petals,1419
cum_on_pectorals,1419
eyeball_hair_ornament,1419
radiation_symbol,1418
double_dildo,1418
chikan,1418
pointy_shoes,1418
diona_(genshin_impact),1418
apron_lift,1418
fuurinkan_high_school_uniform,1417
pelvic_curtain_lift,1417
tosen_jordan_(umamusume),1417
yellow_sailor_collar,1417
armored_bodysuit,1417
body_switch,1417
kourin_tenshi_en_ciel_rena,1416
roasted_sweet_potato,1416
ark_order,1416
magical_ruby,1416
broccoli,1415
green_jumpsuit,1415
reines_el-melloi_archisorte,1415
dragonfly,1415
five_nights_at_freddy's,1414
momozono_love,1414
track_uniform,1414
holding_menu,1414
lead_pipe,1413
ootsuki_wataru,1413
o-ring_harness,1413
holding_spring_onion,1412
dead_or_alive_5,1412
paper_on_head,1412
eden_(honkai_impact),1411
blue_scales,1411
chattino_(raora_panthera),1411
poppy_(flower),1411
purah,1410
shrugging,1410
hands_on_hilt,1410
leaning_on_table,1410
inflatable_raft,1410
sucrose_(genshin_impact),1409
tsurumaru_kuninaga,1409
rising_sun_flag,1409
monster_hunter:_world,1409
oversized_limbs,1409
nekoyashiki_yuki,1409
moth_girl,1408
polka_dot_ribbon,1407
dressing_another,1406
morgana_(persona_5),1406
murder,1406
haramura_nodoka,1405
nearl_(arknights),1405
bishoujo_senshi_sailor_moon_stars,1405
ahoge_wag,1405
holly_hair_ornament,1405
chiori_(genshin_impact),1405
dark_cloud,1405
hayasaka_ai,1405
tanya_degurechaff,1404
hoshino_fumina,1404
basketball_jersey,1404
surcoat,1403
pink_leg_warmers,1403
emoticon,1402
nakiri_ayame_(1st_costume),1402
rino_cnc,1402
sabaton,1402
cinderace,1402
arm_out_of_sleeve,1402
tf_cafe,1401
lotus_leaf,1401
shirobako,1401
extra_faces,1401
album_cover_redraw,1401
suri_alpaca_(kemono_friends),1400
takane_lui_(1st_costume),1400
kase_daiki,1400
acerola_(pokemon),1400
cait_aron,1400
elephant,1400
bullying,1400
optionaltypo,1400
frilled_straps,1400
dogeza,1399
race_bib,1399
justice_(helltaker),1399
emperor_penguin_(kemono_friends),1399
valkyrie,1398
poke_ball_theme,1398
frozen,1398
maikaze_(kancolle),1398
fist_bump,1397
cagalli_yula_athha,1397
kukie-nyan,1397
arthur_pendragon_(fate),1397
back-print_panties,1397
jokanhiyou,1397
white_slippers,1397
sickle,1397
chess,1397
middle_part,1397
in_bathtub,1397
tamagoyaki,1396
tsukumo_yatsuhashi,1396
jintsuu_kai_ni_(kancolle),1396
assassin's_creed_(series),1396
penguin_hood,1396
holding_egg,1395
face_down,1395
yomu_(sgt_epper),1395
holding_torch,1395
eurasian_eagle_owl_(kemono_friends),1395
princess_principal,1395
arimura_mao,1394
flower_on_liquid,1394
pixel_heart,1394
tanino_gimlet_(umamusume),1394
jeweled_branch_of_hourai,1394
toriyama_akira_(style),1394
butterfly_brooch,1394
azur_lane:_slow_ahead,1393
otter,1393
soft_serve,1393
vividred_operation,1393
elin,1393
gothic_punk,1393
mordred_(memories_at_trifas)_(fate),1393
fender_stratocaster,1393
lapras,1393
orange_apron,1392
dilation_tape,1392
back_ribbon,1392
joestar_birthmark,1392
aura_(sousou_no_frieren),1392
cheshire_(azur_lane),1392
ken_masters,1392
foreplay,1392
webbed_hands,1391
yui_(angel_beats!),1391
bad_patreon_id,1391
black_hole,1391
asamura_hiori,1391
multiple_torii,1390
black_unitard,1389
seele_(alter_ego),1389
finana_ryugu,1389
joker_(persona_5),1389
akairiot,1388
amagi_(azur_lane),1388
goutokuji_mike,1388
neo_zeon,1388
yanyo_(ogino_atsuki),1388
dynamax,1388
sailor_senshi,1388
ikuno_dictus_(umamusume),1388
self-portrait,1387
ooshio_(kancolle),1386
year_of_the_rat,1386
holding_milk_carton,1386
holding_watering_can,1385
ness_(mother_2),1385
kaleidostick,1385
gekkan_shoujo_nozaki-kun,1385
butterfly_earrings,1385
niwatazumi,1385
hypnosis_app,1385
tenko_shibuki,1384
blood_on_neck,1384
yamato_takeru_(fate),1384
akitsuki_karasu,1384
alcremie,1384
leopard_ears,1383
kairunoburogu,1383
momoi_airi,1383
centipede,1383
piper_wheel,1383
amusement_park,1382
cure_black,1382
beach_mat,1382
soap_bottle,1381
kururugi_suzaku,1381
minna-dietlinde_wilcke,1381
jcm2,1381
roland_(project_moon),1381
azure_striker_gunvolt,1381
white_rope,1380
shuuniichido_classmate_wo_kau_hanashi,1380
animal-themed_food,1380
dandon_fuga,1379
zara_(kancolle),1379
vertical_foregrip,1379
silver_skin,1379
alpaca_ears,1379
purple_sweater_vest,1379
hiiragi_utena,1378
aviator_cap,1378
cuff_links,1378
mori_calliope_(streetwear),1378
surfing,1378
satou_kibi,1378
brown_ascot,1378
arachne,1378
covered_penetration,1378
strawberry_print_panties,1377
fujigaya_arctia,1377
toddlercon,1376
ifrit_(arknights),1376
akatsuki_uniform,1376
jill_stingray,1376
drifloon,1376
elise_(fire_emblem),1376
odawara_hakone,1376
dock,1376
duckling,1375
cat_choker,1375
jax_(the_amazing_digital_circus),1375
swastika,1374
clark_kent,1374
mikuma_(kancolle),1374
street_fighter_ii_(series),1374
golf_club,1374
youko-shima,1373
deviantart_logo,1373
getsuyoubi_no_tawawa,1373
utane_uta,1372
buruma_aside,1372
houjou_tokiyuki_(nige_jouzu_no_wakagimi),1372
nekomiya_mana,1372
cross-laced_bikini,1372
stellar_blade,1371
kamikita_komari,1371
hornet_(kancolle),1371
nursery_rhyme_(fate),1371
ririko_(zhuoyandesailaer),1371
broken_mask,1370
implied_masturbation,1370
medium_sideburns,1370
eirika_(fire_emblem),1370
scratching_cheek,1370
penis_on_pussy,1369
fu_xuan_(honkai:_star_rail),1369
sam_browne_belt,1369
futanari_pov,1369
hair_between_horns,1369
spines,1368
chrom_(fire_emblem),1368
falin_touden_(chimera),1368
kino_no_tabi,1368
yonaga_angie,1368
ears_through_hood,1367
chihaya_(clothing),1367
mossacannibalis,1367
mask_over_one_eye,1367
himajin_noizu,1367
holding_sketchbook,1366
harley_quinn,1366
xianyun_(genshin_impact),1366
kanou_aogu,1366
holding_dumbbell,1366
male_on_futa,1366
sewing,1365
two-tone_sleeves,1365
tiki_(adult)_(fire_emblem),1365
scale_armor,1365
blood_on_breasts,1365
strike_witches:_suomus_misfits_squadron,1365
cedar_(cedar_japonica),1365
gilles_de_rais_(caster)_(fate),1364
engiyoshi,1364
kaguya_luna,1364
lap_pillow_invitation,1364
arcane_jinx,1364
biting_own_finger,1364
chief_(path_to_nowhere),1364
k1-b0,1364
z/x,1363
mundane_made_awesome,1363
glowing_flower,1362
shihakusho,1362
suicide,1362
at_computer,1362
elf_(stroll_in_the_woods),1362
shuro_(blue_archive),1362
lipstick_ring,1362
alphonse_elric,1361
batman_symbol,1361
aqua_pants,1361
alexandrina_sebastiane,1361
gekota,1361
hooded_shrug,1361
heart_hat_ornament,1361
jingei_(kancolle),1361
my-otome,1361
quadruple_amputee,1360
suzuhara_lulu_(1st_costume),1360
unworn_hair_ornament,1360
stained_clothes,1360
qixiong_ruqun,1360
tsushima_(kancolle),1360
human_furniture,1360
girls_und_panzer_senshadou_daisakusen!,1360
nishi_koutarou,1360
imizu_(nitro_unknown),1360
fingering_through_panties,1359
holding_another's_wrists,1359
removing_jacket,1359
shiun_sumika,1359
ass_tattoo,1358
zen'in_maki,1358
miyamoto_musashi_(swimsuit_berserker)_(second_ascension)_(fate),1357
hatsukaze_(kancolle),1357
clownfish,1357
xenogears,1357
mutton_chops,1356
mount_fuji,1356
gilgamesh_(caster)_(fate),1356
izumi_yuki,1355
unworn_shorts,1355
toyota,1355
sebastian_piyodore,1355
stuffed_dog,1354
otter_ears,1354
green_outline,1354
meow_(nekodenki),1354
symboli_kris_s_(umamusume),1354
oka_asahi,1354
net,1353
sauce,1353
gravity_falls,1353
billboard,1352
polka_dot_scrunchie,1352
bokken,1352
makuwauri,1352
tingyun_(honkai:_star_rail),1351
himemushi_momoyo,1351
mawile,1351
tape_bondage,1351
holding_handcuffs,1351
nanatsu_no_taizai,1351
bite_mark_on_shoulder,1350
spider_print,1350
gathers,1350
pink_butterfly,1350
sitting_on_shoulder,1349
asuka_(senran_kagura),1349
self_hug,1349
grid,1349
design_speculation,1348
thoma_(genshin_impact),1348
ama_mitsuki,1348
pretty_rhythm,1348
chihiro_(blue_archive),1347
maya_kai_ni_(kancolle),1347
marvel_vs._capcom,1347
dragon_ball_super_broly,1347
kneesocks_(psg),1347
onbashira,1347
brown_cat,1346
kiriya_aoi,1346
ru_zhai,1346
mega_man_zx_advent,1346
niiko_(gonnzou),1346
circle_formation,1345
layla_(genshin_impact),1345
x3,1345
goat_tail,1345
naganami_kai_ni_(kancolle),1345
listening_to_music,1345
holding_club,1344
bandaged_foot,1344
black_mouth,1344
uccow,1344
mole_on_armpit,1343
durandal_(honkai_impact),1343
neo_universe_(umamusume),1343
brown_feathers,1343
pentagon_(railgun_ky1206),1343
nanase_nao,1343
shared_earphones,1343
karate_gi,1342
nemoto_hina,1342
masquerade_mask,1342
ib_(ib),1342
sekaiju_no_meikyuu_3,1342
priestess,1341
resident_evil_3:_nemesis,1341
crotch_grab,1341
dragon_quest_viii,1341
saki_(swimsuit)_(blue_archive),1340
bigrbear,1340
united_states,1340
holding_notepad,1340
fami_(chainsaw_man),1339
senji_muramasa_(fate),1339
pink_sclera,1339
drag-on_dragoon,1338
hands_in_pocket,1338
lying_on_water,1337
lowleg_skirt,1337
chest_eye,1337
roxas,1337
intrepid_(kancolle),1336
negom,1336
bc_freedom_military_uniform,1336
hung_(arknights),1336
forced_smile,1336
calligraphy,1336
dating,1336
adjusting_scarf,1335
incense_burner,1335
mozukuzu_(manukedori),1335
multiple_thigh_straps,1335
planet_hair_ornament,1335
ironmouse,1334
yellow_one-piece_swimsuit,1334
scouter,1334
crazy_straw,1334
game_screenshot,1334
yabuki_kentarou,1334
ghost_girl,1334
koseki_bijou_(1st_costume),1334
king_dedede,1334
nijisanji_kr,1333
medjed_(fate),1333
himejima_akeno,1333
yuna_(ff10),1333
thong_aside,1332
specter_the_unchained_(arknights),1332
satin_panties,1332
red_shrug,1332
jam,1332
snow_rabbit,1332
wide_oval_eyes,1331
gymnastics,1331
falchion_(fire_emblem),1331
mewtwo,1331
non_non_biyori,1330
horned_hat,1330
abmayo,1330
laundry_basket,1329
kozakura_marry,1329
majo_no_takkyuubin,1329
chabashira_tenko,1329
kino_(kino_no_tabi),1328
japan,1328
maturiuta_sorato,1328
kirino_(blue_archive),1328
yuuki_mikan,1328
volleyball_net,1327
living_room,1327
fast_food_uniform,1327
sendai_hazuki,1327
sophist's_robe_(ff14),1327
candlelight,1327
liquid_halo,1327
astolfo_(sailor_paladin)_(fate),1327
kagami_mochi,1327
aa_megami-sama,1326
minamoto_sakura,1326
brown_robe,1326
honma_meiko,1326
holding_dog,1326
after_masturbation,1326
ichigo_mashimaro,1325
leaf_umbrella,1325
red_camisole,1325
orange_gem,1325
st._gloriana's_(emblem),1325
saunders_military_uniform,1325
pushing_away,1324
dorothy_(nikke),1324
lack,1324
gingerbread_man,1324
train_conductor,1323
saniwa_(touken_ranbu),1323
double_strap_slip,1323
pearl_thong,1323
collared_halterneck,1323
military_rank_insignia,1323
imai_lisa,1322
naked_scarf,1322
marriage_proposal,1322
taimanin_asagi,1322
comiket_102,1322
karaagetarou,1321
goh_(pokemon),1321
bee_(deadflow),1321
france_(hetalia),1321
nekomata_okayu_(oversized_shirt),1321
tonfa,1320
hinomori_shizuku,1320
helios_rising_heroes,1320
mane,1320
ring_necklace,1320
jessica_(arknights),1319
asahina_mirai,1319
half-erect,1319
spongebob_squarepants_(series),1318
milotic,1318
greninja,1318
diego_brando,1318
holding_clothes_hanger,1317
kawashima_momo,1317
brazilian_flag_print,1317
mismatched_thighhighs,1317
pitcher_(container),1317
aestheticc-meme,1317
parka,1316
kobo_kanaeru,1316
yu_yu_hakusho,1316
shikanoin_heizou,1316
sakura_(fire_emblem),1316
ambiguous_red_liquid,1316
odaiba_girls_high_school_uniform,1316
invincible_(series),1315
catchphrase,1315
fudo_yusei,1315
gastly,1315
knuckles_the_echidna,1315
panties_under_shorts,1315
holding_surfboard,1315
kfc,1315
bacon,1314
decora,1313
weapon_focus,1313
fate/grand_order_arcade,1313
large_horns,1312
world_dai_star,1312
coffee_pot,1312
misaki_kurehito,1312
red_star,1312
pink_sports_bra,1312
broken_eyewear,1312
measuring,1312
cart,1312
pectoral_press,1311
detached_hood,1311
oekakizuki,1311
shidare_hotaru,1311
toe_cleavage,1311
metal_gear_solid,1310
dei_shirou,1310
jaguar_(kemono_friends),1310
holding_blanket,1310
unworn_gag,1310
merryweather,1310
gakkou_gurashi!,1310
microwave,1310
chuunibyou,1309
masukuza_j,1309
bear_hood,1309
scar_on_tail,1309
soviet,1309
plants_vs._zombies,1309
green_rose,1309
invisible,1308
fn_p90,1308
robotics;notes,1308
white_haori,1308
water_lily_flower,1307
saku_usako_(rabbit),1307
dark_labia,1307
izayoi_aki,1307
leopard_print_bikini,1307
bicycle_basket,1307
len_(tsukihime),1306
choke_hold,1306
kanpa_(campagne_9),1306
doujima_nanako,1306
underpec,1306
cabbage,1305
pink_tulip,1305
35p_(sakura_miko),1304
frapowa,1304
mole_above_eye,1304
mismatched_ear_covers,1304
obidome,1304
undersized_animal,1304
hozuki_kaede,1304
chitose_(kancolle),1304
himouto!_umaru-chan,1304
stitched_neck,1303
pagoda,1303
mia_taylor,1302
deadpool_&_wolverine,1302
milkshakework,1302
shiina_mayuri,1302
miyagi_shiori,1302
movie_theater,1302
dungeon,1301
happy_anniversary,1300
wakabayashi_toshiya,1300
fur-trimmed_bikini,1300
sad_smile,1300
hayasui_(kancolle),1300
tekken_8,1300
latex_leotard,1300
candelabra,1299
violet_evergarden_(series),1299
serika_(swimsuit)_(blue_archive),1299
pawn_(chess),1299
keep_out,1299
shirt_around_waist,1299
creature_on_shoulder,1299
ball_and_chain_(weapon),1298
ikuchan_kaoru,1298
hatsushimo_(kancolle),1298
resident_evil_6,1298
venusaur,1297
bulging_eyes,1297
battle_damage,1297
isshiki_iroha,1297
gmkj,1297
varia_suit,1297
pokemon_emerald,1295
very_long_beard,1295
accident,1295
ribbon-trimmed_bikini,1295
bite_mark_on_breast,1295
unworn_cape,1295
dim_lighting,1294
backless_swimsuit,1294
skirt_basket,1294
out_of_character,1294
resident_evil_village,1294
mg42,1294
compression_shirt,1294
handshake,1294
hand_on_own_hat,1294
grey_sclera,1293
zhong_lanzhu,1293
quaxly,1293
rural,1293
alina_gray,1293
sharingan,1292
wyvern,1292
female_chief_(path_to_nowhere),1292
fumizuki_(kancolle),1292
china_(hetalia),1291
emmet_(pokemon),1291
kasuga_mirai,1291
snake_print,1291
multicolored_bowtie,1291
nowaki_(kancolle),1291
fishing_line,1290
holding_baton,1290
kashiwamochi_yomogi,1290
guimpe,1290
mochizuki_anna,1289
transcend_(umamusume),1289
pixiv_fantasia_last_saga,1289
hooded_track_jacket,1289
gawr_gura_(casual),1289
frankenstein's_monster_(fate),1289
hsien-ko,1288
hidefu_kitayan,1288
the_witcher_(series),1288
murosaki_miyo,1288
anchor_ornament,1288
pokemon_mystery_dungeon,1288
sento_isuzu,1288
i-26_(kancolle),1288
fingers_to_cheeks,1288
green_pajamas,1288
reptile_boy,1287
alternate_hair_ornament,1287
flirting,1287
floral_print_skirt,1286
tokyo_ghoul:re,1286
see-through_curtains,1286
aunt_and_niece,1286
hunter_(bloodborne),1286
card_parody,1286
leggings_under_shorts,1285
sucy_manbavaran,1285
florence_nightingale_(trick_or_treatment)_(fate),1285
larcei_(fire_emblem),1285
studded_collar,1285
silverash_(arknights),1285
hands_on_own_chin,1284
eyes_in_shadow,1284
bianca_(dq5),1284
hau_(pokemon),1284
orange_border,1284
nekoyashiki_mayu,1284
yami_kawaii,1284
syhan,1284
yokochou,1283
dao_gui_yi_xian,1283
ghost_(modern_warfare_2),1283
electric_plug_tail,1283
kanba_girls_high_school_uniform,1283
trash,1282
suzuki_toto,1282
uesugi_fuutarou,1282
stripper,1282
rerebrace,1282
compass,1282
gradient_tail,1281
eel,1281
sakazaki_freddy,1281
urinal,1281
temple,1281
searchlight,1280
luna_platz_(mega_man),1280
carpaccio_(girls_und_panzer),1280
unworn_jewelry,1280
studio_ghibli,1280
yangyang_(wuthering_waves),1280
trigram,1279
obiwan,1279
starting_future_(umamusume),1279
kopaka_(karda_nui),1279
detexted,1279
cassock,1279
kirby_64,1278
volcano,1278
shirt_under_sweater,1278
swirl,1278
tentacle_girl,1278
kishida_mel,1278
tri_braids,1277
war_hammer,1277
paper_texture,1276
oozora_subaru_(1st_costume),1276
my_little_pony:_equestria_girls,1276
one_piece_film:_red,1276
harada_takehito,1276
nanami_yachiyo,1275
spreading_another's_anus,1275
winged_bag,1275
mizuno_ai,1275
toyokawa_fuka,1275
clock_eyes,1275
holding_another's_foot,1275
nisekoi,1275
yellow_capelet,1274
stained_sheets,1274
silver_dress,1274
yano_toshinori,1274
unya,1274
fushigi_no_umi_no_nadia,1274
uchiha_sarada,1274
sonia_nevermind,1274
frostnova_(arknights),1274
taut_leotard,1274
daiba_nana,1273
izutsumi,1273
yamashita_shun'ya,1273
meyoco,1273
carapace,1273
edogawa_conan,1273
kasuga_ayumu,1273
black_haori,1272
raccoon_boy,1272
akame_ga_kill!,1272
ui_(swimsuit)_(blue_archive),1272
cum_on_fingers,1272
yamagishi_fuuka,1272
devil_may_cry_3,1272
touhoku_zunko,1272
inukai_komugi,1271
prison,1271
star_balloon,1271
shirt_bow,1270
gomennasai,1270
chikuma_(kancolle),1270
underlighting,1270
yellow_armor,1270
arcade_cabinet,1269
heart_ear_ornament,1269
cardigan_under_jacket,1269
namazuo_toushirou,1269
shirogane_noel_(1st_costume),1269
yoshio_(55level),1269
jazz_jack,1269
ayamy,1269
completion_time,1269
rust,1268
female_service_cap,1268
absolutely_everyone,1267
glowing_hand,1267
mikeou,1267
end_card,1267
mawaru_penguindrum,1267
tabby_cat,1267
uta_(one_piece),1266
scoop_neck,1266
fake_video,1266
lee_(dragon_garou),1265
pop'n_music,1265
firelock,1265
prison_cell,1265
hands_on_another's_back,1265
fushiguro_toji,1265
kitten,1265
box_art,1265
jack_dempa,1265
cowgirl_(western),1264
yamanaka_ino,1264
wafer_stick,1264
christmas_wreath,1264
foxyreine,1264
shoulder_guard,1264
holding_flower_pot,1264
penis_shadow,1263
purple_pubic_hair,1263
takanami_(kancolle),1263
police_car,1262
jacket_girl_(dipp),1262
ear_birthmark,1262
nyan,1262
single_mechanical_eye,1262
boothill_(honkai:_star_rail),1262
white_hakama,1261
strawberry_slice,1261
sugiura_ayano,1261
minato_yukina,1261
cumdump,1261
low-cut_armhole,1261
black_nightgown,1261
knight_(chess),1261
tripod,1261
red_male_underwear,1261
bridle,1261
kiratto_pri_chan,1260
kasaki_nozomi,1260
sabo_(one_piece),1260
ziche_fuzhao,1260
g'raha_tia,1260
cosmog,1260
meltryllis_(swimsuit_lancer)_(first_ascension)_(fate),1260
ys,1259
heart_sticker,1259
bruce_wayne,1259
raspberry,1259
kurumi_(blue_archive),1259
tree_horns,1259
bath_stool,1258
gaoo_(frpjx283),1258
armpit_sex,1258
square_pupils,1258
kaede_(blue_archive),1258
kizumonogatari,1258
yui_(princess_connect!),1257
riding_animal,1257
aqua_vest,1257
dark_room,1257
tea_set,1257
ryuuichi_(f_dragon),1257
zyugoya,1257
island_fox_(kemono_friends),1257
holding_breath,1257
ayunda_risu,1257
kos-mos,1256
tima,1256
kako_(kancolle),1256
block_heels,1256
cu_chulainn_alter_(fate),1256
widow's_peak,1256
luna_nova_school_uniform,1256
smartphone_case,1256
penis_to_breast,1255
shinkai_no_valkyrie,1255
noai_nioshi,1255
takumi_(fire_emblem),1255
golden_apple,1255
hakozaki_serika,1255
kazuma_muramasa,1255
saionji_hiyoko,1254
isolde_(reverse:1999),1254
canned_coffee,1254
thick_chest_hair,1254
hypno,1253
fleur-de-lis,1253
step-siblings,1253
yumehara_nozomi,1253
eve_(elsword),1253
splattershot_(splatoon),1253
purple_armband,1253
drowning,1252
hakurei_shrine,1252
ivan_karelin,1252
nijiura_maids,1252
suzuran_(spring_praise)_(arknights),1252
sewing_needle,1251
striped_hat,1251
holding_chainsaw,1251
hat_over_eyes,1251
joy-con,1251
key_(company),1251
momo_velia_deviluke,1251
ootomo_takuji,1251
pyra_(pro_swimmer)_(xenoblade),1251
latios,1251
tokisadame_school_uniform,1251
2b_(nier:automata)_(cosplay),1250
cock_ring,1250
subarashiki_hibi,1250
makoto_(blue_archive),1250
billy_kid,1249
adeptus_astartes,1249
momo_no_sukebe,1249
micro_bra,1249
print_pants,1249
furudo_erika,1249
yu-gi-oh!_zexal,1249
galo_thymos,1248
nii_manabu,1248
ragnarok:_guild_masters,1248
fleur_de_lapin_uniform,1248
splatoon_2:_octo_expansion,1248
tanabe_(fueisei),1247
yamper,1247
black_headdress,1247
model_kit,1247
gumroad_username,1247
scottie_(phantom2),1247
takato_kurosuke,1247
holding_binoculars,1246
short_sideburns,1246
shy_(series),1246
musashi_(azur_lane),1246
stuffed_panda,1246
hotathino,1246
scalpel,1245
keyblade,1245
rtil,1245
contrast,1245
jinguu_(4839ms),1244
froggy_nun_(diva),1244
xuangzang_sanzang_(fate),1244
penance_(arknights),1244
striped_one-piece_swimsuit,1244
millia_rage,1244
handjob_gesture,1244
satou_yuuki,1244
heterochromatic_eyewear,1244
nanakusa_suzuna,1244
cutting,1243
broken_sword,1243
gold_bra,1243
aoba_moca,1243
tsurumaki_kokoro,1243
throwing_knife,1242
yumenosaki_school_uniform,1242
erlenmeyer_flask,1242
square,1242
familiar,1242
kidou_senkan_nadesico,1242
koikatsu_(medium),1242
hugging_book,1242
ribbon-trimmed_shirt,1242
volo_(pokemon),1241
slim_legs,1241
crown_hair_ornament,1241
92m,1241
heart_hands_failure,1241
flat_screen_tv,1241
nui_sociere,1240
muto_yugi,1240
extra_pupils,1240
plaid_shorts,1239
miles_edgeworth,1239
ikaruga_(senran_kagura),1239
colonel_aki,1239
holomyth,1239
kaisen_chuui,1239
suhamaya,1239
oar,1239
crushing,1238
spade_hair_ornament,1238
pectoral_focus,1238
minami-ke,1238
wooden_bench,1238
ivysaur,1238
kotoyoro,1238
sawa_azusa,1237
marie_rose,1237
hizuki_yayoi,1237
winry_rockbell,1237
denonbu,1237
hoshimachi_suisei_(casual),1237
heropin,1236
miyamizu_mitsuha,1236
spiral,1236
ushizaki_urumi,1236
dollar_sign,1235
face_in_pillow,1235
ojamajo_doremi,1235
uzuki_kou,1235
yagami_light,1234
picnic_blanket,1234
eu03,1234
boutonniere,1234
single-shoulder_shirt,1234
kira_yoshikage,1234
yamashiro_(azur_lane),1234
vestia_zeta,1233
flipped_bangs,1233
floral_print_shirt,1233
plant_hair,1233
rumi_(blue_archive),1233
low_poly,1232
takeuchi_ryousuke,1232
locomotive,1231
orca_girl,1231
dream_c_club_(series),1231
honebami_toushirou,1231
midare_toushirou,1231
space_print,1230
hina_(pajamas)_(blue_archive),1230
digital_clock,1230
unasaka_ryou,1230
tsuruya,1230
shakujou,1230
massakasama,1230
shark_fin,1229
heart-shaped_hair,1229
tron_bonne_(mega_man),1229
tanaka_kusao,1229
ingrid_(capcom),1228
purple_tank_top,1228
ivy_(fire_emblem),1228
ribbon-trimmed_capelet,1228
revy_(black_lagoon),1228
kimi_kiss,1228
muffin_top,1228
kazenokaze,1228
angewomon,1227
flower_trim,1227
holding_carrot,1227
kawayabug,1227
bad_nijie_id,1227
mole_on_pussy,1227
ononoki_yotsugi,1226
fujimaru_ritsuka_(male)_(polar_chaldea_uniform),1226
kula_diamond,1226
ban!_(bansankan),1226
mudrock_(elite_ii)_(arknights),1226
akane_(bunny)_(blue_archive),1226
pom-pom_(honkai:_star_rail),1226
holding_candle,1226
awning,1225
emma_frost,1225
bathhouse,1225
suspenders_slip,1225
shigure_ui_(1st_costume)_(vtuber),1225
pote_(ptkan),1225
puyopuyo_quest,1224
annie_leonhart,1224
hokuto_no_ken,1224
taichou_haori,1224
arm_on_table,1224
nihonga,1224
tambourine,1224
skeletal_wings,1224
kagami_hirotaka,1224
huang_pao-lin,1224
grey_ascot,1224
pregnancy_test,1224
charlie_morningstar,1223
shuangyaji,1223
pov_across_bed,1223
honeycomb_background,1223
commissioner_insert,1223
vulpix,1222
serebi_ryousangata,1222
shanks_(one_piece),1222
black_bustier,1222
alice_zuberg,1221
brown_serafuku,1221
poker_table,1221
armbinder,1221
plaid_lapels,1221
goomy,1221
allister_(pokemon),1221
bird_hair_ornament,1221
tensei_oujo_to_tensai_reijou_no_mahou_kakumei,1221
throat_microphone,1221
white_dog,1221
hypocrisy,1221
tohsaka_tokiomi,1221
village,1220
yume_(blue_archive),1220
wu_zetian_(fate),1220
disguise,1220
curious,1219
hishaku,1219
graduation,1219
yellow_pikmin,1219
market_stall,1219
lord_knight_(ragnarok_online),1219
ten'ou_haruka,1219
vacuum_cleaner,1218
pumpkin_hat,1218
ai-generated_art_(topic),1218
zaku_ii,1218
busou_shinki,1218
g36_(girls'_frontline),1217
cleft_chin,1217
aisha_landar,1217
remembering,1216
toggles,1216
anglerfish,1216
thumbs_down,1216
holding_feather,1216
lpip,1216
fake_halo,1216
front-seamed_legwear,1216
paw_print_pattern,1216
saijo_juri,1216
hair_wings,1215
cash_register,1215
zanntetu,1215
ear_flower,1215
gao,1214
armpit_hair_peek,1214
dry_humping,1214
aoki_(fumomo),1214
littorio_(kancolle),1214
lance_(pokemon),1214
female_butler,1214
mitsumoto_jouji,1214
strong,1213
l_(death_note),1213
runny_nose,1213
clefairy,1213
sol_badguy,1213
clive_rosfield,1213
heart_on_chest,1213
coconut_tree,1213
nise_dorothia,1213
nudist,1213
playground,1212
yokoyama_nao,1212
black_overskirt,1212
helltaker_(character),1212
ogata_chieri,1212
rash_guard,1212
pointy_boots,1212
the_king_of_fighters_xiv,1212
unworn_scarf,1212
mochizuki_(kancolle),1211
thigh_focus,1211
koto_inari,1211
gofu,1211
cure_blossom,1211
foot_worship,1211
stitched_leg,1211
teardrop-framed_glasses,1210
2channel,1210
masuyama_ryou,1210
tsubobot,1210
shylily,1209
sound_voltex,1209
bird_on_arm,1209
frog_girl,1209
red_panda_girl,1209
aponia,1209
piledriver_(sex),1209
starlight_academy_school_uniform,1209
erza_scarlet,1209
holding_above_head,1209
violet_evergarden,1209
kai_no_kiseki,1208
estellise_sidos_heurassein,1208
holding_comb,1208
orange_bandana,1208
vehicle_interior,1208
dota_(series),1207
themed_object,1207
waving_arms,1206
figure_four_sitting,1206
friend_(nanashi_mumei),1206
caliburn_(fate),1206
oyari_ashito,1206
nagi_(kannagi),1206
seo_tatsuya,1206
female_rimming_male,1206
sandalphon_(granblue_fantasy),1206
afterglow,1205
maruyama_aya,1205
fat_rolls,1205
1970s_(style),1205
akitsu_maru_kai_(kancolle),1205
warrior,1205
film_strip,1205
green_sky,1205
kanbaru_suruga,1204
squeezing,1204
holding_pointer,1204
octoling_boy,1204
hand_over_another's_mouth,1204
rhea_(fire_emblem),1204
hakurei_reimu_(pc-98),1204
silica,1204
imperishable_night,1204
niwarhythm,1203
small_dragon,1203
cowboy,1203
scathach_(swimsuit_assassin)_(fate),1203
purple_apron,1203
blue_male_swimwear,1202
static,1202
tsujinaka_yoshiki,1202
euryale_(fate),1202
peso_(cheese_company),1202
flash,1202
yomotsu_hisami,1201
floating_rock,1201
brown_pubic_hair,1201
torn_socks,1201
animal_on_hand,1201
bonsai,1201
monk,1201
covered_clitoris,1201
naked_cloak,1201
pendant_collar,1201
ta-class_battleship,1201
kotatsu-mazoku,1201
zorua,1200
helluva_boss,1200
yuzuha_riko,1200
aliasing,1200
bound_thighs,1200
facebook_logo,1200
yuuki_(princess_connect!),1200
triquetra,1200
stomping,1200
chan_co,1199
bust_cup,1199
band_uniform,1199
koleda_belobog,1199
pinstripe_skirt,1199
ninahachi,1199
entangled,1199
european_architecture,1199
koizumi_mahiru,1199
green_overalls,1198
kariyushi_shirt,1198
sky_lantern,1198
owl_girl,1197
amuro_ray,1197
fujimaru_ritsuka_(female)_(polar_chaldea_uniform),1197
urushihara_satoshi,1197
russo-ukrainian_war,1197
selfie_stick,1197
cast,1197
miia_(monster_musume),1197
z_saber,1197
kurokawa_akane,1197
ao_no_kiseki,1196
idoly_pride,1196
holding_pocket_watch,1196
iroha_(samurai_spirits),1196
petra_gurin,1196
racing_suit,1195
shizuka_rin,1195
riichu,1195
light_persona,1195
cryokinesis,1195
sekai_seifuku:_bouryaku_no_zvezda,1195
flamethrower,1195
safety_glasses,1195
spiked_belt,1195
holding_crossbow,1194
closet,1194
ulrich_(tagaragakuin),1194
organs,1194
satake_minako,1193
sue_storm,1193
midriff_sarashi,1192
pet_food,1192
cheng_xiaoshi,1192
yellow_sports_bra,1192
stiletto_(weapon),1192
cure_white,1192
mr._squeaks_(hakos_baelz),1192
grimoire_of_alice,1191
youtou_high_school_uniform,1191
super_real_mahjong,1191
venom_(marvel),1191
uchuu_senkan_yamato,1191
utano,1191
subterranean_animism,1190
tsunomaki_watame_(1st_costume),1190
cure_sunshine,1190
toe_seam,1190
alice_(nikke),1189
congratulations,1189
flying_teardrops,1189
depressed,1189
knee_blush,1189
arrancar,1189
bronya_rand,1189
roll_caskett_(mega_man),1189
reverse_spitroast,1189
yukimoto_shuuji_(gurigura),1189
em_(totsuzen_no_hakike),1189
apple_inc.,1189
myrtle_(arknights),1188
ak-15_(girls'_frontline),1188
engo_(aquawatery),1188
espurr,1188
blue_archive_the_animation,1188
mitsumine_yuika,1187
holographic_monitor,1187
kairi_(kingdom_hearts),1187
brook_(one_piece),1187
biting_neck,1187
aesc_(fate),1187
code_geass:_lost_stories,1187
kichihachi,1187
cosmic_break,1187
nu-13,1187
one-piece_thong,1187
brown_suit,1187
martial_arts,1187
agatsuma_zenitsu,1186
adapted_uniform,1186
table_humping,1186
unworn_thighhighs,1186
fujimaru_ritsuka_(female)_(decisive_battle_chaldea_uniform),1185
holding_jar,1185
fingersmile,1185
tokoro_megumi,1185
red_pubic_hair,1185
lightning_farron,1184
mudou_eichi,1184
holding_hair_brush,1184
cum_on_eyewear,1184
narancia_ghirga,1184
presenting_foot,1184
fu-ta,1184
walking_on_liquid,1184
stuffed_winged_unicorn,1184
see-through_thighhighs,1183
cardiogram,1183
jason_todd,1183
blood_halo,1183
protagonist_3_(housamo),1183
omaru_polka_(1st_costume),1183
yinlin_(wuthering_waves),1183
object_on_breast,1183
capcom_fighting_jam,1182
fiery_tail,1182
leaf_earrings,1182
a-pose,1182
nanakusa_nichika,1182
gun_on_back,1182
shin_sangoku_musou,1182
chili_pepper,1181
peacock_feathers,1181
falling_flower,1181
fallen_angel,1181
squidbeak_splatoon,1181
pan_(dragon_ball),1181
clothes_pin,1180
leopard_tail,1180
balance_scale,1180
microsoft_paint_(medium),1180
tit_(bird),1180
mota,1180
tada_riina,1180
cockroach,1179
audio_jack,1179
fried_rice,1179
mirai_nikki,1179
kars_(jojo),1179
prinz_eugen_(unfading_smile)_(azur_lane),1179
plaid_sleeves,1179
nemo_(fate),1178
lime_slice,1178
fire_emblem:_thracia_776,1178
sorceress_(dragon's_crown),1178
tsumami_kanzashi,1178
yozora_mel,1178
rice_paddy,1178
dedenne,1178
lion_mane,1178
pixiv,1178
polka_dot_bowtie,1177
sky_focus,1177
optimus_prime,1177
hat_bell,1177
kloah,1177
wax_seal,1177
arms_on_knees,1176
magnet,1176
hinaichigo,1176
wiz_(konosuba),1176
oven,1176
fox_hair_ornament,1176
apollo_justice:_ace_attorney,1176
king_hassan_(fate),1175
purple_sclera,1175
cardigan_partially_removed,1175
li_huowang,1175
ru-class_battleship,1175
katou_megumi,1175
wakana_shiki,1174
fur-tipped_tail,1174
kaiou_michiru,1173
needle_(hollow_knight),1173
sitting_sideways,1173
trigun_stampede,1173
paint_can,1173
ehoumaki,1173
ikari_manatsu,1172
kamisato_clan_(emblem),1172
moke_ro,1172
kitakami_kai_ni_(kancolle),1172
wheelbarrow,1171
junko_(blue_archive),1171
dream_c_club,1171
bb_(swimsuit_mooncancer)_(second_ascension)_(fate),1171
umanosuke,1171
breast_strap,1171
pantyhose_only,1170
occultic;nine,1170
yellow_(pokemon),1170
odin_sphere,1170
lolidom,1170
primarina,1170
cat_on_lap,1169
tomimi_(arknights),1169
funnels_(gundam),1169
yukari_(blue_archive),1169
kurikara,1169
nakiri_erina,1169
sylus_(love_and_deepspace),1169
panda_hood,1169
print_apron,1169
snow_globe,1168
reigen_arataka,1168
crosshair_pupils,1168
implied_extra_ears,1168
fur_bikini,1168
boulder,1168
skating,1168
6_(yuchae),1168
magician,1167
piano_keys,1167
multiple_hats,1167
aoshima,1167
pharah_(overwatch),1167
wakamo_(swimsuit)_(blue_archive),1167
kutan,1167
araragi_karen,1167
joystick,1166
dota_2,1166
giratina,1166
shared_object_insertion,1166
cure_beauty,1166
mine_(blue_archive),1166
satono_crown_(umamusume),1166
frilled_bonnet,1166
shuffle!,1166
immobilization,1166
front-hook_bra,1165
floating_skull,1165
blood_on_wall,1165
brass_knuckles,1165
towel_around_waist,1165
bee_girl,1165
four-pointed_star,1165
furisode_sleeves,1165
minakami_(flyingman555),1165
magikarp,1165
anzio_military_uniform,1164
game_development_department_(blue_archive),1164
misaka_imouto,1164
vehicle_name,1164
korra,1164
on_stairs,1163
shirogane_tsumugi,1163
reia_76,1163
grey_robe,1163
ashford_academy_school_uniform,1163
zipper_dress,1163
roy_(fire_emblem),1163
misumi_(macaroni),1163
holding_crowbar,1162
pyramid_(structure),1162
flower_(vocaloid),1162
unicorn_overlord,1162
lord_el-melloi_ii,1162
lina_inverse,1162
battle_spirits,1162
plaid_bra,1162
buried,1162
worm,1162
julia_(fire_emblem),1162
lyria_(granblue_fantasy),1162
camera_around_neck,1161
agent_3_(splatoon),1161
comic_panel_redraw,1161
pussy_juice_on_fingers,1161
fuzichoco,1161
fate/unlimited_codes,1161
blade_&_soul,1161
nagusa_(blue_archive),1161
book_on_lap,1160
sanada_akihiko,1160
sousouman,1160
magukappu,1160
mamerakkkkko,1160
pin,1160
reindeer_girl,1160
pneuma_(xenoblade),1159
hazuki_ren,1159
soren_(fire_emblem),1159
tokkakyou,1159
spacezin,1159
ashley_graves,1158
signora_(genshin_impact),1158
adjusting_panties,1158
prince,1158
collar_tug,1158
cu_chulainn_(caster)_(fate),1158
cerberus_(helltaker),1157
cloud_hair_ornament,1157
baking,1157
dodging,1157
tenjou_utena,1157
minato_ojitan,1157
shaymin,1157
sakuraba_yuuki,1157
horned_hood,1156
refraction,1156
looking_at_flowers,1156
diamond_facial_mark,1155
donquixote_doflamingo,1155
presenting_removed_panties,1155
wingull,1155
ankle_wrap,1155
monster_hunter_wilds,1155
saga_(arknights),1155
on_boat,1155
sakiyamama,1155
shengtian,1154
wiping_mouth,1154
ushiromiya_maria,1154
episode_number,1153
kohinata_miho,1153
nintendo_3ds,1153
whislash_(arknights),1153
green_hood,1153
kiritto,1153
goma_(yoku_yatta_hou_jane),1153
disney,1153
hook,1153
haimura_kiyotaka,1153
jean_bart_(azur_lane),1152
fake_claws,1152
grand_scale,1152
dejiko,1152
type_95_(girls'_frontline),1152
en'en_no_shouboutai,1152
red_tube_top,1152
mojyo,1151
master_detective_archives:_rain_code,1151
yatadera_narumi,1151
flower-trimmed_sleeves,1151
miyagoe_yoshitsuki,1151
viper_(nikke),1150
naked_tabard,1150
black_coat_(kingdom_hearts),1150
celica_(fire_emblem),1150
digital_dissolve,1150
hataraku_maou-sama!,1150
yin_(darker_than_black),1150
ijichi_seika,1150
nekomusume_(gegege_no_kitarou_6),1150
rudeus_greyrat,1149
crocodile_(one_piece),1149
dottore_(genshin_impact),1149
on_scooter,1149
tooth,1149
triangle-shaped_pupils,1149
kazama_asuka,1149
griseo,1149
pochimaru_(marumaru_wanwan),1149
hooded_shirt,1149
tezcatlipoca_(fate),1149
pokemon_unite,1148
gradient_skirt,1148
screen_light,1148
panda_hair_ornament,1148
pen_in_pocket,1148
multicolored_ribbon,1148
morino_hon,1148
fish_tank,1147
exploding_clothes,1147
papa_(shimeguru),1147
yellow_bandana,1147
grey_outline,1147
mikumikudance_(medium),1147
shampoo_bottle,1147
sheep_tail,1147
tandohark,1147
nironiro,1147
maya_fey,1147
kemachiku,1147
wreckage,1147
obese,1147
chise_(blue_archive),1146
high_five,1146
brown_long-eared_bat_(kemono_friends),1146
v-taper,1146
star_platinum,1146
oda_nobukatsu_(fate),1146
celebi,1146
stuffed_sheep,1145
mask_lift,1145
purple_headband,1145
seele_(honkai:_star_rail),1145
grabbing_another's_ear,1145
kamogawa_tanuki,1145
whip_marks,1145
queen_draco_(fate),1145
quanxi_(chainsaw_man),1144
paint_on_body,1144
perfect_cherry_blossom,1144
blue_pikmin,1144
azumanga_daioh's_school_uniform,1144
swablu,1144
holding_paddle,1143
hanami,1143
brown-tinted_eyewear,1143
freminet_(genshin_impact),1143
shiratsuyu_kai_ni_(kancolle),1143
natsuiro_matsuri_(1st_costume),1143
athrun_zala,1143
mtu_virus,1142
headwear_request,1142
triangular_eyewear,1142
floating_sword,1142
okusawa_misaki,1142
holding_pastry_bag,1142
black_vs_white,1142
anya_melfissa,1142
spoken_zzz,1142
eva_02,1142
chinatsu_(blue_archive),1142
ots-14_(girls'_frontline),1142
izumi-no-kami_kanesada,1142
kisaragi_shintarou,1142
kujou_karen,1142
sorcerer_(ragnarok_online),1142
piccolo,1141
sensei_(blue_archive_the_animation),1141
bell_earrings,1141
leo_(fire_emblem_fates),1141
fluorescent_lamp,1141
eunectes_(arknights),1141
bead_choker,1140
naruse_shiroha,1140
heart-shaped_boob_challenge,1140
lenna_charlotte_tycoon,1140
kiki_(majo_no_takkyuubin),1140
yamagumo_(kancolle),1140
jeanne_d'arc_alter_(avenger)_(third_ascension)_(fate),1140
yes!_precure_5_gogo!,1140
celes_chere,1139
power_connection,1139
anal_only,1139
layered_gloves,1139
peach88,1139
aru_(dress)_(blue_archive),1139
tying,1139
kaai_yuki,1138
orange_bra,1138
hellandheaven,1138
eudetenis,1138
travel_attendant,1138
pov_breasts,1137
on_rooftop,1137
annotation_request,1137
yakumo_beni,1137
owari_no_seraph,1137
tart_(food),1137
humboldt_penguin_(kemono_friends),1137
guardian_tales,1137
sixteenth_note,1137
translucent_bunnysuit,1137
frilled_shawl,1136
mutual_masturbation,1136
ikusaba_mukuro,1136
covered_anus,1136
riolu,1136
bismarck_(azur_lane),1136
meremero,1136
yellow_mask,1136
fakemon,1136
weights,1135
diorama,1135
melia_antiqua,1135
amane_kanata_(work),1135
clothes_on_floor,1135
kotori_(blue_archive),1135
crack_of_light,1135
holding_mallet,1135
cloud_tattoo,1134
marill,1134
final_fight,1134
rokuwata_tomoe,1134
nt00,1134
abigail_williams_(traveling_outfit)_(fate),1134
uzaki_tsuki,1134
reisen_(touhou_bougetsushou),1134
yagate_kimi_ni_naru,1133
tomato_slice,1133
grand_theft_auto,1133
kiana_kaslana_(herrscher_of_flamescion),1133
luo_tianyi,1133
berserker_(fate/zero),1133
mini_chef_hat,1132
collared_leotard,1132
pussy_focus,1132
fkey,1132
sky_print,1132
greem_bang,1132
sagiri_(kancolle),1132
white_rabbit_(alice_in_wonderland),1132
magic_knight_rayearth,1132
wing_ears,1131
anna_(frozen),1131
heart_halo,1131
inui_toko_(1st_costume),1131
holding_cookie,1131
usada_hikaru,1131
super_saiyan_blue,1131
mud,1131
midori_(maid)_(blue_archive),1130
varied_reactions,1130
miyamoto_iori_(fate),1130
samuel_b._roberts_(kancolle),1130
roma_(kancolle),1130
akara_kai,1130
pink_buruma,1130
pumpkin_hair_ornament,1129
ikaruga_luca,1129
railroad_crossing,1129
romani_archaman,1129
wooper,1129
fireball,1128
aqua_scarf,1128
ferry_(granblue_fantasy),1128
sayagata,1128
boxing,1128
vertical-striped_panties,1127
japari_bun,1127
ribbon_earrings,1127
cello,1127
kurokami_fubuki,1127
kami_jigen_game_neptune_v,1127
samip,1127
lugia,1127
nayuta_(chainsaw_man),1126
cue_stick,1126
desert_eagle,1126
censored_with_cum,1126
cuisses,1126
strapless_bottom,1126
flower_over_mouth,1126
sado_(kancolle),1126
quad_braids,1125
licking_testicle,1125
holding_hair_dryer,1125
swim_goggles,1125
mashiro_yukiya,1125
doom_(series),1124
lazy_eye,1124
stage_curtains,1124
head_between_thighs,1124
dragon_quest_builders_2,1124
patterned,1123
flippers,1123
lala_satalin_deviluke,1123
hieroglyphics,1123
halter_leotard,1122
projekt_red_(arknights),1122
suou_patra,1122
cute_&_girly_(idolmaster),1122
prostration,1121
rin_(blue_archive),1121
troll_face,1121
pickup_truck,1121
orange_sash,1120
scanty_(psg),1120
penis_measuring,1120
cupboard,1120
asakura_karen_(heaven_burns_red),1120
m16,1120
single_mechanical_hand,1120
taimanin_yukikaze,1120
hand_on_another's_knee,1119
grey_eyeshadow,1119
jug_(bottle),1119
wind_turbine,1119
steaming_cup,1119
jeno,1119
annin_musou,1119
togepi,1119
fukuzawa_yumi,1119
asymmetrical_pants,1118
exoskeleton,1118
nadia_la_arwall,1118
hiyajou_maho,1118
hong_(white_spider),1118
ergot,1118
panzer_iv,1118
kitahama_(siroimakeinu831),1118
arcane_vi,1117
long_toenails,1117
shoulder_plates,1117
saya_no_uta,1117
implied_cunnilingus,1117
blue_male_underwear,1117
hotpot,1117
yoshi,1117
nina_(fire_emblem),1117
franky_(one_piece),1116
egg_laying,1116
company_logo,1116
bikini_top_aside,1116
spiked_armor,1116
transverse_flute,1116
ibuki_fuuko,1116
foot_dangle,1116
sun_print,1116
camera_flash,1116
food_name,1116
sun_earrings,1116
roto_(dq3),1116
mika_pikazo,1116
vane_(granblue_fantasy),1116
harada_(sansei_rain),1116
netzach_(project_moon),1116
bai_lao_shu,1116
ampharos,1116
aragaki_shinjirou,1115
omachi_(slabco),1115
convertible,1115
fumio_(ura_fmo),1115
highschool_of_the_dead,1115
doraemon_(character),1114
sylvain_jose_gautier,1114
crossed_wrists,1114
criis-chan,1114
silver_bracelet,1114
st._louis_(luxurious_wheels)_(azur_lane),1114
iv_stand,1114
cross_tattoo,1114
getter_robo,1113
mercedes_von_martritz,1113
abigail_williams_(swimsuit_foreigner)_(third_ascension)_(fate),1113
cupless_bikini,1113
slaine_troyard,1113
narutomaki,1113
kazami_yuuka_(pc-98),1112
oddish,1112
minigun,1112
ciel_phantomhive,1112
eva_01,1112
deyui,1111
konoka_(blue_archive),1111
blue_mask,1111
shiina_yuika_(1st_costume),1111
guardians_of_the_galaxy,1111
orange_sclera,1110
tickling_armpits,1110
pinstripe_vest,1110
kamille_bidan,1110
shadowheart_(baldur's_gate),1110
white_slingshot_swimsuit,1110
large_syringe,1109
two-tone_mask,1109
hand_on_own_penis,1109
undersuit,1109
chou-10cm-hou-chan,1109
two-tone_vest,1109
aster_crowley,1109
very_long_ears,1109
taneshima_popura,1109
kusaka_souji,1109
pannacotta_fugo,1109
suzukaze_aoba,1109
ass_press,1109
implacable_(azur_lane),1108
riyo_(lyomsnpmp)_(style),1108
inuyasha_(character),1108
talulah_(arknights),1108
orca,1108
caracal_(kemono_friends),1108
sen_to_chihiro_no_kamikakushi,1108
clarisse_(granblue_fantasy),1108
kinugasa_kai_ni_(kancolle),1108
iizuki_tasuku,1108
implied_pregnancy,1107
baseball_jersey,1107
blacknirrow,1107
brand_new_animal,1106
grabbing_another's_face,1106
haru_(nakajou-28),1106
sukonbu_(shirakami_fubuki),1106
high-visibility_vest,1106
gigantamax,1106
guzma_(pokemon),1106
utsumi_erice,1105
transparent_border,1105
fading,1105
iridescent,1105
disneyland,1105
vertical-striped_vest,1105
arcanine,1105
venat_(ff14),1105
kabayaki_(kabayaki_eel),1105
mascot_costume,1105
wok,1105
robot_boy,1104
assassin_(fate/zero),1104
menacing_(jojo),1104
bralines,1104
imperial_japanese_army,1104
brown_shawl,1104
ssrb_(shishiro_botan),1104
kirby_and_the_forgotten_land,1104
dream_soul,1104
kurumi_noah,1104
fukumoto_mahjong,1104
fern,1104
mogudan,1104
saori_(dress)_(blue_archive),1103
ouro_kronii_(casual),1103
keqing_(opulent_splendor)_(genshin_impact),1103
black_souls_2,1103
bagpipe_(arknights),1103
arms_(game),1103
gradient-tinted_eyewear,1103
assisted_rape,1103
rainbow_mika,1103
lady_(devil_may_cry),1103
do_m_kaeru,1102
tuxedo_cat,1102
klein_moretti,1102
shirogane_noel_(casual),1102
animal_charm,1102
"don't_say_""lazy""",1102
black_sarong,1102
tooth_earrings,1102
rei_(pokemon),1102
magia_baiser,1101
steve_rogers,1101
blue_mittens,1101
trish_una,1101
daiaru,1101
akitsushima_(kancolle),1101
mukai_takumi,1101
feet_only,1101
mismagius,1101
energy_blade,1101
wavy_sidelocks,1101
error_message,1100
bluesky_logo,1100
mononoke_hime,1100
scanlines,1100
taimanin_rpgx,1100
grecale_(kancolle),1100
arbok,1100
hagoonha,1100
kuro_kosyou,1100
king's_raid,1099
italian_text,1099
magic:_the_gathering,1099
covering_with_blanket,1098
green_tongue,1098
iron_bars,1098
takamiya_rion,1098
flcl,1098
arms_on_table,1098
sukusuku_hakutaku,1098
catsuit,1098
nekota_tsuna,1097
tengu_mask,1097
awa,1097
sunnysideup,1097
wireless_earphones,1096
grandia,1096
mikagami_hiyori,1096
blue_bandeau,1096
armored_skirt,1096
checkered_ribbon,1096
snake_tattoo,1095
price_tag,1095
masu,1095
sanbaka_(nijisanji),1095
kobayashi_(maidragon),1095
cleaning_rag,1095
yofukashi_no_uta,1094
shin_megami_tensei_v,1094
lion_(kemono_friends),1094
kamen_rider_w,1094
melony_(pokemon),1094
vegetto,1094
aika_(series),1094
team_9_(touhou),1094
chest_tuft,1094
tall_grass,1094
mary_(ib),1093
tsuyuri_kanao,1093
yuuji_(yukimimi),1093
orange_trim,1093
footwear_focus,1093
charlotte_(anime),1092
blemishine_(arknights),1092
little_witch_nobeta,1092
ryoji_(nomura_ryouji),1092
tenchi_muyou!,1092
soap_(modern_warfare_2),1092
moomin,1092
aztodio,1092
asirpa,1091
cure_happy,1091
anisphia_wynn_palettia,1091
doro_(nikke),1091
koyorin,1091
uryuu_ryuunosuke,1091
ray_gun,1091
roon_(azur_lane),1090
ryugasaki_rene,1090
hay,1090
suzuka_gozen_(fate),1089
sekaiju_no_meikyuu_1,1089
chocolate_making,1089
miraculous_ladybug,1089
liya,1089
plumeria,1089
flailing,1088
licking_breast,1088
yellow_pajamas,1088
party,1088
iwbitu,1088
yuu_(twisted_wonderland),1088
neon_palette,1088
mejiro_bright_(umamusume),1088
xiangyun,1088
penis_under_another's_clothes,1087
spread_armpit,1087
danua,1087
exhaling_smoke,1087
square_enix,1087
battleship,1087
cluseller,1087
balaclava,1087
erere,1087
ligne_claire,1086
abigail_williams_(third_ascension)_(fate),1086
curly_sidelocks,1086
gradient_kimono,1086
grey_one-piece_swimsuit,1086
cross-laced_cutout,1086
mimic,1086
lamb-oic029,1086
van_gogh_(fate),1086
tape_on_nipples,1085
sketch_background,1085
kappa,1085
manta_ray,1085
ryouma_(galley),1085
elvaan,1085
unworn_eyepatch,1084
see-through_bikini,1084
distr,1084
randal_ivory,1084
saya_(saya_no_uta),1084
moyoron,1084
rachel_alucard,1084
no_hair_ornament,1083
lambda_(kusowarota),1083
aki_(girls_und_panzer),1083
gold_anklet,1083
subaru_nakajima,1083
sailor_swimsuit_(idolmaster),1082
ashley_graham,1082
feater_(arknights),1082
bus_interior,1082
momoi_(maid)_(blue_archive),1082
asaya_minoru,1082
species_connection,1081
mimonel,1081
princess_of_moonbrook,1081
rean_schwarzer,1080
credits_page,1080
gokuhara_gonta,1080
otokura_yuuki,1080
habsida_(habsida_hpy),1080
:c,1080
reshiram,1080
orange_juice,1079
arinu,1079
arm_across_chest,1079
color_trace,1079
reed_the_flame_shadow_(arknights),1079
hand_milking,1079
tsukiman,1079
shishio_chris,1079
cure_melody,1079
school_of_fish,1078
peni_parker,1078
fusuma,1078
richard_i_(fate),1078
million_arthur_(series),1078
unfinished_dream_of_all_living_ghost,1078
dragon_tattoo,1078
holding_another's_tail,1077
see-through_one-piece_swimsuit,1077
fur_cuffs,1077
bolt_(hardware),1077
lacus_clyne,1077
gawain_(fate),1077
kawakami_sadayo,1077
school_gym,1077
source_quote,1077
hand_blush,1077
hoshizuki_(seigetsu),1077
the_owl_house,1076
blob,1076
covering_own_ears,1076
sexual_coaching,1076
virgin_killer_outfit,1076
kondou_taeko,1076
cum_through_clothes,1076
doitsuken,1076
z-ring,1076
ych_commission,1076
myth1carts,1076
sakurazawa_izumi,1076
nightstand,1075
chrono_cross,1075
yumeko_(touhou),1075
baba_(baba_seimaijo),1075
helm_(nikke),1075
felix_hugo_fraldarius,1075
vehicle_and_personification,1075
raimon_soccer_uniform,1075
horseshoe_hat_ornament,1074
haibara_ai,1074
fist_pump,1074
concrete,1074
voile,1074
maracas,1074
condenser_unit,1074
phoenix,1074
shippou_(pattern),1073
idol_wars,1073
penis_in_panties,1073
gladiia_(arknights),1073
aurora_(arknights),1073
yaopei,1073
hagoromo_lala,1073
yorick_(shiori_novella),1073
hacka_doll,1073
halo_(series),1072
komaki_manaka,1072
wall_lamp,1072
tarot_card,1072
touhou_cannonball,1072
bipod,1072
cthulhu_mythos,1072
araragi_tsukihi,1071
barbell,1071
bradamante_(fate),1071
flapping,1071
tear_grants,1071
holding_whistle,1071
penis_tentacle,1071
chomusuke,1071
monster_musume_no_iru_nichijou_online,1071
shaking_head,1070
playing_with_another's_hair,1070
modare,1070
hyena_tail,1070
bandages_over_clothes,1070
igarashi_kyoko,1070
ballpoint_pen_(medium),1070
dissolving_clothes,1070
ittokyu,1070
sakata_kintoki_(fate),1069
emolga,1069
shared_blanket,1069
aquarion_(series),1069
izayoi_liko,1069
excessive_pussy_juice,1069
funada_kiito,1068
green_serafuku,1068
geeta_(pokemon),1068
shirayuki_hime,1068
severed_hair,1068
atelier-moo,1068
choujikuu_yousai_macross,1068
zoids,1068
tenken_(gotannda),1068
hugging_another's_leg,1067
aqua_pupils,1067
uncle_and_niece,1067
matsubara_kanon,1067
sono_hanabira_ni_kuchizuke_wo,1067
uzumaki_boruto,1067
ichigo_(darling_in_the_franxx),1067
apple_caramel,1067
sei_shounagon_(fate),1066
elster_(signalis),1066
oktavia_von_seckendorff,1066
another_eidos-r,1066
cross-body_stretch,1066
mazinger_(series),1066
mo_(kireinamo),1066
bandana_around_arm,1066
hair_between_breasts,1066
rinoa_heartilly,1065
holding_shower_head,1065
unkempt,1065
cutie_mark,1065
puddinghomhom,1065
alternate_wings,1065
setz,1065
pink_crown,1065
nijimura_okuyasu,1064
pantyhose_under_swimsuit,1064
virtuareal,1064
blue_nipples,1064
mochizuki_honami,1064
ghislaine_dedoldia,1063
li_syaoran,1063
lambdadelta,1063
spacecraft_interior,1062
holding_own_foot,1062
rattle,1062
holding_flashlight,1062
starshadowmagician,1062
sayu_(genshin_impact),1062
see-through_shawl,1062
ominaeshi_(takenoko),1062
aqua_sailor_collar,1062
blaziken,1062
grilling,1062
tojo_kirumi,1062
mundane_utility,1062
alcohol_carton,1062
applying_lipstick,1062
two-tone_panties,1061
eve_(stellar_blade),1061
torn_hat,1061
7010,1061
inaba_shiki,1061
double_halo,1061
huyumitsu,1061
fukidashi_cotton,1061
male_with_breasts,1061
hatterene,1061
mel_(melty_pot),1061
leg_cutout,1060
print_scarf,1060
soda_kazuichi,1060
visual_novel,1060
hifumi_(swimsuit)_(blue_archive),1060
v_over_head,1060
tank_turret,1060
wakan_tanka,1060
naked_dress,1060
treecko,1060
food_on_hand,1060
ovum_with_heart,1060
jaguar_girl,1059
pov_peephole,1059
wonder_woman,1059
jouga_maya,1059
wrong_foot,1059
kitashirakawa_tamako,1059
cherry_tomato,1059
kirishima_touka,1059
tanned_cirno,1059
aquiline_nose,1058
umigarasu_(kitsune1963),1058
pink_fire,1058
sound_effects_only,1058
acolyte_(ragnarok_online),1058
inkerton-kun,1057
dark_souls_ii,1057
drawing_on_another's_face,1057
purple_arm_warmers,1057
thick_arm_hair,1057
lane_line,1057
dilated_pupils,1057
nanao_naru,1057
haunter,1057
heart_print_panties,1056
on_water,1056
pa-san,1056
wisespeak,1056
yunli_(honkai:_star_rail),1056
journey_to_the_west,1056
club3,1056
curiosities_of_lotus_asia,1056
sanageyama_uzu,1056
hot_vr,1056
single_bare_arm,1056
jin_(mugenjin),1056
kage_no_jitsuryokusha_ni_naritakute!,1055
mizu_happi,1055
bishoujo_senshi_sailor_moon_r,1055
brown_bodysuit,1055
ben_bigger,1055
unworn_pants,1055
guin_guin,1055
warlock_(ragnarok_online),1055
blanc_(nikke),1055
eclipse,1055
swimsuit_skirt,1054
other_with_female,1054
francesca_prelati_(fate),1054
melina_(elden_ring),1054
5others,1054
diavolo,1054
cyrillic,1053
frostleaf_(arknights),1053
mifune_miyu,1053
bbb_(friskuser),1053
crave_saga,1053
cure_march,1053
g_(genesis1556),1053
smegma,1053
rainbow_background,1052
lace-trimmed_collar,1052
sway_back,1052
mechanic,1052
razor_(genshin_impact),1052
casing_ejection,1052
shichimenchou,1052
adaman_(pokemon),1052
jump_rope,1052
cherry_print,1051
roy_mustang,1051
pink_babydoll,1051
print_sarong,1051
announcement_celebration,1051
sewayaki_kitsune_no_senko-san,1051
archetype_earth,1051
lunamaria_hawke,1051
rearing,1051
source_mismatch,1050
reloading,1050
suzumi_(blue_archive),1050
folded_clothes,1050
kousaka_kirino's_school_uniform,1050
shirabi,1050
nyarlathotep_(nyaruko-san),1050
buena_vista_(umamusume),1049
amestris_military_uniform,1049
hinomori_shiho,1049
banana_peel,1049
nonco,1049
bruised_eye,1049
asahi_breweries,1049
guoba_(genshin_impact),1049
pink_pubic_hair,1049
smelling_penis,1049
sister_princess,1049
okina_ika,1049
michiru_(blue_archive),1048
texas_(willpower)_(arknights),1048
x_fingers,1048
zunusama,1048
catstudioinc_(punepuni),1048
yotsuba_alice,1048
flower_to_mouth,1048
bouncing,1047
w_over_eye,1047
camouflage_shirt,1047
roke_(taikodon),1047
merc_storia,1047
takamori_aiko,1047
wet_skirt,1047
heart_ornament,1046
scathach_(piercing_bunny)_(fate),1046
enemy_naval_mine_(kancolle),1046
sakura_laurel_(umamusume),1046
syope,1046
inconvenient_breasts,1046
duct_tape,1046
warrior_(dq3),1046
binary,1045
wiping,1045
cave_interior,1045
gradient_nails,1045
cis_(carcharias),1045
musket,1045
lace_thighhighs,1045
holding_cigar,1045
country_connection,1045
horikawa_kunihiro,1045
animal_around_neck,1045
eye_symbol,1045
dramatical_murder,1044
lili_(tekken),1044
aoi_masami,1044
slouching,1044
clothes_theft,1044
kobayakawa_sae,1044
green_camisole,1044
shinigami,1043
face_in_ass,1043
colored_lineart,1043
snowbreak:_containment_zone,1043
sainan_high_school_uniform,1043
fiery_background,1043
hawk,1043
world_is_mine_(vocaloid),1043
metroid_(creature),1043
toriel,1042
spiked_headband,1042
glass_door,1042
nardack,1042
kalina_(girls'_frontline),1042
heavy,1042
torn_bike_shorts,1042
arcade,1042
dirt_road,1042
swinging_weapon,1042
cross-laced_corset,1042
lindaroze,1041
finger_sucking,1041
cooperative_handjob,1041
weapon_bag,1041
subaru_duck,1041
kaho_(blue_archive),1041
digimon_adventure_02,1041
manabe_nodoka,1041
fantia_reward,1041
zenra,1040
hakase_fuyuki,1040
season_connection,1040
natsu_megumi,1039
pants_under_dress,1039
kanshou_&_bakuya_(fate),1039
stuffed_bird,1039
purple_camisole,1038
vira_(granblue_fantasy),1038
puzzle_piece,1038
ragho_no_erika,1038
hange_zoe,1037
magolor,1037
red_sweater_vest,1037
mega_man_x_dive,1037
itini-sanshi,1037
anis_(sparkling_summer)_(nikke),1037
spam_(spamham4506),1037
satou_daiji,1037
plackart,1037
dinosaur_tail,1037
unworn_goggles,1037
blue_blood,1037
sounding,1036
yamabuki_high_school_uniform,1036
walker_(robot),1036
hyena_girl,1036
cuntboy,1036
thorns_(arknights),1036
cesario_(umamusume),1036
holding_orb,1036
diving,1036
yellow_umbrella,1036
kfr,1036
40hara,1035
kohinata_miku,1035
arguing,1035
groceries,1035
finger_tattoo,1035
blue_oni,1035
zabaniyya_(housamo),1035
serperior,1035
robin_(dc),1034
beretta_1301,1034
relaxing,1034
uneven_footwear,1034
mortarboard,1034
taihou_(enraptured_companion)_(azur_lane),1034
transmission_tower,1034
takoluka,1034
adventurer_(ff14),1034
shirayuki_tomoe,1034
leona_kingscholar,1034
eimi_(swimsuit)_(blue_archive),1033
nipple-to-nipple,1033
meltryllis_(swimsuit_lancer)_(second_ascension)_(fate),1033
taut_swimsuit,1033
conch,1033
prinny,1033
2008,1033
huge_horns,1033
videl,1033
deadnooodles,1033
mistletoe,1033
fairy_leviathan_(mega_man),1032
coin_purse,1032
rayquaza,1032
asymmetrical_arms,1032
bosshi,1032
sonic_the_hedgehog_(classic),1032
akashi_(azur_lane),1032
gold_buckle,1031
muffin,1031
tofuubear,1031
jjanda,1031
uta_no_prince-sama,1031
euphyllia_magenta,1031
translucent,1031
bell-bottoms,1031
tiki_(young)_(fire_emblem),1031
unfairr,1031
gesugao,1031
rosa_(tears_of_themis),1031
hanafuda_earrings,1031
eiri_(eirri),1031
problem_solver_68_(blue_archive),1030
komone_ushio,1030
faris_scherwiz,1030
purple_outline,1030
skeletal_hand,1030
kenkou_cross,1030
niichi_(komorebi-palette),1030
shout_lines,1029
hand_on_another's_wrist,1029
snow_leopard_boy,1029
rei_no_pool,1029
sciamano240,1029
line_(naver),1029
short_braid,1029
choufu_shimin,1029
thigh_bow,1029
yoo_tenchi,1028
hair_over_face,1028
hijiri_ageha,1028
fortified_suit,1028
dinergate_(girls'_frontline),1028
wet_face,1028
eroe,1028
kon_kanaho,1027
hatsuharu_(kancolle),1027
turn_a_gundam,1027
underworld_(ornament),1027
mahou_shoujo_madoka_magica_movie_1_&_2,1027
akinbo_(hyouka_fuyou),1027
symmetrical_pose,1027
hip_armor,1027
coroha,1027
bennett_(genshin_impact),1026
knight_(hollow_knight),1026
tequila_(arknights),1026
sato_shin,1026
purple_hood,1026
amazon_warrior,1026
holding_pickaxe,1025
striped_leg_warmers,1025
smeared_lipstick,1025
ayanami_(retrofit)_(azur_lane),1025
takasuma_hiro,1025
e20,1025
yae_miko_(fox),1025
lana's_mother_(pokemon),1025
focalors_(genshin_impact),1025
turtwig,1024
sage_(dq3),1024
alisa_(girls_und_panzer),1024
panty_lift,1024
food_insertion,1024
majin_android_21,1024
recurring_image,1024
miku_symphony_(vocaloid),1024
bandaged_torso,1023
liquor,1023
o-ring_collar,1023
tanaka_gundham,1023
vahn_yourdoom,1023
mosin-nagant,1023
leaf_background,1023
purple_sarong,1023
crow_(la+_darknesss),1023
amagi_(kancolle),1023
commandant_teste_(kancolle),1023
whip_sword,1023
atdan,1023
pussy_cutout,1023
nishieda,1022
kabocha_torute,1022
kyata_ti666,1022
mutsuki_kai_ni_(kancolle),1022
hair_over_one_breast,1022
untue,1022
sega,1022
matsuwa_(kancolle),1022
canteen,1022
klara_(pokemon),1022
naruto:_the_last,1022
pillory,1022
low_drills,1022
metal_baseball_bat,1022
right-over-left_kimono,1021
rosary,1021
paizuri_invitation,1021
perth_(kancolle),1020
ookami_(game),1020
dick_grayson,1020
rurouni_kenshin,1020
paw_hair_ornament,1020
billiard_ball,1020
raptor7,1019
aketa_mikoto,1019
sakimichan,1019
no+bi=,1019
lin_(arknights),1019
roxie_(pokemon),1019
fuyutsuki_(kancolle),1019
double_exposure,1019
makoto_(street_fighter),1018
hammann_(azur_lane),1018
captain_america,1018
holding_own_wrist,1018
yagami_hikari,1017
yuni_(princess_connect!),1017
yuudachi_(azur_lane),1017
victorian_maid,1017
fujisaki_hikari,1017
bond_(spy_x_family),1017
sothis_(fire_emblem),1017
single_half_glove,1017
nemophila_(flower),1016
tankard,1016
non_(z-art),1016
oimanji,1016
radar_hair_ornament,1016
flattop,1016
yosuga_no_sora,1016
machismo_fuji,1016
red_panda_tail,1015
comet,1015
food-themed_creature,1015
wing_piercing,1015
imminent_hug,1015
heart_arms,1015
single_drill,1014
mystical_high_collar,1014
revealing_layer,1014
rangycrow,1014
gray_(fate),1014
mikazuki_(kancolle),1014
mansion,1014
higurashi_kagome,1014
holding_handkerchief,1014
laser_sight,1014
pink_sarong,1014
feet_on_table,1013
nagian,1013
yuri_plisetsky,1013
charmeleon,1013
tony_stark,1013
pink_feathers,1013
sukeban,1013
tsurui,1013
airani_iofifteen,1013
ballistic_shield,1013
estelle_bright,1013
mermaid_melody_pichi_pichi_pitch,1012
karina_lyle,1012
purple_corset,1012
yuuki_hagure,1012
viy_(fate),1012
whispering_in_ear,1012
kuonji_alice,1012
stheno_(fate),1012
hope's_peak_academy_school_uniform,1012
graf_zeppelin_(azur_lane),1011
kamiya_maneki,1011
hella_p,1011
rom_(20),1011
sora_(blue_archive),1011
bb_(swimsuit_mooncancer)_(third_ascension)_(fate),1011
head_on_arm,1011
blue_hanfu,1010
naka_kai_ni_(kancolle),1010
off-shoulder_coat,1010
missing_eye,1010
kisaragi_(azur_lane),1010
sleeve_rolled_up,1010
ringeko-chan,1010
garry_(ib),1010
chiikawa,1009
murata_range,1009
fading_border,1009
twin_(tt_lsh),1009
nigari_(ngari_0115),1008
rui_(sugar3),1008
shino_to_ren,1008
spiral-only_eyes,1008
mismatched_wings,1007
mauser_98,1007
hair_belt,1007
geewhy,1007
hoshino_ruri,1007
cum_on_back,1007
kinu_(kancolle),1007
pas_(paxiti),1006
isshi_pyuma,1006
yellow_tulip,1006
zara_(poolside_coincidence)_(azur_lane),1006
arc_the_lad,1006
bishoujo_senshi_sailor_moon_(first_season),1006
lucas_(mother_3),1006
shoulder_patch,1006
washing_hair,1006
no-kan,1006
viewer_on_leash,1005
m&m_(mickey_and_mackey),1005
melon_soda,1005
to_be_continued,1005
tanigaki_genjirou,1005
broken_heart_hair_ornament,1005
strike_the_blood,1005
rhine_lab_logo,1005
tea_party_(blue_archive),1005
silver_necklace,1005
kaga_sumire,1004
topu,1004
beach_volleyball,1004
manya_(dq4),1004
skeletal_arm,1004
trapped,1004
plug_(piercing),1004
circular_saw,1004
ptilopsis_(arknights),1004
solid_snake,1003
cbt,1003
hiodoshi_ao,1003
dragon_ball_heroes,1003
pravda_military_uniform,1003
adsouto,1003
andira_(granblue_fantasy),1003
maruki_(punchiki),1002
dead_master,1002
grabbing_own_thigh,1002
on_box,1002
akaboshi_koume,1002
yaoyao_(genshin_impact),1002
evoker,1002
sweater_pull,1002
billiard_table,1002
grey_pubic_hair,1001
miss_cloud,1001
trinity_general_school_swimsuit,1001
hayabusa_(vert_320),1001
neco-arc,1001
ky_kiske,1001
pekoyama_peko,1001
varniskarnis,1001
tantei_opera_milky_holmes,1001
cleveland_(azur_lane),1001
sora_no_otoshimono,1001
oran_berry,1001
yoshida_hirofumi,1001
hairstyle_switch,1001
airfield_princess,1000
maoyuu_maou_yuusha,1000
beaker,1000
fender_jazz_bass,1000
kei_jiei,1000
oni-noboru,1000
telstar,1000
magallan_(arknights),1000
kriss_vector,1000
drag-on_dragoon_3,1000
ao_no_exorcist,999
konnyaku_(kk-monmon),999
liang_xing,999
drawn_wings,999
apple_hair_ornament,999
lance_of_longinus_(evangelion),999
dragon_ball_super_super_hero,999
silent_magician,999
sen_no_kiseki_iv,999
ein_(blue_archive),999
train_station_platform,999
sakuramori_kaori,998
himiya_jouzu,998
ooi_kai_ni_(kancolle),998
mugshot,998
blue_eyeliner,998
holding_pendulum,998
gradient_jacket,998
lucifer_morningstar_(hazbin_hotel),998
zebra_print,998
akkijin,997
print_swimsuit,997
takanashi_kiara_(casual),997
peroponesosu.,997
santa_claus,997
kousaka_kyousuke,997
dark_areolae,997
2005,997
tolkien's_legendarium,997
inflatable_whale,997
ambrosia_(dungeon_meshi),997
brown_overalls,997
neoartcore,997
single_elbow_pad,997
akiha_rumiho,996
iino_miko,996
puffy_chest,996
wooloo,996
dot_(pokemon),996
print_socks,996
orange_wings,995
nakagawa_natsuki,995
hikawa_shou,995
skull_hat_ornament,995
ogerpon,995
rieszverne_suzette_paladill,995
standard_bearer,995
moth_wings,994
black_bodystocking,994
cow_costume,994
aino_megumi,994
winking_(animated),994
shexyo,994
jeanne_d'arc_(third_ascension)_(fate),994
screw_in_head,994
heracles_(fate),994
asakaze_(kancolle),994
mewo,994
mega_ring,994
tile_roof,994
see-through_mask,994
tales_of_destiny,993
stop_sign,993
kagehira_mika,993
tiamat_(fate),993
laundry_dragonmaid,993
spray_bottle,993
cervical_penetration,993
spiked_boots,992
map_(object),992
megaman.exe,992
detached_pants,992
waka_(wk4444),992
bad_instagram_id,992
spoken_x,992
holding_duster,992
akira_(manga),992
resident_evil_5,991
sekiro:_shadows_die_twice,991
kakure_eria,991
tsuchinoko_(kemono_friends),991
kadoc_zemlupus,991
chicken_leg,991
sazaki_ichiri,991
cure_peach,991
2007,991
chi-hatan_military_uniform,991
namekian,991
inari_one_(umamusume),991
captive_bead_ring,991
typhon_(arknights),991
welt_(kinsei_koutenkyoku),990
yami_yugi,990
le_malin_(listless_lapin)_(azur_lane),990
dead_or_alive_xtreme,990
box_tie,990
xenoblade_chronicles_3:_future_redeemed,990
stahlhelm,990
penis_on_stomach,990
hanging_scroll,990
misaki_high_school_uniform,990
red_veil,989
pebble_(koseki_bijou),989
cardcaptor_sakura_clear_card_arc,989
flintlock,989
rabbit_on_head,989
inward_v,989
fairy_kei,989
en_pointe,989
hyakumantenbara_salome_(1st_costume),989
eto_(ikumika),989
ino_(magloid),989
rozaliya_olenyeva,989
roger_(guilty_gear),989
dusk_ball,989
green_hanfu,989
miyagawa_takane,988
owari_(azur_lane),988
flower_focus,988
filia_(skullgirls),988
titan_(shingeki_no_kyojin),988
hands_on_another's_stomach,987
kamisato_ayaka_(springbloom_missive),987
blastoise,987
thomas_8000,987
yunaka_(fire_emblem),987
saotome_alto,987
mohammed_avdol,987
toothpick,986
changing_room,986
blew_andwhite,986
chocolate_chip_cookie,986
riza_hawkeye,986
koutetsujou_no_kabaneri,986
kurokawa_eren,986
halfling,986
curved_horns,986
toothbrush_in_mouth,985
kiwi_slice,985
ichikawa_kyoutarou,985
mismatched_eyelashes,985
liz_(piyoko_piyop),985
regulus_(reverse:1999),985
muririn,985
rikatan,985
character_hood,985
sei_(kaien_kien),985
padded_jacket,985
crown_of_thorns,984
hades_1,984
honma_himawari,984
kickboard,984
galleon_(granblue_fantasy),984
chocolate_on_face,984
sugimori_ken,984
flower_basket,984
elesis_(elsword),984
kuga_natsuki,984
motosu_school_uniform,984
chocolate_syrup,984
flaming_hand,984
hase_yu,984
mishaguji,984
darumoon,984
hinamori_amu,984
atelier_ryza_2,984
reijo_(blue_archive),983
furious,983
chiyoda_(kancolle),983
franka_(arknights),983
spas-12_(girls'_frontline),983
gavial_(arknights),983
spicy_nun_(diva),983
original_race_uniform_(umamusume),983
pleated_sleeves,983
alastor_(hazbin_hotel),983
afterword,983
magik_(x-men),982
tenkajin_chiyari,982
khyle.,982
crisis_management_form_(machikado_mazoku),982
persona_2,982
tonari_no_totoro,982
tokyo_mew_mew,982
cum_bubble,981
superman,981
kishinami_(kancolle),981
annette_fantine_dominic,981
nyon_(cookie),981
mature_eyes,981
shamoji,981
watercolor_effect,981
lightning_ahoge,981
variable_fighter,981
kingdom_hearts_iii,981
chiaki_(blue_archive),981
hands_on_floor,981
black_shawl,981
dark_pit,981
celine_(fire_emblem),980
undyne,980
mygo!!!!!_(bang_dream!),980
ray.s,980
blue_tube_top,980
i-no,980
sydus,980
millie_parfait,980
ak-47,980
shiny_eyes,980
crossed_belts,980
typing,980
lasterk,980
senkawa_chihiro,979
saitou_hajime_(fate),979
inukai_iroha,979
villager_(animal_crossing),979
shalom_(path_to_nowhere),979
kayneth_el-melloi_archibald,979
privaty_(nikke),978
primarch,978
kamelie,978
wada_arco,978
mousetrap,978
hospital_king,978
;(,977
biwa_lute,977
shimiko_(blue_archive),977
eotech,977
hikage_(senran_kagura),977
popsicle_stick,977
black_crown,977
futari_wa_precure_splash_star,977
capriccio,977
conte_di_cavour_(kancolle),977
toudou_shimako,977
split-color_clothes,977
aozora_market,977
koyuki_(kotatsu358),976
kadomatsu,976
sailor_saturn,976
racing,976
oyakodon_(sex),975
implied_incest,975
eizouken_ni_wa_te_wo_dasu_na!,975
brand_of_the_exalt,975
green_suit,975
peony_print,975
shuriken_hair_ornament,975
nanashi_mumei_(emo),975
over_the_knee,974
print_pajamas,974
dying,974
lvl_(sentrythe2310),974
shinshuu_maru_(kancolle),974
tamagotchi,974
hololive_idol_uniform_(bright),974
naizuri,974
magic_kaito,974
u_u_zan,974
glass_table,974
ainu,974
pear,974
liskarm_(arknights),974
riku_(kingdom_hearts),973
xie_lian,973
ai_ai_gasa,973
destiny_child,973
breath_of_fire_ii,973
kakegurui,973
idolish7,973
see-through_gloves,973
aragaki_ayase,973
yume_no_owari,973
red_car,973
dynamite,973
gashi-gashi,973
shirow_masamune,973
v-bangs,973
aono3,973
initial,972
horiguchi_yukiko,972
felyne,972
nekomonogatari,972
bellflower,972
silver_earrings,972
andrew_graves,972
janus_(kancolle),972
katsura_hinagiku,972
hisuian_zorua,971
warfarin_(arknights),971
arm_on_own_head,971
shorts_tan,971
clodsire,971
trowel,971
chengongzi123,971
nanodesu_(phrase),971
fuji_(pixiv24804665),971
shoukaku_(azur_lane),971
school_rumble,971
jingwei_(bird),971
rindou_mikoto,971
flying_button,970
luke_fon_fabre,970
okunoda_miyoi,970
syuri22,970
print_hat,969
black_claws,969
tied_ears,969
testicle_peek,969
laguz_(fire_emblem),969
psd_available,969
creeper,969
paul_bunyan_(fate),969
miracle_mallet,969
yang_guifei_(second_ascension)_(fate),969
ishii_hisao,969
atago_(stunning_speedster)_(azur_lane),968
mia_(fire_emblem),968
fugtrup,968
itou_kaiji,968
egyptian_mythology,968
short_male,968
henshin_pose,968
shibasaki_shouji,968
holding_petal,967
holding_star,967
decrilus,967
bad_poipiku_id,967
calvin_klein,967
poison,967
redrop,967
aquila_(kancolle),967
himeyamato,967
tactile_paving,967
nail_polish_bottle,967
nyaru_(nyaru_4126),966
natsume_kyousuke,966
striped_neckerchief,966
cosmos_(flower),966
miyase_mahiro,966
mimic_chest,966
non-circular_lens_flare,966
tieria_erde,966
suujiniku,966
time_stop,966
applin,966
sui-feng,966
lace_background,966
meer_campbell,966
hook_hand,965
sakawa_(kancolle),965
greek_mythology,965
usa37107692,965
shirokane_rinko,965
spread_navel,965
natalia_(idolmaster),965
the_elder_scrolls_v:_skyrim,965
fishbowl,965
yoneme_mei,965
nanami_(nunnun_0410),965
achilles_(fate),965
sound_horizon,965
yukataro,965
paralyzer,965
ayane_(doa),965
miquella_(elden_ring),965
ethereal_(zenless_zone_zero),964
kagemori_michiru,964
japan_self-defense_force,964
yume_2kki,964
kotegawa_yui,964
kamiina_botan,964
wakamezake,964
champagne_bottle,964
himesaka_noa,964
witches_of_africa,964
yakisoba,964
noctis_lucis_caelum,964
hiding_behind_another,963
buggy_the_clown,963
joker_(playing_card),963
slowpoke,963
mysterious_heroine_x_(fate),963
mignon,963
heart_lock_(kantai_collection),963
monety,963
sakata_nemuno,963
elena_(street_fighter),963
spade_tattoo,963
clinging,962
chai_(drawingchisanne),962
tanikaze_(kancolle),962
alternate_pectoral_size,962
asahina_aoi,962
azasuke,962
unhappy,961
mini_witch_hat,961
persona_4:_the_ultimate_in_mayonaka_arena,961
tekken_7,961
jeanne_d'arc_alter_(avenger)_(first_ascension)_(fate),961
shigino_sohuzi,961
padlocked_collar,961
shigure_(hot_spring)_(blue_archive),961
twintails_day,961
igote,961
options,961
m_k,960
lycanroc,960
pixiv_fantasia_5,960
crucifixion,960
mitsudomoe_(manga),960
cum_on_floor,960
seraph,959
gryebooks,959
daiichi_ruby_(umamusume),959
boppin,959
yoshizaki_mine,959
yaneko_uta,959
na-ga,959
music_video,959
agent_aika,959
at2.,959
megido72,959
blood_in_mouth,959
gundam_0083,959
puyo_(puyopuyo),959
jinshi_(kusuriya_no_hitorigoto),958
cad_(caddo),958
lain_paterson,958
ke-ta,958
ryusei_hashida,958
glasgow_smile,958
see-through_pantyhose,958
breast_zipper,957
black_cat_(marvel),957
cream_the_rabbit,957
lil-la_(yu-gi-oh!),957
quad_drills,957
mikko_(girls_und_panzer),957
white_tulip,957
aqua_coat,956
shiraishi_tsumugi,956
crutch,956
pill_hair_ornament,956
bull,956
plain_doll,956
menotama,956
thick_navel_hair,956
shimouki_izui,955
backless_shirt,955
print_bodysuit,955
seed,955
kou_mashiro,954
removing_eyewear,954
starfire,954
shinonome_nano,954
aikawa_ryou,954
udon,954
saru,954
licking_own_finger,954
aki99,954
studded_gloves,954
flight_suit,954
hedge,954
outstretched_legs,954
frilled_babydoll,953
kuradoberi_jam,953
tiefling,953
higuchi_kaede_(1st_costume),953
liquid_clothes,953
nekoya_(liu),953
jester_costume,953
anjou_naruko,953
adoptable,953
expression_chart,953
froslass,953
soukou_akki_muramasa,952
yumi_(bow),952
x_arms,952
deep_wound,952
angra_mainyu_(fate),952
tall_hair,952
taut_bodysuit,952
kishida_shiki,952
judgement_(helltaker),952
crash_fever,952
st._theresa's_girls_academy_school_uniform,952
sakino_shingetsu,952
bag_over_head,951
mitsumi_misato,951
scarlet_(nikke),951
star_ocean:_anamnesis,951
rubik's_cube,951
eonsang,951
voms,951
unworn_necklace,951
bisexual_male,951
senbei,951
juusan_kihei_bouei_ken,951
beatrix_(granblue_fantasy),950
oroborus,950
tsukumo_kazuita,950
ciel_(mega_man),950
cinnamiku,950
adjusting_another's_clothes,950
gaou_(umaiyo_puyoman),950
stone_walkway,950
bishamonten's_spear,949
unicorn_horn,949
anti-aircraft_gun,949
shaped_pubic_hair,949
pointing_down,949
yagami_taichi,949
keith_goodman,949
apollo_justice,949
character_mask,949
archon_mark,949
86_-eightysix-,949
homura_(senran_kagura),949
toaru_kagaku_no_railgun_t,948
ibuki_(street_fighter),948
multicolored_armor,948
kara_(color),948
hugging_own_tail,948
bad_weibo_id,948
li_yuting_(male),948
sharing_food,948
looking_at_self,948
todo_yurika,948
akagi:_yami_ni_oritatta_tensai,948
shin_(new),948
print_innertube,947
blocking,947
panties_around_one_ankle,947
razor_blade_hair_ornament,947
hibiki_(zerocodo),947
whale_hair_ornament,946
hands_on_another's_neck,946
marugoshi_(54burger),946
person_on_head,946
navi,946
hibiki_ryouga,946
vomiting,946
shirabe_ako,946
ateoyh,946
gavis_bettel,946
mejiro_ryan_(umamusume),946
60+fps,946
puru_two,946
hamao,946
kaiba_seto,946
jiaozi,946
ichigaya_arisa,946
ankha_(animal_crossing),946
hotarumaru,946
omone_hokoma_agm,946
arrow_in_body,946
extra_legs,945
dracu-riot!,945
condom_left_inside,945
dragon_ball_(object),945
spurs,945
email_address,945
sakuragi_hanamichi,945
kyuudou,945
k.s.miracle_(umamusume),945
morrigan_aensland_(cosplay),945
wooden_box,945
fio_germi,945
shindou_takuto,945
bandaid_on_shoulder,944
okita_sougo,944
genyaky,944
sextuplets,944
priest_(dq3),944
siu_(siu0207),944
i.u.y,944
toaru_kagaku_no_mental_out,943
neck_warmer,943
enraku_tsubakura,943
typhlosion,943
kusanagi_tonbo,943
shiratama_(shiratamaco),943
chado,943
jack_frost_(megami_tensei),942
stocks,942
intertwined_tails,942
male_endministrator_(arknights),942
st._chronica_academy_school_uniform,942
saunders_school_uniform,942
brown_bear_(kemono_friends),942
bikini_in_mouth,942
jessica_albert,942
aegis_sword_(xenoblade),941
aqua_horns,941
komaku_juushoku,941
reverse_ryona,940
studying,940
sengoku_musou,940
kido_tsubomi,940
pendant_watch,940
aquarion_evol,940
naegi_komaru,939
high-low_skirt,939
glass_slipper,939
laboratory,939
dullahan,939
fly,939
front-tie_bra,939
nassukun,939
sooon,939
momosuzu_nene_(1st_costume),939
bamboo_shoot,939
divine_gate,939
kousaka_umi,939
ankle_garter,938
crosshair,938
fighting_game,938
apple_slice,938
ayatsuji_tsukasa,938
porforever,938
haruno_haruka,938
frilled_vest,938
catching,938
stacking,937
pataneet,937
dyed_ahoge,937
plague_doctor_mask,937
military_operator,937
grey_male_underwear,937
ene_(kagerou_project),937
mismatched_horns,937
cocktail_shaker,937
kiyama_satoshi,937
whimsicott,936
chisel,936
hindenburg_(azur_lane),936
ashley_(warioware),936
kagura_suzu,936
ho-oh,936
lifebuoy_ornament,936
nitocris_(swimsuit_assassin)_(fate),936
chaesu,936
sprout,936
kasumigaoka_utaha,936
grape_hair_ornament,936
mtu_(orewamuzituda),936
harukaze_(kancolle),935
genshiken,935
yagisaka_seto,935
sparse_arm_hair,935
temari_ball,935
too_literal,934
ornate_clothes,934
spiked_helmet,934
holding_bird,934
alena_(dq4),934
belt_bag,934
purple_wrist_cuffs,934
iron_saga,934
piano_print,934
a-chan_(hololive),934
iwatani_naofumi,933
miuku_(marine_sapphire),933
quagsire,933
amane_suzuha,933
arm_sling,932
hua_cheng,932
asriel_dreemurr,932
penis_focus,932
arezu_(pokemon),932
mole_on_chest,932
yun_jin_(genshin_impact),932
burnt,932
neta,932
neki_(wakiko),932
orihara_izaya,932
gambeson,931
padded_coat,931
workout_clothes,931
hat_pin,931
kaze_no_tani_no_nausicaa,931
hangar,931
fubuki_(swimsuit)_(blue_archive),931
tsukimiya_ayu,931
panties_over_pantyhose,931
tofu,931
komatsu_eiji,931
quilted_jacket,931
dark_sakura,931
moth_antennae,930
super_mario_bros._1,930
spray_paint,930
honekoneko_(psg),930
yuri_sakazaki,930
eye_black,930
kuramochi_meruto,930
lappland_(refined_horrormare)_(arknights),930
sirius_(azure_horizons)_(azur_lane),930
torisan,930
nefertari_vivi,929
soy_sauce,929
dirigible,929
lillian_girls'_academy_school_uniform,929
nibutani_shinka,929
nenohi_(kancolle),929
jeanne_d'arc_(swimsuit_archer)_(first_ascension)_(fate),929
barry_(pokemon),929
ibuki_notsu,929
musaigen_no_phantom_world,929
fever,929
zootopia,928
kuzuryuu_kennosuke,928
key_ring,928
coffee_table,928
carried_breast_rest,928
hiyou_(kancolle),928
komeshiro_kasu,928
qingxin_flower,928
mutsuki_(dress)_(blue_archive),928
naked_skirt,927
idol_time_pripara,927
blood_on_body,927
check_clothing,927
slide,927
glowing_markings,927
bishoujo_senshi_sailor_moon_supers,927
unworn_slippers,927
yuki00yo,927
buneary,927
gyarados,927
gakky,926
zenno_rob_roy_(umamusume),926
pitchfork,926
orange_goggles,926
wonder_acute_(umamusume),926
shaymin_(land),926
starmie,926
animal_ear_helmet,926
red_hood_(dc),926
konbu_wakame,926
nagatekkou,926
captain_america_(series),925
wind_breaker_(nii_satoru),925
on_food,925
queen,925
herada_mitsuru,925
prussia_(hetalia),925
red_tulip,925
multicolored_pants,925
fur_wrist_cuffs,925
blood_spray,925
supergirl,925
laura_la_mer,925
urin,925
otohime_(youngest_princess),925
front-print_panties,924
science_babies,924
velvet_crowe,924
sleigh,924
melowh,924
snow_on_head,924
momio,924
tentacle_tail,924
rakuen_tsuihou,924
bell_pepper,924
cross_facial_mark,923
gryffindor,923
yandere_trance,923
arare_(kancolle),923
terry_bogard,923
unusual_insertion,923
vert_(neptunia),923
two-tone_nails,923
cum_in_cup,922
call_of_cthulhu,922
tennis,922
bartz_klauser,922
object_request,922
advarcher,922
ryuusei_(mark_ii),922
pozyomka_(arknights),922
doorknob,922
hatsumode,921
leone_abbacchio,921
lize_helesta_(1st_costume),921
ophelia_(fire_emblem),921
pako_(pakosun),921
okada_izou_(fate),921
twilight_sparkle,921
hiten_(hitenkei),921
nelson_(kancolle),920
sakihata_rimi,920
shirayuki_hina,920
hanae_(blue_archive),920
limiter_(tsukumo_sana),920
kapatarou,920
hair_through_hood,920
oversized_forearms,920
cure_sunny,920
toph_beifong,920
iron_man,919
persimmon,919
pocari_sweat,919
flower_on_chest,919
cleanup_fellatio,919
fallenshadow,919
taokaka,919
komainu_boy,919
alastor_(shakugan_no_shana),919
alchemist_(ragnarok_online),919
tower_of_fantasy,919
youkan,919
akina_tsukako,919
holding_butterfly_net,918
ace_combat,918
tone_kai_ni_(kancolle),918
hitsukuya,918
surio,918
astolfo_(saber)_(fate),918
aqua_scrunchie,918
mamaloni,918
kevin_kaslana,918
irys_(irys_2.0)_(hololive),917
amane_misa,917
otter_tail,917
zuikaku_(azur_lane),917
slug,917
cuboon,917
staryu,917
rakugaki-biyori,917
dennou_coil,917
black_butterfly,916
kousei_(public_planet),916
barret_wallace,916
scolipede,916
dolls_in_pseudo_paradise,916
naoe_riki,916
captain_nemo_(fate),916
mizuhara_chizuru,916
solo_leveling,916
zucchini,916
hitotsuki_nebura,915
single_sode,915
purple_feathers,915
sayama_saho,915
melon22,915
kingdom_hearts_birth_by_sleep,914
black_liquid,914
pomegranate,914
skitty,914
scp_foundation,914
shiromuku,914
hanzou,914
shikanoko_nokonoko_koshitantan,914
waccha_primagi!,914
howl_no_ugoku_shiro,914
hand_on_weapon,913
whale_girl,913
mahou_shoujo_madoka_magica_magia_exedra,913
echidna_(re:zero),913
toad_(mario),913
flat_chastity_cage,913
saint_quartz_(fate),913
fighter_(granblue_fantasy),913
rosario+vampire,913
sano_toshihide,913
nagare,913
grey_pupils,913
ara_haan,912
elizabeth_bathory_(brave)_(fate),912
bazett_fraga_mcremitz,912
denpa_onna_to_seishun_otoko,911
uchiha_itachi,911
drum_magazine,911
herensuge_girls_academy_school_uniform,911
audible_internal_cumshot,911
tales_of_phantasia,910
xenon_(for_achieve),910
shibacha,910
koyama_yuzu,910
sakura_chiyo,910
blowhole,910
mii_(nintendo),910
shark_print,910
cum_on_chest,909
stile_uniform,909
yorita_yoshino,909
northern_italy_(hetalia),909
phosphophyllite_(ll),909
natural_wedgie,909
glowing_mouth,909
exposed_bone,909
bandaid_on_finger,909
friday_night_funkin',909
german_flag_bikini,908
octopath_traveler_i,908
kuririn,908
yuusha_series,908
lipstick_mark_on_testicles,908
milla_maxwell,908
mattari_yufi,908
iris_(flower),908
takayaki,908
human_chair,908
fushigiboshi_no_futago_hime,907
yukadon,907
carmilla_(fate),907
suikawari,907
kagematsuri,907
furukawa_(yomawari),907
noble_witches,907
mamuru,907
sora_(arknights),907
4chan,906
originium_arts_(arknights),906
pekeko_(pepekekeko),906
shigure_ui_(young)_(vtuber),906
green_pubic_hair,906
ushiromiya_jessica,906
dislyte,906
gradient_ribbon,906
cool-kyou_shinja,906
swallowing,905
hip_tattoo,905
censored_by_text,905
gold_boots,905
symbiote,905
justice_gakuen,905
jtveemo,905
zuikaku_kai_ni_(kancolle),905
yellow_jumpsuit,905
holding_juice_box,905
vsk-94_(girls'_frontline),904
powerpuff_girls_z,904
anegasaki_nene,904
ejaculation_under_clothes,904
gravity_daze,904
takeuchi_takashi_(style),904
oomori_yuuko,904
yoako,904
loki_(marvel),904
minato_hitori,904
eggshell,904
stomach_growling,903
baseball_helmet,903
xu_fu_(fate),903
paperclip,903
huohuo_(honkai:_star_rail),903
digimon_tamers,903
gorilla,903
holding_pumpkin,903
ashiyama_yoshinori,903
lielos,903
yagen_toushirou,903
waffle,903
lifted_by_tail,903
friedrich_der_grosse_(azur_lane),902
lace_border,902
orange-framed_eyewear,902
scheherazade_(fate),902
lace-trimmed_headwear,902
chiton,902
kyogre,902
hotate-chan,902
katayama_kei,902
oxygen_mask,902
pink_serafuku,902
black_tunic,901
instagram,901
signpost,901
middle_w,901
renne_(eiyuu_densetsu),901
plant_focus,901
vodka,901
seiren_(precure),901
coffee-kizoku,901
bird_hat_ornament,901
fanning_face,901
butterfly_hat_ornament,901
pononozo,901
shouhou-san_daisuki_teitoku,900
hajimari_no_kiseki,900
titans_(gundam),900
wooden_horse,900
kanabun,900
yuzuhara_konomi,900
windsock,900
yone_kinji,900
incineroar,900
ganbare_douki-chan,900
ascot_between_breasts,900
ulrich_von_hutten_(azur_lane),900
cross_of_prontera,900
kyouda_suzuka,900
grey_overalls,899
greek_cross,899
multicolored_buttons,899
casino_(casinoep),899
exlic,899
jin_kisaragi,899
angela_balzac,899
akagi_shigeru,899
deaver,898
multilingual_commentary,898
flat_chest_grab,898
wii_fit,898
beehive_hairdo,898
foodgasm,898
cecilia_alcott,898
hero_(dq11),898
partially_open_shirt,898
isobe_noriko,898
dog_hair_ornament,898
silver_hairband,898
pdf_available,897
golden_arms,897
neck_garter,897
frame_arms_girl,897
whoosaku,897
tokisaki_mio_(niliu_chahui),897
inteleon,897
meimaru_inuchiyo,897
gravel_(arknights),896
multicolored_pantyhose,896
severed_arm,896
murasame_(senren),896
facing_back,896
heart_wand,896
genderswap_(otm),896
usa-chan_(idolmaster),896
senkou_hanabi,896
pants_around_one_leg,896
suigetsu,896
sugimura_tomokazu,896
force_of_will,896
board_eraser,896
comiket_100,896
puppet_rings,896
blushyspicy,896
flagpole,896
yuzuki_choco_(1st_costume),895
irezumi,895
persona_dancing,895
keizoku_school_uniform,895
narrow_hips,895
grey_hakama,895
mickey_mouse,895
nippaku_zanmu,895
kyokugen_dasshutsu,895
tendril,895
team_magma,895
yume_shokunin,895
boushi-ya,895
admiral_graf_spee_(azur_lane),895
iori_junpei,894
crypto_(apex_legends),894
yellow_slingshot_swimsuit,894
born-to-die,894
aqua_(kingdom_hearts),894
noripro,894
miyako_(hidamari_sketch),894
halcon,894
sitting_on_animal,894
battlefield,893
apologizing,893
mahoro_(minase_mahoro),893
touhoku_itako,893
red_bonnet,893
yamabuki_inori,893
kaho_0102,893
sock_pull,893
kano_shuuya,893
tsukareta_san,893
double_\||/,893
fuantei,893
lei,893
rosa_(arknights),892
idolmaster_cinderella_girls_u149,892
precum_through_clothes,892
chocolate_banana,892
phone_booth,892
tetsu_(kimuchi),892
alternate_shiny_pokemon,892
parsley-f,892
shopping_basket,892
n.g.,892
ragatha_(the_amazing_digital_circus),892
mikazuki_akira!,892
kiana_kaslana_(herrscher_of_the_void),892
:s,892
collar_grab,891
haoni,891
yomi_(senran_kagura),891
flaming_eyes,891
kirisame_marisa_(pc-98),891
k_hiro,891
774_(nanashi),891
siren_(azur_lane),891
penguin_girl,890
x_navel,890
licking_another's_cheek,890
heart_eyepatch,890
sukoyaka_(100hituzi),890
player_character_(degrees_of_lewdity),890
horse_racing_track,890
harigane_shinshi,890
pleading_face_emoji,890
zankuro,890
neko_(minato_aqua),890
d-rex,890
type-moon,890
crotchless_pants,890
mashiro_(blue_archive),889
nikka_edvardine_katajainen,889
video_game_cover,889
unworn_bowtie,889
canopy_(aircraft),889
adjusting_footwear,889
nagao_kagetora_(fate),889
side-tie_swimsuit,889
implied_nudity,889
moose_(kemono_friends),889
ansatsu_kyoushitsu,889
low_horns,889
hoshi_ryoma,889
torinone,889
laurels,889
mr._plantegg_(omori),889
p90_(girls'_frontline),888
hwansang,888
scorpion_tail,888
dopey_(dopq),888
dizi,888
adjusting_buruma,888
cian_yo,888
yamu_(reverse_noise),888
yellow_overalls,888
spork,887
ankleband,887
delivery,887
naganohara_mio,887
secelia_dote,887
long_eyebrows,887
sobbing,887
cracked_mask,887
kafun,887
falken_(yutozin),887
renamon,887
grabbing_another's_hand,887
yu-gi-oh!_vrains,887
sasaki_saku_(1st_costume),887
training_corps_(emblem),887
utsumi_sakura,887
soejima_shigenori,887
partially_open_jacket,886
hirose_koichi,886
boxing_ring,886
mataro_(matarou),886
swing_set,886
hololive_summer_2023_swimsuit,886
katagiri_sanae,886
sam_(honkai:_star_rail),886
larry_(pokemon),886
cure_moonlight,886
okinami_(kancolle),886
tantrum,886
mon-musu_quest:_paradox,886
bravely_default_(series),886
the_tale_of_food,885
papyrus_(undertale),885
mochizuki_ryouji,885
calstone_light_o_(umamusume),885
checkered_haori,885
female_saniwa_(touken_ranbu),885
clarent_(fate),885
himejoshi,885
spasm,885
sakagami_tomoyo,885
bigkwl,885
i-13_(kancolle),885
cheese_trail,885
kurozawa_yui,885
laura_bodewig,885
phrygian_cap,884
master_(vocaloid),884
kawakami_rokkaku,884
lampshade,884
binah_(project_moon),884
rainbow_six_siege,883
floating_crown,883
popqn,883
kobuichi,883
sparse_navel_hair,883
holding_party_popper,883
mage_(ragnarok_online),882
ishigami_nozomi,882
crayon_shin-chan,882
sawamura_spencer_eriri,882
reinforce_zwei,882
queen's_blade_rebellion,882
lily_black,882
straw_hat_pirates,881
usb,881
chrollo_lucilfer,881
swan,881
iwashi_dorobou_-r-,881
jasmine_(pokemon),881
morisobo,881
holding_mahjong_tile,881
nanakusa_nazuna_(yofukashi_no_uta),881
kureiji_ollie_(1st_costume),881
li_yuting_(female),881
crinoline,881
holding_cloth,881
delphox,881
infinite_stratos_academy_school_uniform,881
painted_clothes,881
nobeta,880
banette,880
russian_flag,880
planetary_ring,880
lenalee_lee,880
joy_ride,880
tenryuu_kai_ni_(kancolle),880
amuro_tooru,880
holding_chess_piece,880
zandra,880
black_keys_(type-moon),880
vampire_(vocaloid),880
donkey_kong,879
female_commander_(girls'_frontline),879
print_ribbon,879
miyanaga_saki,879
kaname_madoka_(cosplay),879
higashikata_josuke_(jojolion),879
holding_rabbit,878
robaato,878
dolphin_hair_ornament,878
full_stomach,878
long_fingers,878
manboobs,878
torriet,878
holding_sponge,878
kuroboshi_kouhaku,878
tanghulu,878
heart_straw,878
lighting_cigarette,878
daikon,878
fox_mccloud,877
beelstarmon,877
winged_hair_ornament,877
kitashirakawa_chiyuri,877
measurements,877
madcore,877
single_sandal,877
nozo_(hitomiz),877
sitting_on_water,877
bison_cangshu,876
hair_focus,876
white_flag,876
historical_connection,876
hinata_hideki,876
noshiro_(azur_lane),876
shuri_(84k),876
feet_on_chair,876
accel_world,876
holding_chalk,876
rotomdocs,875
shibori_kasu,875
jigokuraku,875
oshiete!_galko-chan,875
itan_private_high_school_uniform,875
kamihama_university_affiliated_school_uniform,875
toyama_kasumi,875
shashaki,875
7th_dragon,875
michael_roa_valdamjong,875
bear_bag,875
shining_(arknights),875
jetto_komusou,875
propeller_hair_ornament,874
lowleg_shorts,874
tomori_nao,874
sheik,874
zima_(arknights),874
xp-tan,874
cd_case,874
forget-me-not_(flower),874
greenhouse,874
cutlass_(girls_und_panzer),874
komusou_(jinrikisha),874
scizor,874
holding_lead_pipe,873
astesia_(arknights),873
half_note,873
minun,873
finalcake,873
charlotte_(genshin_impact),873
hino_akane_(idolmaster),873
egg_yolk,873
ornate_armor,873
bubba_(watson_amelia),873
kazutake_hazano,873
jigoku_shoujo,873
donguri_suzume,873
unexpectedly_evil,872
face_punch,872
ibuki_douji_(fate),872
norman_maggot,872
player_character_(wow),872
kakania_(reverse:1999),872
cardigan_vest,871
plaid_shawl,871
deer_boy,871
long_arms,871
mikakunin_de_shinkoukei,871
kimoshi,871
shirayuki_chiyo,871
itsuki_shu,871
table_tennis_paddle,871
rina-chan_board,871
head_on_table,871
striped_belt,871
aqua_wings,871
usada_pekora_(casual),871
criss-cross_back-straps,870
hinata_shouyou,870
ett,870
mikumo_guynemer,870
lace_collar,870
nottytiffy,869
concentrating,869
lgbt_pride,869
diyusi_(cookie),869
xenosaga_episode_iii,869
plusle,869
chain_belt,869
dinosaur_costume,869
bubble_background,869
wario,869
knit_hat,869
franziska_von_karma,869
yaomai,869
makicha_(sasurainopink),869
sunhyun,869
cyberpunk_2077,869
yurie_mouth,869
asymmetrical_dress,868
rita_mordio,868
baba_konomi,868
smallfry_(splatoon),868
yoru_no_kurage_wa_oyogenai,868
inu_(aerodog),868
rosemi_lovelock,868
print_mug,867
glory_hole,867
toasting_(gesture),867
souryuu_asuka_langley_(cosplay),867
fantasy_earth_zero,867
akagashi_hagane,867
semiramis_(fate),867
neck_grab,867
moe_moe_kyun!,867
koito_yuu,866
nanashiro_gorou,866
cure_prism,866
shot_glass,866
strike_witches:_kurenai_no_majo-tachi,866
pink_helmet,866
colored_smoke,865
gold_jewelry,865
shell_earrings,865
marinette_dupain-cheng,865
zipper_skirt,865
imitating,865
hinamatsuri,865
yoshikawa_yuuko,865
tsab_ground_military_uniform,865
flonne,865
shorts_aside,864
goto_p,864
david_martinez,864
monocle_chain,864
tord_(eddsworld),864
greatm8,864
sailor_chibi_moon,864
watarui,864
red_light,864
jackal_boy,864
harime_nui,864
penis_on_head,863
bat_ornament,863
xiacheng_tatsuya,863
morishima_haruka,863
touhou_gensou_eclipse,863
silence_girl,863
bulge_to_ass,863
training,863
feather_dress,862
pony_(animal),862
welsh_corgi,862
ayase_seiko,862
jingai_modoki,862
keenh,862
maou_(maoyuu),862
boa_(brianoa),862
string_around_finger,862
a_hat_in_time,861
silent_hill_2,861
ike_eveland,861
camping,861
fukuda_haru,861
slay_the_spire,861
fur_capelet,861
tokitou_muichirou,860
red_jumpsuit,860
gate_-_jieitai_ka_no_chi_nite_kaku_tatakaeri,860
spoken_animal,860
hayakawa_tazuna,860
compact_(cosmetics),860
machamp,860
luvdisc,860
shimmer,860
fingering_from_behind,860
ano_natsu_de_matteru,860
paw_print_soles,860
cheek_rest,859
chibi_on_head,859
devil_summoner_(series),859
norasuko,859
mutual_orgasm,859
ishuzoku_reviewers,859
reverse_nursing_handjob,859
blue_poison_(shoal_beat)_(arknights),859
plus_sign,859
package,859
panda_boy,859
pointing_melee_weapon,859
konpaku_youki,858
dead_by_daylight,858
holding_hand_grip,858
sand_cat_(kemono_friends),858
dispatch,858
shinazugawa_sanemi,858
osiimi,858
hiyori_(swimsuit)_(blue_archive),858
spiked_mace,858
hoppip,858
despair,857
two-tone_pantyhose,857
gold_bracer,857
hinatsuru_ai,857
mole_on_crotch,857
shirasagi_chisato,857
persona_5:_the_phantom_x,857
open_jumpsuit,857
ewa_(seraphhuiyu),857
grape_hat_ornament,857
purple_petals,857
shinama,857
empty_picture_frame,856
hibari_(senran_kagura),856
blueberry_academy_school_uniform,856
arisaka,856
gundam_build_divers_re:rise,856
g41_(girls'_frontline),856
schneider_(reverse:1999),856
donburi_(donburikazoku),856
nakatani_iku,856
mouse_boy,855
orange_tabard,855
tomoe_rena,855
accidental_pervert,855
latex_boots,855
hand_on_blade,855
chloe_(princess_connect!),855
interview,855
you_(noanoamoemoe),855
patterned_legwear,855
scar_on_breast,855
yt_(wai-tei),855
tickle_torture,855
black_bandages,855
housewife,855
full_metal_panic!,855
undefined_fantastic_object,855
dome,855
followers_favorite_challenge,854
crumpled_paper,854
argyle_dress,854
hanging_legs,854
kirisame_marisa_(cosplay),854
gradient_sleeves,854
sak_(lemondisk),854
ipod_nano,854
stuffed_frog,854
ass_freckles,853
kininatteru_hito_ga_otoko_ja_nakatta,853
ars_almal,853
jade_(gemstone),853
saotome_shino_(shino_to_ren),853
scratching,853
long_hoodie,853
rebe11,853
kouno_hikaru,853
minamura_haruki,853
mpien,853
vita_(honkai_impact),853
asteroid,852
sucking_male_nipple,852
plaid_apron,852
black_mage_(final_fantasy),852
flower_(vocaloid4),852
flower-trimmed_dress,852
cat's_cradle,852
cymbals,852
shirayuki_ren,852
dreepy,852
fender_telecaster,852
mahito_(jujutsu_kaisen),852
creator_(ragnarok_online),852
yoga,852
multiple_anal,851
arihara_nanami,851
tokugawa_matsuri,851
electrocution,851
exposed_internal_machinery,851
golem,851
beni-enma,851
paper_background,851
uchi_emiri,851
nagara_(kancolle),851
vox_akuma,851
yamashichi_(mtseven),851
shoujo_kitou-chuu,851
intimidating,850
pitching,850
icicle,850
waraji,850
team_skull,850
rena_erindel,850
nicholas_d._wolfwood,850
inumuta_houka,850
tunnel,850
dermar,850
wall-eyed,849
lady_maria_of_the_astral_clocktower,849
mysterious_heroine_x_alter_(first_ascension)_(fate),849
baffu,849
poppy_(pokemon),849
nyanko_daisensou,849
walking_away,849
hunter_(ragnarok_online),849
natori_(kancolle),849
whistling,849
malina_(helltaker),849
poison_(final_fight),849
sideboob_cutout,849
lectern,849
polka_dot_hairband,849
tsukishima_hajime,849
unworn_hairband,849
freyja_wion,849
chinstrap_beard,848
kasukabe_tsumugi,848
senjou_no_valkyria_1,848
iei,848
grisaia_no_kajitsu,848
hm_(hmongt),848
cutting_own_hair,848
kasuga_maru_(kancolle),848
red_sun,848
chespin,848
over_the_mouth_gag,848
michishio_kai_ni_(kancolle),848
shimazu_yoshino,848
musical_note_earrings,848
coco_(tongari_boushi_no_atelier),847
female_orc,847
throat_bulge,847
holding_string,847
megao_3rd,847
marceline_abadeer,847
terraria,847
god_eater_burst,847
genseishinki_sacred_virth,847
brock_(pokemon),847
peter_parker,847
barcode_scanner,847
crumbles,847
on_crescent,847
deck_chair,847
agrias_oaks,847
koku,847
minegumo_(kancolle),847
irako_(kancolle),847
family_guy,846
see-through_bodysuit,846
dannex009,846
naomi_(girls_und_panzer),846
wrist_straps,846
gojou_wakana,846
print_eyepatch,846
mumei_(kabaneri),846
year_of_the_dog,846
petenshi_(dr._vermilion),846
kittysuit,846
gotyou,846
getabako,846
genre_connection,846
hand_on_another's_crotch,845
after_battle,845
moose_ears,845
baka_to_test_to_shoukanjuu,845
natsuki_teru,845
teana_lanster,845
nakoruru,845
ndgd,845
blood_on_mouth,845
massachusetts_(azur_lane),845
haman_karn,844
scolding,844
single_knee_boot,844
natsu_(band)_(blue_archive),844
shogi,844
azusa_(swimsuit)_(blue_archive),844
shimada_chiyo,844
year_of_the_pig,844
onsoku_inu,844
sophie_neuenmuller,843
mailbox_(incoming_mail),843
pixiv_fantasia_fallen_kings,843
aqua_sweater,843
handrail,843
machina_x_flayon,843
inu_x_boku_ss,843
saishosaisekojo,843
okazaki_tomoya,843
implied_paizuri,843
impossible_hair,843
purple_suit,843
milkshake,843
nanami_touko,842
comiket_101,842
deetamu,842
hanadera_nodoka,842
seihekiog,842
stamp_mark,842
azazel_(helltaker),842
koumajou_densetsu,842
crying_emoji,842
crater,842
hetza_(hellshock),842
bluefield,842
courtney_(pokemon),842
spiked_gauntlets,841
claire_redfield,841
lavender_(flower),841
minami_yume,841
pon_de_ring,841
yukimura_aoi,841
eureka_(eureka_seven),841
enema,841
nuzzle,841
choso_(jujutsu_kaisen),840
sinking,840
french_commentary,840
hemogurobin_a1c,840
public_vibrator,840
fate/unlimited_blade_works,840
coyote_(kemono_friends),840
makai_senki_disgaea_2,839
surintendante_chevalmarin,839
rabbit_ear_headphones,839
cowering,839
aztec,839
mordred_(swimsuit_rider)_(fate),839
anchor_earrings,839
march_7th_(hunt)_(honkai:_star_rail),839
op_na_yarou,839
toothpaste,839
rizu_(rizunm),839
fujimaru_ritsuka_(male)_(decisive_battle_chaldea_uniform),839
kiana_kaslana_(white_comet),839
zentreya_(dragon),838
dracule_mihawk,838
perseus_(azur_lane),838
tucked_money,838
water_yoyo,838
suyasuyabi,838
shikito_(yawa0w0),838
alpha_(yukai_na_nakamatachi),838
belldandy,838
tsurezure_children,838
kallen_kaslana,838
colored_pussy,838
y.ssanoha,838
vertical-striped_coat,838
hayashiya_zankurou,838
rolling,838
knee_guards,838
nijisanji_id,838
iahfy,837
cream_(nipakupa),837
vest_lift,837
kawakami_princess_(umamusume),837
shinguji_korekiyo,837
female_protagonist_(pokemon_go),837
dmm,837
kupa_(jesterwii),837
holding_maracas,837
fuya_(tempupupu),837
gaijin_4koma_(meme),837
jyt,837
silver_the_hedgehog,837
railgun,837
hoshimi_junna,837
against_window,836
exposed_muscle,836
calligraphy_brush_(medium),836
amiya_(medic)_(arknights),836
vedal987,836
cornrows,836
see-through_hair,836
noir_(nikke),836
sakurai_masahiro,836
2006,836
steam_locomotive,835
urotsuki,835
sophie_(tales),835
basketball_hoop,835
iori_rinko,835
ruukii_drift,835
ankle_wings,835
carnation,835
ouma_tokiichi,835
ragnarok_masters,835
enty_reward,835
skateboarding,835
watercolor_pencil_(medium),835
playing_flute,834
okita_j._souji_(fate),834
pa-15_(girls'_frontline),834
samson_(skullgirls),834
polka_dot_thighhighs,834
haoro,834
yae_sakura_(gyakushinn_miko),834
saury,834
green_sports_bra,834
tsuyuzaki_mahiru,834
miranofuudoria,834
chibi_miku,834
big_bad_wolf,834
uchuu_senkan_yamato_2199,834
oxfords,833
jian_(weapon),833
tanamachi_kaoru,833
oldsickkim,833
kimi_ga_shine,833
iyowa_girls,833
ichinose_kotomi,833
arrow_print,833
shaped_lollipop,833
akino_shuu,833
valkyrie_profile_(series),833
catfight,833
sheriff_badge,833
tsujino_akari,833
doremi_(doremi4704),833
protagonist_(metaphor:_refantazio),833
very_hairy,832
mae_(maesanpicture),832
frilled_sash,832
angelica_(project_moon),832
snapping_fingers,832
gilgamesh_(immoral_biker_jacket)_(fate),832
piano_bench,832
hirano_katsuyuki,832
riverbank,832
hoshino_(girls_und_panzer),832
energy_barrier,832
comic_sans,832
matoi_(pso2),832
wata_do_chinkuru,832
ryouka_(suzuya),832
funeral_dress,832
seneto,832
tuna,831
rowboat,831
wonder_woman_(series),831
poch4n,831
pien_cat_(needy_girl_overdose),831
kodomo_no_jikan,831
butterfree,830
wii_fit_trainer_(female),830
aqua_choker,830
squat_toilet,830
hijikata_toshizou_(fate),830
advanced_nurturing_high_school_uniform,830
glowing_halo,830
hayasaka_mirei,830
kite,830
standing_missionary,830
tsukumo_sana_(1st_costume),830
unowen,830
itou_yuuji,830
voyager_(reverse:1999),830
pull_cord,829
ruyi_jingu_bang,829
kirschtaria_wodime,829
ariane_yeong,829
gachiakuta,829
torn_kimono,829
carrot_print,829
becky_blackbell,829
nagato_kai_ni_(kancolle),829
hands_on_headphones,829
caffein,829
holding_magazine,829
ribbed_cardigan,829
nesoberi,829
wardrobe_error,829
suzuki_hana,828
uehara_himari,828
degenbrecher_(arknights),828
orange_outline,828
jizeru_(giselebon),828
umekichi,828
yamada_elf,828
jacket_over_shoulder,827
garland_(decoration),827
yuugure_pairo,827
can't_be_this_cute,827
russia,827
arcane_caitlyn,826
mythra_(massive_melee)_(xenoblade),826
finger_to_eye,826
nagomi_yui,826
kikuzuki_(kancolle),826
frustrated,826
fanbox_logo,826
small_nipples,826
mortal_kombat_(series),826
sutahiro_(donta),826
sniper_(ragnarok_online),826
violence,826
sparse_leg_hair,826
undone_neckerchief,826
mazda,826
digimon_story:_cyber_sleuth,826
amazuyu_tatsuki,826
razor,825
earphones_removed,825
snow_white_(nikke),825
sf-a2_miki,825
matsuda_(matsukichi),825
other_with_male,825
stiff_tail,825
joltik,825
houlen_yabusame,825
mash_kyrielight_(swimsuit_of_perpetual_summer),825
misono_karin,825
arceus,825
hand_on_own_foot,824
fold-over_gloves,824
see-through_bra,824
taker_pov,824
yuki_onna,824
minazuki_karen,824
harumina_mau,824
cure_heart,824
ucmm,824
ichiba_youichi,824
tailjob,824
marumikan,824
sunrise_(company),824
jellytits-7,824
ameno_(a_meno0),824
superflat,823
tote_bag,823
nowi_(fire_emblem),823
tsukuyo_(blue_archive),823
deidara_(naruto),823
bell_sleeves,823
no_symbol,823
germany,823
sirius_(scorching-hot_seirios)_(azur_lane),823
aoi_(annbi),823
jabara_tornado,823
...!,823
zooey_(granblue_fantasy),823
lilligant,823
porurin,823
sseopik,823
oonusa,823
dualshock,823
shamare_(arknights),822
tied_to_chair,822
borrowed_hairstyle,822
single_bang,822
ooarai_(emblem),822
paradox_live,822
mario_&_luigi_rpg,822
purple_pikmin,822
senko_(sewayaki_kitsune_no_senko-san),822
koraidon,822
lm_(legoman),822
microsoft_paint_(software),822
yumizuka_satsuki,822
konpeto,822
sora_ginko,821
on_pillow,821
aogisa,821
temari_(naruto),821
holding_tongs,821
south_dakota_(kancolle),821
amagi_(amagi626),821
stinger,821
penis_over_one_eye,820
enma_ai,820
valkyrie_(fate),820
lokulo_no_mawashimono,820
super_saiyan_2,820
confrontation,820
son_goten,820
cracking_knuckles,820
azki_(4th_costume)_(hololive),819
hijikata_toushirou,819
isagi_yoichi,819
whale_hat,819
belt_skirt,819
torn_bikini,819
singlet,819
mx2j,819
nikaidou_saki,819
kamina_shades,819
t2r,819
ikea_shark,819
assassin_(ragnarok_online),819
darkrai,819
kemono_friends_2,818
orchid,818
panties_over_garter_belt,818
rei_(rei's_room),818
onigirya_(nekomata_okayu),818
o-ring_panties,818
berusuke_(beru_no_su),818
ice_skating,818
han_sooyoung,818
glass_writing,818
cattail,817
25-ji_miku,817
connected_beard,817
puzzle,817
wide_face,817
backless_panties,817
energy_weapon,817
scar_across_eyebrow,817
lace_pantyhose,817
nico_nico_nii,817
koinobori,817
amasora_taichi,817
himekawa_yuki,817
xiujia_yihuizi,817
lisia_(pokemon),816
black_hanekawa,816
anna_(fire_emblem),816
tama_(tamatamo),816
torn_sweater,816
yamashiro_takane,816
claw_foot_bathtub,816
ransusan,816
makuran,816
tsukumihara_academy_uniform_(fate/extra_ccc),816
kurou_(quadruple_zero),816
tsuji_santa,816
satellite_dish,815
ferret_girl,815
kingdom_hearts_i,815
bishie_sparkle,815
sorakado_ao,815
ninai,815
ng1sh8,815
checkered_legwear,815
meloetta,815
gentsuki,815
zoroark,815
queen_(playing_card),815
songover,815
high_school_dxd_born,815
barbariank,815
chita_(ketchup),815
dragon_quest_vii,814
misdreavus,814
silvervale,814
aqua_lips,814
shirakami_fubuki_(loungewear),814
aether_foundation_employee,814
robo_mikan,814
meka_(overwatch),814
froakie,814
hiro_(hirohiro31),814
flower_bed,814
shinx,813
cygames,813
twig,813
gehenna_academy_logo,813
braid_over_shoulder,813
hyrule_warriors,813
soba,813
mint,813
baby_carry,813
snapchat,813
chimchar,813
super_mushroom,813
stuffed_eggplant,813
ribbon-trimmed_socks,812
natsuumi_manatsu,812
glove_in_mouth,812
mdr_(girls'_frontline),812
martina_(dq11),812
spiked_ball_and_chain,812
traffic_baton,812
rubbing,812
the_witcher_3,812
mamemaki,812
adjusting_leotard,811
welt_yang,811
print_boots,811
mata_(matasoup),811
bad_fanbox_id,811
stuffing,811
colored_eyepatch,811
marina_(fear_&_hunger),811
car_seat,811
kokoro_(hakui_koyori),811
momiji_mao,811
tottotonero,811
bandana_waddle_dee,811
mint_chocolate,811
gear_fifth,811
animal_skeleton,811
felutiahime,811
aqua_boots,810
sanzen'in_nagi,810
shaved_head,810
time_bokan_(series),810
erwin_smith,810
lavinia_whateley_(fate),810
morenatsu,810
hand_hair,810
black_romper,810
kawata_hisashi,810
abe_kanari,810
mahou_shoujo_lyrical_nanoha_the_movie_1st,810
arnest,810
fluttershy,810
alcremie_(strawberry_sweet),810
mazjojo,810
pochincoff,810
ferret_ears,809
pink_robe,809
fire_emblem:_new_mystery_of_the_emblem,809
kidnapping,809
amphibia,809
agnes_claudel,809
9rimson,809
all_might,809
bakery,809
xion_(kingdom_hearts),809
drain_(object),809
haruna_(track)_(blue_archive),809
ricegnat,809
onitsuka_natsumi,809
colored_condom,809
in_orbit,809
medusa_(lancer)_(fate),809
sen_(astronomy),809
shark_boy,808
quetzalcoatl_(fate),808
feraligatr,808
guitar_strap,808
lemon_hair_ornament,808
chipmunk_ears,808
ichigo_hitofuri,808
orange_cardigan,808
stuffed_unicorn,808
vinesauce,807
yellow_bird,807
elly_(touhou),807
gradient_border,807
aoi_(blue_archive),807
cartoonized,807
platelet_(hataraku_saibou),807
nagishiro_mito,807
mochitsuki,807
yellow_collar,807
miclot,807
kiri_futoshi,807
stardew_valley,807
head_hug,807
chocola_(nekopara),807
ring_fit_adventure,807
grey_lips,806
ashigara_kai_ni_(kancolle),806
rooster,806
luo_xiaohei_(cat),806
ave_mujica_(bang_dream!),806
tavern,806
amazon_(taitaitaira),806
hashitsuki_nata,805
pink_eyeliner,805
utaha_(blue_archive),805
orange_eyeshadow,805
platinum_the_trinity,805
pilot_helmet,805
pansy,805
trying_on_clothes,805
mutsuki_(moonknives),805
salmon_run_(splatoon),805
kitten_(gravity_daze),805
tama_(tamago),805
regina_(precure),805
skadi_(waverider)_(arknights),805
hotel_room,805
sombra_(overwatch),804
black_heart_(neptunia),804
brown_tank_top,804
yellow_hood,804
gae_dearg_(fate),804
helena_(azur_lane),804
queen_elizabeth_(azur_lane),804
pompompurin,804
nori_(seaweed),804
socha,804
mosho,804
polka_dot_camisole,804
spiked_anklet,804
coral_(pokemon),803
disco_ball,803
reverse_netorare,803
durandal_(umamusume),803
nanoless,803
takakura_himari,803
gasai_yuno,803
himemiya_anthy,803
benikurage_(cookie),803
alp,803
super_mario_odyssey,803
morisawa_chiaki,803
spoken_emoji,803
renge_(blue_archive),802
midna_(true),802
infinote,802
mouri_ran,802
emet-selch,802
dildo_under_clothes,802
chipmunk_girl,802
namaniku_atk,802
cassette_player,802
kojima_saya,802
kroos_(arknights),802
elbow_sleeve,801
back_muscles,801
golden_snub-nosed_monkey_(kemono_friends),801
grizzly_mkv_(girls'_frontline),801
genji_(overwatch),801
shinomiya_runa,801
arm_pillow,801
hockey_mask,801
takimoto_hifumi,801
lemon89h,801
donquixote_rocinante,801
whitney_(pokemon),801
jude_mathis,801
toolbox,801
bertolt_hoover,800
idolmaster_live_for_you!,800
diesel-turbo,800
underground,800
brick_road,800
boombox,800
arched_window,800
alucard_(hellsing),800
jill_warrick,800
eiden_(nu_carnival),800
aqua_cape,800
kanaria,800
door_handle,800
sheffield_(azur_lane),800
honoka_(doa),800
m.m,800
martha_(swimsuit_ruler)_(fate),800
too_many_cats,799
decidueye,799
red_sarong,799
cream_puff,799
chobits,799
satanichia_kurumizawa_mcdowell,799
hyde_(tabakko),799
kayoko_(new_year)_(blue_archive),799
aikatsu_friends!,799
hacka_doll_3,799
sakamoto_days,799
hirasaka_makoto,799
waifu2x,799
navel_focus,799
asamiya_athena,798
pepsi,798
moe_(swimsuit)_(blue_archive),798
tailmon,798
saigusa_haruka,798
hoshi_no_tsue,798
figure_skating,798
smelling_flower,798
horrified,798
pickelhaube,798
breast_pillow,797
finger_claws,797
arahashi_tabi,797
suo_sango,797
ribbon_between_breasts,797
bed_invitation,797
mons_pubis,797
gundam_0080,797
super_highleg,797
gawako,797
multicolored_stripes,797
fujinami_(kancolle),797
sugimori_ken_(style),797
sengoku_bushouki_muramasa,797
twitter_sample,797
bc_freedom_school_uniform,796
shinkai_shoujo_(vocaloid),796
naked_capelet,796
migolu,796
wooden_spoon,796
ozora_akari,796
sumeragi_kohaku,796
yuel_(granblue_fantasy),796
setsuna_f._seiei,796
xander_(fire_emblem),796
alice_(genshin_impact),796
denim_overalls,796
weight,795
birthday_sash,795
multiple_monitors,795
vanilla_(nekopara),795
erwin_(girls_und_panzer),795
bald_eagle,795
bc_freedom_(emblem),795
tenshin_amaguri_(inobeeto),795
noah_(tettsui-sole),795
submarine,795
floating_head,794
weasel,794
turning_around,794
rioshi,794
side-tie_skirt,794
yu-ta,794
kira_yamato,794
mass_effect_(series),794
hightguy,794
dj,794
sableye,794
seramikku,794
tamamo_cat_(first_ascension)_(fate),794
cheshire_cat_(alice_in_wonderland),794
shimabara_elena,793
gundam_g_no_reconguista,793
pleated_shirt,793
shiratori_aira_(dandadan),793
okpriko,793
log_horizon,793
long-tailed_tit,793
ao-chan_(ninomae_ina'nis),793
mukakin,793
sakimori_(hououbds),793
onitsuka_tomari,793
sakimori_dan,793
nogi_takayoshi,793
gerbera,792
saturn_(planet),792
megu_(blue_archive),792
see-through_dress_layer,792
wool,792
negev_(girls'_frontline),792
jinbe_(one_piece),792
weapon_in_garters,792
gengetsu_(touhou),792
ace_attorney_investigations,792
august_von_parseval_(azur_lane),792
holding_drawing,792
bellibolt,792
shiranui_flare_(1st_costume),792
qiandaiyiyu,791
diamond_mouth,791
koito_otonoshin,791
hanafuda,791
poronegi,791
muuran,791
chen_(cat),791
tumblr_sample,791
makaino_ririmu_(4th_costume),791
miwa_shirow,791
leg_focus,791
clam,790
riz,790
rainbow_bikini,790
cassette_tape,790
hooters,790
utsugi_yuuki,790
meteor,790
coughing,790
luxray,790
print_hairband,790
fujino_shizuru,790
spiked_gloves,790
alolan_raichu,789
bache_(azur_lane),789
hylian_shield,789
sukoya_kana_(1st_costume),789
incense,789
tidus,789
face_shield,789
themaestronoob,789
koutaro,789
kuzuryu_fuyuhiko,789
yuunagi_tsubasa,789
mousepad_(object),789
slytherin,789
nishikujic,789
female_doctor_(arknights),789
on_toilet,789
surtr_(colorful_wonderland)_(arknights),789
cross_ornament,789
hoshirube_sho,788
shindan_maker,788
sail,788
bedivere_(fate),788
echj,788
hot_air_balloon,788
glove_pull,788
seragaki_aoba,787
traffic,787
ki-sikil_(yu-gi-oh!),787
baseball_stadium,787
neferpitou,787
otonose_kanade_(1st_costume),787
double_chin,787
smol_ame,787
kasuga_yukihito,787
seiru_(prairie),787
moegi_high_school_uniform,787
lazyartlazy12,787
female_assassin_(fate/zero),787
cure_rhythm,787
heixiu,787
kurokoshou_(emuburemu123),787
stirring,787
white_horse,787
kiriko_(overwatch),786
noi_(dorohedoro),786
yen_sign,786
capitano_(genshin_impact),786
hane_(hanetsuki),786
boyshort_panties,786
red_bull,786
aono_miki,786
tsukiyo_(skymint),786
dsr-50_(girls'_frontline),786
bacius,786
ink_wash_painting,785
sunken_cheeks,785
begging,785
chacharan,785
ao_banana,785
heart-shaped_bag,785
james_moriarty_(archer)_(fate),785
orphen_(pink_seito),785
saxophone,785
karory,785
wet_floor,785
takanashi_kei_(hitsujikan),784
mushroom_on_head,784
flesh,784
kotoyama,784
lancelot_(fate/grand_order),784
kiku_hitomoji,784
shiki_natsume,783
sweater_guard,783
kanzuki_karin,783
henyaan_(oreizm),783
yakob_labo,783
honzuki_no_gekokujou,783
mami_mogu_mogu,783
headphones_removed,783
lobster,783
minimap,783
alice_cartelet,783
koiwai_yotsuba,783
vladilena_millize,783
takei_hisa,783
side-tie_dress,782
takahashi_kurage,782
extra_penises,782
festa11307070,782
jeanne_d'arc_(swimsuit_archer)_(second_ascension)_(fate),782
soda_(nikke),782
nannacy7,782
pov_legs,782
see-through_babydoll,782
yonu_(yonurime),782
me-tan,782
shulk_(xenoblade),782
neneko_mashiro,782
kagura_hikari,782
brushing_own_hair,781
otonashi_yuzuru,781
pointing_to_the_side,781
impossible_sweater,781
daizu_(melon-lemon),781
hashibira_inosuke,781
penetration_gesture,781
diagram,781
shokudaikiri_mitsutada,781
elfenlied22,781
kson,780
digital_thermometer,780
pinup_(style),780
san_(mononoke_hime),780
vomit,780
nigirizushi,780
electro_symbol_(genshin_impact),780
squid_game,780
fumitan_(humitan),780
medarot,780
rainbow_dash,780
kimmy77,780
kasugano_sora,780
ramudia_(lamyun),780
palworld,780
school_days,780
ruffle_compatible,780
white_car,780
mizuki_yukikaze,779
s.e.e.s,779
yellow_lips,779
ogerpon_(teal_mask),779
long_mustache,779
macross_7,779
seto_kousuke,779
musouzuki,779
wakura_(gcdan),779
pastry_box,779
holding_bone,779
naked_robe,778
floating_curtains,778
lemon_print,778
coffee_maker,778
mina_cream,778
lilith_(machikado_mazoku),778
open_pajamas,778
inazuma_eleven_go_galaxy,778
hoshina_hikaru,778
derauea,778
shirotsumekusa,778
lisbeth_(sao),778
tasaka_shinnosuke,778
grease_(mechanical),778
huhi_(huhi_1211),778
juukyuu,778
conical_hat,777
at_gunpoint,777
game_boy_(original),777
fur-trimmed_robe,777
ideolo,777
9a-91_(girls'_frontline),777
snowboard,777
rape_face,777
kobayashi_chisato,777
ri-class_heavy_cruiser,777
tori_(minamopa),777
nekko_(momosuzu_nene),777
kumadano,777
dead_animal,776
striped_tank_top,776
cargo_shorts,776
hoshikawa_sara_(1st_costume),776
elma_(maidragon),776
collar_jewel,776
angel_wing_uniform,776
miyuki_kazuya,776
paint_tube,776
nanashi_mumei_(casual),776
cowl,776
amazon_(company),776
morinaka_kazaki,776
two-tone_capelet,775
fur-trimmed_shoes,775
red_tunic,775
target,775
soldier:_76_(overwatch),775
love_hotel,775
milking_handjob,775
fuwa_minato,775
asymmetrical_armor,775
incoming_drink,775
a_(phrase),774
starfighter,774
nerv_logo,774
candace_(genshin_impact),774
purple_tunic,774
sailor_uranus,774
ginkgo_tree,774
kuro_no_kiseki_ii,774
ukata,774
atelier_sophie,774
shinanoya_(satanicad),774
givuchoko,774
munmu-san,774
yuuki_yuuna,774
gokotai,774
miyasu_risa,774
hajika,774
reverse_(bluefencer),774
mahouka_koukou_no_rettousei,774
griffith_(berserk),774
computer_tower,773
listener_(inugami_korone),773
breast_awe,773
crescent_halo,773
cannibalism,773
strawberry_parfait,773
female_mage_(dungeon_and_fighter),773
mato_seihei_no_slave,773
rou-kyuu-bu!,773
crescent_rose,773
reinforce,773
harusame_(unmei_no_ikasumi),773
depth_charge,773
pinky_ring,772
strong_zero,772
red_xiii,772
purple_pajamas,772
heavy_machine_gun,772
yappen,772
millennium_puzzle,772
kanzaki_souma,772
aqua_belt,772
hairu,772
spraying,772
onija_tarou,772
zipper_leotard,772
hatano_kiyoshi,772
houndoom,771
sailboat,771
hamanami_(kancolle),771
duramente_(umamusume),771
sentret,771
so_moe_i'm_gonna_die!,771
hans_christian_andersen_(fate),771
indonesian_commentary,771
shish_kebab,771
yuuma_(skirthike),771
itoshiki_nozomu,771
medicine,771
maki_(camp)_(blue_archive),771
chao_(sonic),771
ass_hair,770
diabellstar_the_black_witch,770
bouncing_penis,770
grandia_i,770
kushima_kamome,770
holding_paper_airplane,770
bkub_(style),770
implied_pantyshot,770
kataginu,770
niconico,770
hitsugaya_toushirou,770
kitahara_tomoe_(kitahara_koubou),770
hand_on_own_wrist,770
smoker_(one_piece),770
onyhakase,770
metal_gear_solid_v:_the_phantom_pain,770
poster_parody,770
princess_bonnibel_bubblegum,769
unworn_crown,769
suneate,769
tashkent_(azur_lane),769
touwa_erio,769
mountain_of_faith,769
meowy_(chainsaw_man),768
diploma,768
aurahack,768
the_little_mermaid_(disney),768
ofuda_on_pussy,768
aiba_yumi,768
crownslayer_(arknights),768
duel_masters_play's,768
sneasel,768
konno_tohiro,768
bikini_around_one_leg,768
sousou_(sousouworks),768
cherino_(blue_archive),768
doma_umaru,767
reflective_surface,767
victory_rolls,767
gloves_over_sleeves,767
morgana_(cat)_(persona_5),767
skinny_dipping,767
koharu_rikka,767
numbers_(nanoha),767
yonedatomo_mizu,767
eretto,767
lonely,767
akino_ell,767
uni_(neptunia),767
heavenly_boat_maanna,767
v4x,767
renkin_san-kyuu_magical_pokaan,766
pine_(bombergirl),766
misumi_(niku-kyu),766
kunimi_tama,766
drawn_heart,766
murasaki_shion_(gothic_lolita),766
tako-san_wiener,766
gazing_eye,766
sion_eltnam_atlasia,766
pokemon_tail,766
saki_chisuzu,766
radishkek,766
penguin_tail,765
holding_gourd,765
nunchaku,765
spiked_penis,765
yellow_helmet,765
dragonair,765
minase_nayuki,765
markings,765
indomitable_(azur_lane),765
at_classics,765
fuukadia_(narcolepsy),765
minccino,765
gelatin,764
blurry_edges,764
airi_(band)_(blue_archive),764
full_mouth,764
legacy_of_lunatic_kingdom,764
trunks_(future)_(dragon_ball),764
hydro_symbol_(genshin_impact),764
veiny_face,764
faputa,764
kisaragi_kai_ni_(kancolle),764
sliding,764
bad_leg,764
akai_haato_(1st_costume),764
tennouboshi_uzume,764
mashuu_masaki,764
i-14_(kancolle),764
youtube_logo,764
foot_pussy,763
rakeemspoon,763
multicolored_shorts,763
holding_ring,763
kuo_shenlin,763
rukuriri_(girls_und_panzer),763
gotoh_hitori_(octopus),763
nanaroku_(fortress76),763
soon_(c-u-soon),763
pokobee,763
vyrn_(granblue_fantasy),763
seki_(red_shine),763
ekrea_jan,763
gogiga_gagagigo,763
sidoh_(dqb2),763
shimakaze_(azur_lane),762
tier_harribel,762
kidnapped,762
fur-trimmed_choker,762
sky_striker_ace_-_raye,762
pochi_(pochi-goya),762
rose_bush,762
green_butterfly,762
hot_chocolate,762
altina_orion,762
agumon,762
sister_claire_(1st_costume),762
arashio_kai_ni_(kancolle),762
kitakami_reika,762
bike_jersey,762
binsen,762
sena_ajisai,762
subscribestar_logo,762
elemental_(creature),761
veyle_(fire_emblem),761
canal,761
yuto_(dialique),761
red_dot_sight,761
water_slide,761
brown_hakama,761
kotoba_noriaki,761
cromachina,761
carbuncle_(puyopuyo),761
neon-tetora,761
taketora_suzume,761
iggy_(jojo),761
jack-o'-lantern_hair_ornament,760
googly_eyes,760
suicune,760
pincers,760
imminent_gangbang,760
katou_shinobu,760
re:creators,760
outer_glow,760
futaba_sana,760
kawai_ritsu_(rits_meg),760
kagurabachi,759
orange_lips,759
x-ray_vision,759
hanako_nana,759
tamamo_cat_(third_ascension)_(fate),759
piranha_plant,759
trolling,759
embroidered_bra,759
nyong_nyong,759
mokufuu,759
skull_belt,759
asuna_(sao-alo),758
front_zipper,758
chain_around_arm,758
kamukamu_(ars),758
tab_head,758
todo_aoi_(jujutsu_kaisen),758
greenteaneko,758
pixiv_fantasia_t,758
turkey_(food),758
resting,758
mogador_(azur_lane),758
string_of_light_bulbs,758
redi_(rasec_asdjh),758
satsuki_kai_ni_(kancolle),758
hat_kid,757
nero_(devil_may_cry),757
himemori_luna_(1st_costume),757
ayachi_nene,757
maria_robotnik,757
body_pillow,757
wild_arms_2,757
satou_shouji,757
whitesmith_(ragnarok_online),757
marx_(kirby),757
octane_(apex_legends),757
christmas_sweater,757
michairu,757
lu_guang,757
silver_armlet,757
hemokinesis,757
spamton_g._spamton,756
yukino_(blue_archive),756
venti_(archon)_(genshin_impact),756
cut-in,756
hoozuki_no_reitetsu,756
plaid_socks,756
gotoh_hitori_(tsuchinoko),756
ninomae_ina'nis_(casual),756
sleeping_bag,756
clumsy,756
bone_print,756
peeking_through_fingers,755
munchlax,755
koga_mitsuki,755
gauze_on_knee,755
yuri_kyanon,755
akehoshi_subaru,755
soukyuu_no_fafner,755
dr._eggman,755
flower_eyepatch,755
saren_(summer)_(princess_connect!),755
ancesra,755
kokaki_mumose,755
takana_shinno,755
metal_gear_rising:_revengeance,755
yukia_(firstaid0),755
adachi_to_shimamura,755
keroro,754
wrestling_mask,754
glowing_petals,754
cum_on_armpits,754
circe_(fate),754
allen_walker,754
loose_thighhigh,754
hijab,754
araga_kiwi,754
squigly_(skullgirls),754
crocodile,754
tailcoat_playboy_bunny,754
ofuda_on_nipples,753
v_legs,753
melody_(projektmelody),753
sports_sandals,753
radar,753
hood_(azur_lane),753
origins,753
pinky_swear,753
professor_(ragnarok_online),753
cutiefly,753
masami_chie,753
meguru_(cookie),753
garnish,753
bae_minah_(chaesu),753
kamikiririp,753
seele_vollerei_(herrscher_of_rebirth),752
panda_girl,752
tenga,752
see-through_pelvic_curtain,752
mizuumi_(bb),752
onigiri_print,752
scarf_bow,752
sommie_(fire_emblem),752
payphone,752
morikura_en,752
year_of_the_rooster,752
blue_arm_warmers,751
fish_hook,751
jeneral,751
core,751
oda_nobunaga_(maou_avenger)_(fate),751
bimbofication,751
chamaji,751
ozymandias_(fate),751
mushi024,751
michii_yuuki,751
grabbing_own_hair,751
mawaru_(mawaru),751
the_scum_villain's_self-saving_system,751
seeu,751
tsukumo_(soar99),751
bokura_wa_ima_no_naka_de,751
tsuba_(guard),751
nitamako_(sakamalh),750
kajimakoto,750
zangief,750
angel's_24_uniform_(blue_archive),750
neco_spirit,750
gazacy_(dai),750
nollety,750
fujoshi,750
takatsuki_ichi,750
tomoe_gozen_(swimsuit_saber)_(first_ascension)_(fate),750
band_shirt,750
udon_(shiratama),750
chastity_belt,750
matchstick,750
tyrannosaurus_rex,750
argyle_socks,750
elizabeth_(persona),749
white_sweater_vest,749
2k-tan,749
hands_on_own_knee,749
socks_over_pantyhose,749
ok_sign_over_eye,749
precum_string,749
kotobuki_(tiny_life),749
jailbird_(nerissa_ravencroft),749
resident_evil_2_(remake),749
23_(real_xxiii),749
luo_xiaohei_(human),749
yoi_naosuke,749
holding_kunai,749
moona_hoshinova_(1st_costume),748
pinecone,748
shimakaze-kun,748
ddolbang,748
seishou_elementary_school_uniform,748
shameimaru_aya_(newsboy),748
sakimiya_(inschool),748
rei_(cookie),748
gundam_age,748
thigh_straddling,748
omar_dogan,748
kafu_(cevio),747
emaciated,747
choshanland_plushy_(arknights),747
shiratama_(hockey),747
aqua-framed_eyewear,747
vampy,747
flail,747
techi_(techi35499),747
kekkai_sensen,747
morning_glory_print,747
nigou,747
haru_(konomi_150),747
nihilego,747
kirby_star_allies,747
smock,747
hasegawa_kobato,747
isara_mao,747
sports_festival,747
holding_rocket_launcher,746
kisetsu,746
glitter_dress,746
kobeya_uniform,746
video_call,746
abby_(wuthering_waves),746
master_of_eternity,746
pink_overalls,746
washbowl,746
woodonly,746
anachronism,746
kiryu_kazuma,746
longcat_(meme),746
imminent_bite,745
dou,745
caterpillar,745
peeling,745
choukai_kai_ni_(kancolle),745
rivalry,745
gradient_filter,745
emily_stewart,745
yashin_(yasinz),745
curled_ends,745
nakahira_guy,745
sports_utility_vehicle,744
flaming_skull,744
bokuto_koutarou,744
futari_wa_precure_max_heart,744
abukuma_kai_ni_(kancolle),744
pc-98_(style),744
virgin,744
mizuryu_kei,744
hard-translated_(non-english),744
handa_roco,744
fallout_4,744
shirokuma_a,744
osashin_(osada),744
kogitsunemaru,744
daffodil,744
plaid_coat,744
jewel_butt_plug,744
another_eden,743
takemi_tae,743
tales_of_symphonia_knight_of_ratatosk,743
akuma_no_riddle,743
baron_bunny_(genshin_impact),743
priestess_(goblin_slayer!),743
ant,743
kurosaki_chitose,743
classicaloid,743
kishinami_hakuno_(male),743
urushibara_luka,743
sesshoumaru,743
maki_(seventh_heaven_maxion),743
kashino_(hot_springs_relaxation)_(azur_lane),743
frieza,743
military_coat,743
ikayaki,743
bikini_tug,743
backrooms_(creepypasta),742
one_arm_handstand,742
yellow_blood,742
sakura_miko_(school_uniform),742
kunabishi,742
somebody_(leiking00),742
eva_beatrice,742
umamusume:_beginning_of_a_new_era,742
shiwasu_no_okina,742
living_hair,742
kozaki_yuusuke,741
transformed_ditto,741
gold_gloves,741
ryne_waters,741
atelier_resleriana,741
dazai_osamu_(bungou_stray_dogs),741
vilde_loh_hocen,741
byakugan,741
executor_(arknights),741
marcus_(reverse:1999),741
pamiat_merkuria_(azur_lane),741
toraishi_666,741
heart_on_cheek,741
yuitsuka_inori,741
mikan_(chipstar182),741
ranger_(ragnarok_online),741
rim_(kamitsubaki_studio),741
weight_gain,741
turntable,740
evil_eyes,740
holding_cooking_pot,740
side-tie_shirt,740
tanaka_ryou,740
galko,740
nagami_yuu,740
stapler,740
purple_sandals,740
traffic_mirror,740
asbel_lhant,740
amazon_(dragon's_crown),740
aile_(crossroads),740
angelfish,740
torso_flash,739
pudgeruffian,739
krita_(medium),739
taiko_drum,739
kyoukai_no_kanata,739
mei_(maysroom),739
kuroo_tetsurou,739
montemasa,739
bottle_miku,739
shiba_tomoshibi,739
rinotuna,739
nahaki,739
double-sided_axe,738
imperial_japanese_navy,738
boota_(ttgl),738
kung_fu,738
risotto_nero,738
short_yukata,738
petrification,738
sun_wukong,738
subway,738
bay_(nikke),738
star_trail,738
yatogami_tohka,737
looking_at_screen,737
escalator,737
knitting,737
caitlin_(pokemon),737
roller_coaster,737
dvd_logo,737
epilepsy_warning,737
wolf_paws,737
nullma,737
food_between_breasts,737
nunnally_vi_britannia,737
cure_sword,737
momose_rio,737
the_loud_house,737
rin_yuu,737
ponzu_rui,737
chrysanthemum_print,737
u.n._spacy,737
viviana_(arknights),736
thor_(marvel),736
pastel_(medium),736
noriuma,736
vehicle_request,736
vinegar_doppio,736
mp40_(girls'_frontline),736
zekkyon,736
miyao_miya,736
koban_(gold),736
seijun,736
aikawa_megumi,736
neon_(nikke),736
snom,736
ameyama_denshin,736
store_clerk,735
superman_logo,735
cellien_(kemono_friends),735
diamond_(houseki_no_kuni),735
eufoniuz,735
shaft_look,735
tales_of_xillia_2,735
sakaki_imasato,735
hanged,735
bokukawauso,735
pill_bottle,735
stopwatch_around_neck,735
sig_556,735
horns_pose,734
cherry_tree,734
see-through_skirt_layer,734
narciso_anasui,734
virtual_reality,734
standing_cunnilingus,734
inami_mahiru,734
cheria_barnes,734
plaid_capelet,734
bandai,734
mibu_natsuki,734
bandages_over_eyes,734
azul_ashengrotto,734
yuzu_(maid)_(blue_archive),734
rpg_(weapon),734
scissorhold,734
colette_brunel,733
overexposure,733
felicia_hardy,733
bilibili,733
camouflage_bikini,733
familiar_(madoka_magica),733
wooden_door,733
drawn_tail,733
nono_hana,733
death_(entity),733
barding,733
fukuyama_mai,733
hanekoto,733
funamusea_(artist),733
commander_(last_origin),733
goldmary_(fire_emblem),733
nora_higuma,733
yamabukiiro,733
stasis_tank,733
erubo,733
vertical-striped_bra,732
pyrrha_nikos,732
cherry_earrings,732
frilled_coat,732
bad_arm,732
aa-12_(girls'_frontline),732
hxd,732
redcomet,732
cure_dream,732
hand_to_blade,732
togruta,731
wss_(nicoseiga19993411),731
udagawa_tomoe,731
african_wild_dog_(kemono_friends),731
skadi_(elite_ii)_(arknights),731
kirakishou,731
bed_frame,731
glassy0302,731
fujimura_taiga,731
mazaki_anzu,731
forever_7th_capital,730
clam_shell,730
jinbaori,730
uzuki_(cookie),730
akeyama_kitsune,730
prywinko,730
atg_(wttoo0202),730
holding_grenade,730
mortar_(bowl),730
piripun,730
orange_capelet,730
culter,730
fire_extinguisher,730
hololive_dance_practice_uniform,729
purple_sports_bra,729
no_coat,729
yoru_nai,729
dragon_quest_vi,729
view_between_legs,729
douki-chan_(douki-chan),729
ringo-chan_(otokuyou),729
love_hina,729
luca_kaneshiro,729
bident,729
sheep_costume,729
tickling_sides,729
unicorn_girl,729
siberian_chipmunk_(kemono_friends),729
hikari_(arcaea),728
rogue_(x-men),728
sailor_neptune,728
natsuki_karin,728
starraisins,728
cure_miracle,728
muv-luv_total_eclipse,728
adjusting_another's_hair,728
djmax,728
shinapuu,728
takatsuki_nato,727
asgore_dreemurr,727
chiwino,727
aqua_socks,727
yun_cao_bing,727
aioi_yuuko,727
tokino_sora_(1st_costume),727
white_overalls,727
ogami_tamaki,727
nedia_(nedia_region),727
inanaki_shiki,727
hisoka_morow,727
akuma_(street_fighter),727
9law,727
camonome,727
rock_paper_scissors,727
michael_f91,727
shirosaki_hana,727
kuya_(hey36253625),726
hongbao,726
oosawa_aya,726
print_leotard,726
tatsugiri,726
shaman_king,726
togami_byakuya,726
masara_(chuujou),726
kariya_masaki,726
puniru_wa_kawaii_slime,726
emily_(pure_dream),726
grey_rose,726
zdrada_(helltaker),725
rabbit_ornament,725
dede_(qwea_00000),725
broly_(dragon_ball_super),725
rhythmic_gymnastics,725
son_biten,725
hisasi,725
logos_(arknights),725
mitsurugi_sugar,725
orange_bag,725
newo_(shinra-p),725
mars_(cookie),725
senri_gan,725
hentai_ouji_to_warawanai_neko.,725
waligner,724
meloetta_(aria),724
latin_text,724
sexual_harassment,724
nipple_penetration,724
mipha,724
coral_reef,724
aircraft_carrier,724
orca_hood,724
eldridge_(azur_lane),724
centurii-chan,724
aesc_(rain_witch)_(fate),724
serasuku,724
sebastian_michaelis,724
babydoll_lift,724
selvaria_bles,724
white_pikmin,724
cofffee,724
pokoten_(pokoten718),724
atelier_totori,723
tiger_costume,723
holding_headphones,723
black_order_uniform,723
riliane_lucifen_d'autriche,723
holding_crown,723
kazamatsuri_institute_high_school_uniform,723
bodycon,723
sasha_blouse,723
jade_(honkai:_star_rail),723
nakajima_yuka,723
yuki_arare,723
tristan_(fate),723
kawashima_ami,723
kasugano_urara_(precure),722
clitoris_ring,722
ishigaki_takashi,722
judith_(tales),722
wokada,722
kaetzchen,722
izumi_(blue_archive),722
zouni_soup,722
less,722
panties_visible_through_clothes,722
kuena,722
mefomefo,722
mikoyan,722
anya's_heh_face_(meme),722
super_star_(mario),722
monori_rogue,722
dragon_claw,722
gashapon,721
gareth_(fate),721
magatama_hair_ornament,721
hinoka_(fire_emblem),721
kamisimo_90,721
bayonetta_2,721
royal_robe,721
gummy_(arknights),721
irasutoya,721
mahou_shoujo_oriko_magica,721
bubble_bath,721
open_box,721
psycho-pass,721
snow_strawberry_(idolmaster),721
comic_kairakuten,721
hitotsuyanagi_riri,721
ulti_(one_piece),721
possummachine,721
hinata_channel,721
noyama_takenoko,720
aokumo_rin,720
akatsuki_kai_ni_(kancolle),720
planted_umbrella,720
yamagou_ayumi,720
bad_artstation_id,720
shannon_(umineko),720
ines_fujin_(umamusume),720
germany_(hetalia),720
harimoji,720
iriam,720
graph,720
female_builder_(dqb2),720
off-shoulder_leotard,720
futatsuki_hisame,720
bazooka_(gundam),720
eye_tattoo,720
natsuiro_egao_de_1_2_jump!,720
kuro_suto_sukii,720
pile_of_books,719
aviator_goggles,719
big_head,719
miraidon,719
raiden_mei_(apho),719
brown_helmet,719
costume_request,719
hiei_kai_ni_(kancolle),719
umishima_senbon,719
kumiko_shiba,719
karutamo,719
machete,719
sazanami_mio,719
amazuki_jou,719
orizen,719
karyl_(summer)_(princess_connect!),719
wetland,718
re:act,718
holding_tennis_racket,718
foodification,718
hidden_star_in_four_seasons,718
beijuu,718
senki_zesshou_symphogear_xd_unlimited,718
nekomiya_hinata,718
azumi_(myameco),718
pragmata,718
testament_(guilty_gear),718
seaplane,718
after_fingering,717
gloved_sleeves,717
chinchilla_(animal),717
green_umbrella,717
splatter_background,717
fukahire_(ruinon),717
pawmi,717
yanagi_wakana,717
eyecatch,717
ace_of_diamonds,717
yamada_aoi,717
fun_bo,717
witch's_labyrinth,717
error_musume,717
grey_collar,717
kamen_rider_dcd,716
nelliel_tu_odelschwanck,716
talkex,716
kamiyoshi_rika,716
learning_with_manga!_fgo,716
folding_screen,716
pom_pom_hat_ornament,716
vector_(girls'_frontline),715
headlock,715
zinnia_(pokemon),715
vietnamese_clothes,715
melusine_(second_ascension)_(fate),715
welrod_mkii_(girls'_frontline),715
riko_(made_in_abyss),715
takopii_no_genzai,715
minazuki_(kancolle),715
sakaguchi_karina,715
soldier_11_(zenless_zone_zero),715
chaos_(warhammer),715
kenshin187,715
takaharu,715
nanao_(mahaya),715
akchu,715
koyanskaya_(assassin)_(first_ascension)_(fate),715
cuddling_handjob,715
pegging,714
amezawa_koma,714
cuffed,714
takepoison,714
wobbuffet,714
alcina_dimitrescu,714
langrisser,714
kirisawa_juuzou_(character),714
hiiragi_yuzu,714
belarus_(hetalia),714
mashima_hiro,714
ri-net,714
rindou_(radical_dream),714
nagayoshi_subaru,714
mikkoukun,714
red_feet,714
cathedral,714
suo_bu_ye_feng,714
triceps,713
chest_rig,713
jeanne_d'arc_(girl_from_orleans)_(fate),713
cycling_uniform,713
hiememiko,713
oso_(toolate),713
rhein_kraft_(umamusume),713
suurin_(ksyaro),713
zen33n,713
flayn_(fire_emblem),712
yomosaka,712
pink_armor,712
clothes_in_front,712
foot_on_another's_head,712
faye_valentine,712
asakuraf,712
luke_(dydansgur),712
hikigaya_hachiman,712
giraffe,711
hug_from_side,711
guweiz,711
krekkov,711
asanagi_shion,711
jibril_(no_game_no_life),711
flasher_(flasher_ura),711
fingers_to_mouth,711
isolated_island_oni,711
kazemaru_ichirouta,711
the_iron_of_yin_and_yang,711
sekirei,711
yukichi_(eikichi),711
ame.,710
crazy_grin,710
buttercup_(ppg),710
euphemia_li_britannia,710
skirt_caught_on_object,710
sacabambaspis,710
kobayakawa_rinko,710
imminent_death,710
farm,710
mixed-sex_combat,709
pink_hood,709
single_arm_guard,709
shin_megami_tensei_iii:_nocturne,709
jackal_tail,709
trampling,709
ocarina,709
god_eater_2:_rage_burst,709
broken_wall,709
zutto_mayonaka_de_ii_no_ni,709
elbows_on_knees,709
kar98k_(girls'_frontline),709
cura,709
feldt_grace,709
saigado,709
nakamura_regura,709
846-gou,709
jumpsuit_around_waist,708
battery,708
redjet,708
ribbon-trimmed_bow,708
clara_(girls_und_panzer),708
looking_at_creature,708
charlotta_(granblue_fantasy),708
saori_(swimsuit)_(blue_archive),708
adult_neptune,708
loose_neck_ribbon,708
luka_(mon-musu_quest!),708
lunacle,708
waist_hug,708
in_shopping_cart,708
akitetsu,708
marvelous_sunday_(umamusume),708
marionette,708
sayla_mass,708
holding_stethoscope,707
mother's_day,707
omamori,707
holding_wallet,707
winged_boots,707
admiral_hipper_(azur_lane),707
in_bag,707
spine_(medium),707
holding_racket,707
inner_senshi,707
holding_gloves,707
heater,707
twrlare,707
mudrock_(silent_night)_(arknights),707
fathom,707
claymore_(series),707
sorani_(kaeru0768),707
genzoman,707
manaka_non,707
miyamoto_musashi_(third_ascension)_(fate),707
wien_margarete,707
darkmaya,707
shnva,707
matsumoto_tomoyohi,707
totokichi,707
hand_jewel,707
kuroi_mimei,706
artist_self-reference,706
the_end_of_evangelion,706
kamen_rider_ooo_(series),706
supermarket,706
afro_puffs,706
yatai,706
latex_shrug,706
dx,706
azumi_kazuki,706
pottsness,706
knights_of_blood_uniform_(sao),706
bait_and_switch,706
apple_(reverse:1999),706
swordsouls,706
pink_nose,706
klavier_gavin,706
hod_(project_moon),705
archery_shooting_glove,705
american_flag_shirt,705
kingprotea_(fate),705
poketch,705
jumpluff,705
valkyrie_drive,705
exs-tia,705
shermie_(kof),705
mochizuki_kei,705
xingzhi_lv,705
julia_(idolmaster),705
takasu_ryuuji,704
dorothy_(arknights),704
striped_choker,704
social_network,704
pliers,704
soviet_school_uniform,704
dennou_shoujo_siro,704
in_bowl,704
sena_(blue_archive),704
abigail_williams_(second_ascension)_(fate),704
anbe_yoshirou,704
poker,704
rejection,704
bae_(baebae),704
grimsley_(pokemon),704
hanasaku_iroha,704
kindergarten_bag,704
bent_v,703
pokemon_on_lap,703
cockroach_girl,703
multicolored_sky,703
sakura_empire_(emblem),703
mishima_kazuya,703
haruka_(senran_kagura),703
uno_(game),703
amaterasu_(ookami),703
hatsunatsu,703
cure_lovely,703
texas_(winter_messenger)_(arknights),703
male-female_symbol,703
kokudou_juunigou,703
akimoto_komachi,703
kusugawa_sasara,703
pleading_eyes,703
selection_university_military_uniform,703
haibane_renmei,703
push-ups,702
holding_bento,702
ines_(arknights),702
husband_and_husband,702
ebisu_eika,702
cocked_eyebrow,702
hugh_(pokemon),702
teamwork,702
yoga_mat,702
butterchalk,702
rui_shi_(rayze_ray),702
gunpla,702
squirrel_girl_(marvel),702
homu,702
luna_(sailor_moon),702
reverse_nursing_fingering,702
blue_car,702
charisma_break,702
wakaba_(kancolle),702
deco_(geigeki_honey),702
naokomama,701
grasslands,701
chii,701
watering,701
rainbow_eyes,701
source_filmmaker_(medium),701
nekoda_(maoda),701
mimori_(blue_archive),701
holding_trumpet,701
kawakami_mai,701
choukou_shinki_ixseal,700
tiffy_(nottytiffy),700
dolphin_girl,700
pea_pod,700
disco_elysium,700
torimaru,700
mythra_(radiant_beach)_(xenoblade),700
meteion,700
amakusa_shirou_(fate),700
megatron,700
mochirong,700
takafuji_kako,700
swordsman_(ragnarok_online),700
bikini_day,700
spoken_flying_sweatdrops,699
black_blood,699
morag_ladair_(xenoblade),699
kazama_jin,699
garbage_time,699
cross_pendant,699
uppercut,699
xblaze,699
takase_muh,699
sledgehammer,699
yamanin_zephyr_(umamusume),699
ghost_print,699
furoshiki,699
sonohara_anri,699
dekomori_sanae,699
cafekun,699
haniwa_(leaf_garden),699
removing_bra,699
cracked_screen,698
the_transformers_(idw),698
dabi_(boku_no_hero_academia),698
holding_coat,698
mousse_(ranma_1/2),698
jinbei_(clothes),698
reimu_endou,698
shepherd0821,698
misaki_nonaka,698
ashiomi_masato,698
rouka_(akatyann),698
mairimashita!_iruma-kun,698
saturated,698
hannya,698
ass_smack,698
noripachi,698
poppi_(xenoblade),697
sof_(blue_archive),697
ice_cream_spoon,697
unconnected_marketeers,697
suisei_no_gargantia,697
akasaai,697
special_feeling_(meme),697
ray_(arknights),697
infukun,697
tour_guide,697
kotatsu_(g-rough),697
homura_subaru,697
king_(playing_card),697
icomochi,697
mosha,697
gendou_pose,696
itsuka_kotori,696
yamaha,696
matanonki,696
arsene_lupin_iii,696
toddler,696
katsuragi_(senran_kagura),696
rahu_(path_to_nowhere),696
suzu_(cookie),696
cheesecake,696
howl_(howl_no_ugoku_shiro),696
aqua_pantyhose,696
naru_(wish_field),696
koi_wa_sensou_(vocaloid),696
harano,696
hibiscus_print,696
juurouta,696
sekaiju_no_meikyuu_2,696
igarashi_kyou_(eroe),696
double_anal,695
faceplant,695
small_penis_humiliation,695
sig_mpx,695
goodra,695
aoi_erika,695
countdown_illustration,695
korok,695
grate,695
hooded_leotard,695
vivi_ornitier,695
hamburger_steak,695
prince_of_lorasia,695
pelvic_curtain_aside,695
draco_centauros,695
yuukyuu_gensoukyoku,695
hxxg,695
naked_paint,695
ieiri_shoko,695
yasuyuki,695
lofter_username,695
crystal_hair_ornament,694
disappointed,694
racing_miku_(2022),694
yoshimi_(band)_(blue_archive),694
hatakaze_(kancolle),694
sleeveless_jumpsuit,694
crow_(siranui),694
akari_(blue_archive),694
the_road_to_el_dorado,694
sailor_collar_lift,694
lisa_lisa,694
heiwajima_shizuo,694
ao_no_kanata_no_four_rhythm,694
hoshino_miyako_(wataten),694
natsume_eri,694
afuro_terumi,694
tsumugi_wenders,694
black_slippers,694
diglett,694
melusine_(swimsuit_ruler)_(fate),694
utawarerumono:_itsuwari_no_kamen,693
pie_slice,693
picking_up,693
valentine_(skullgirls),693
devil_may_cry_4,693
zeta_gundam_(mobile_suit),693
profile_picture,693
against_fence,693
tomu_(tomubobu),693
gerudo_set_(zelda),693
adachi_sakura,693
;<,693
convenient_skirt,693
mo_chengwei,693
mikazuki_yozora,693
cut-here_line,692
holding_ticket,692
human_head,692
grey_feathers,692
big_man_(splatoon),692
bucky_barnes,692
torn_leggings,692
hitotose_rin,692
hoshiguma_yuugi_(kimono),692
raven_(tales),692
scamp_(kancolle),692
heart-shaped_lollipop,692
darjeeling_(reley),692
aoki_shizumi,692
lokulo-chan_(lokulo_no_mawashimono),692
pinwheel_hair_ornament,692
peanuts_(comic),692
sekaiju_no_meikyuu_4,692
natsuya_(kuttuki),692
totooria_helmold,691
tangled,691
wrestle_angels,691
c-string,691
aogiri_koukou,691
fish_in_mouth,691
aosora2823,691
penis_piercing,691
sakamoto_ryouma_(fate),691
azumarill,691
parking_lot,691
takayama_sayoko,691
gradient_necktie,691
aburaage,691
pipkin_pippa,691
kikumaru_bunta,691
ammunition_box,690
imminent_suicide,690
gear_hair_ornament,690
sin_mal,690
tail_under_clothes,690
tofu_thunder,690
sakuya_tsuitachi,690
torn_sleeve,690
alternate_size,690
mizutani_eri,690
hoshimiya_kate,690
figure_skating_dress,690
kisaragi_momo,690
norigure18,690
john_doe_(jdart),690
chapter_number,690
pecha_berry,689
shitodo_kuroji,689
shinmai_maou_no_testament,689
azatychan,689
multiple_cats,689
zasshu,689
postbox_(outgoing_mail),689
garou:_mark_of_the_wolves,689
comiket,689
summon_night_3,689
fur-trimmed_vest,689
kamehameha_(dragon_ball),689
foo_fighters_(jojo),689
holding_torpedo,689
matsukaze_tenma,689
ge-b,689
nakatani_nio,689
cirno_day,689
hu_dako,689
washing_another,689
princess_tutu,688
hands_on_another's_shoulder,688
implied_murder,688
oil_lamp,688
azuma_aya,688
shpo,688
gold_leotard,688
sairenji_haruna,688
viper_(series),688
saipaco,688
panties_around_thighs,688
heart_ring_choker,688
for_adoption,688
sculpture,688
sakamoto_ryuji,688
deutschland_(azur_lane),688
wet_spot,688
pumpkaboo,688
dream_smp,687
airplane_interior,687
price,687
hood_(james_x),687
plaid_sailor_collar,687
toaru_kagaku_no_railgun_s,687
formula_one,687
treasure,687
sin_sack,687
petra_macneary,687
evertale,687
cytus,687
greatmosu,687
linked_collar,687
new_horizon,687
neko_majin,687
kagero_(fire_emblem),686
araneesama,686
holding_earphones,686
akemi_homura_(black_dress),686
ear_cleaning,686
dragon_village_collection,686
hoshino_hinata,686
shizuko_(blue_archive),686
kunoichi_tsubaki_no_mune_no_uchi,686
touyouryuu-san,686
bunbun,686
shiroshi_(denpa_eshidan),686
queen_marika_the_eternal,685
shamisen,685
female_ejaculation_through_clothes,685
ousama_ranking,685
kannko_bokujou,685
silva_(granblue_fantasy),685
wizard_(ragnarok_online),685
hizuki_akira,685
ninomae_ina'nis_(loungewear),685
glowing_lines,685
sena_(xenoblade),685
yuusha_to_maou,685
kupaa,685
arano_oki,685
breath_of_fire_v,685
blue_babydoll,685
food_theft,685
holding_mushroom,685
aoi_nagisa_(metalder),684
meme_request,684
qingque_(honkai:_star_rail),684
blue_screen_of_death,684
masamune_(ff7),684
harris_hero,684
double_blade,684
hidulume,684
tiger_i,684
wool_(miwol),684
majima_goro,684
chougei_(kancolle),684
oryou_(fate),684
pig_girl,684
shinomiya_fuyumi,684
eye_of_senri,684
lauren_iroas,684
folded_twintails,683
bead_anklet,683
luna_snow,683
red_overalls,683
kaiga,683
ninian_(fire_emblem),683
hitachi_mako,683
super_pochaco,683
salt_shaker,683
lucca_ashtear,683
flannery_(pokemon),683
triangle_halo,683
yellow_shawl,682
earflap_beanie,682
puru-see_(hoshizuki_(seigetsu)),682
robot_dragon,682
growlithe,682
collar_tabs,682
type_97_(girls'_frontline),682
stuffed_whale,682
miura-n315,682
pocket_square,682
spotted_fur,682
stick_figure,682
daitou_(kancolle),682
suspenders_hanging,682
blossom_(ppg),682
kamishima_kanon,682
protagonist_(smtv),682
hair_branch,682
pan_(mimi),681
jeanne_d'arc_(granblue_fantasy),681
zozotown,681
firefighter,681
nagase_haruhito,681
robin_hood_(fate),681
alien_(series),681
onono_imoko,681
loading_icon,681
recursive_genderswap,681
reverse_grip_handjob,681
latex_pants,681
mechanical_spine,681
tall_male,681
ukiyo-e,681
mudra,681
muchi_maro,681
sett,681
simoun,681
engine,681
deltoids,681
sony,681
ice_crystal,681
shadows_house,681
single_vambrace,681
giraffe_ears,680
batting_stance,680
hip_dips,680
adeleine,680
alice_carroll,680
artillery,680
yukimin_(yukihana_lamy),680
number_pun,680
panties_around_ankles,680
camus_(dq11),680
kuonji_ukyou,680
luke_pearce_(tears_of_themis),680
layla_(idolmaster),680
kotori_(cheer_squad)_(blue_archive),680
aqua_hoodie,680
liliya_olenyeva,680
ena_(series),679
children's_day,679
metal_sonic,679
parody_request,679
changing_clothes,679
gomtang,679
sako_(bosscoffee),679
white_blood_cell_(hataraku_saibou),679
strength_(black_rock_shooter),679
narue,679
princess_serenity,679
kuraue_hinata,679
spot_(arknights),679
oounabara_to_wadanohara,679
red_male_swimwear,679
tennis_court,678
lainart,678
victory_gundam,678
mordred_(swimsuit_rider)_(first_ascension)_(fate),678
killer_queen,678
great_ball,678
lace-trimmed_bow,678
mondi_hl,678
morgiana,678
nina_kosaka,678
dango_daikazoku,678
yuuno_scrya,678
lucas_lee,678
uni8,678
xenovia_quarta,678
rito,678
credit_card,678
madoka_runes,678
knocking,678
chain_bracelet,678
luna_(honkai_impact),678
pikachu_(cosplay),678
breasts_day,678
extended_downblouse,677
holding_sandwich,677
momisan,677
griseo_(starry_impression),677
kaga3chi,677
striped_leotard,677
hiburi_(kancolle),677
bikini_under_skirt,677
budew,677
kearsarge_(azur_lane),677
misaka_12003-gou,677
ejami,677
astolfo_(memories_at_trifas)_(fate),677
serie_(sousou_no_frieren),677
scat,677
after-school_sweets_club_(blue_archive),677
jewelpet_(series),677
knitting_needle,677
oversized_flower,677
tinkaton,677
exit_sign,677
paladin_(final_fantasy),677
kanamori_sayaka,677
ade_(nikke),677
ship's_wheel,677
madou_monogatari,677
vill-v,676
pidgey,676
fuyumi_kazuki,676
akashio_(loli_ace),676
kelvin_hiu,676
ninetales,676
atago_(summer_march)_(azur_lane),676
poprication,676
ainy,676
bekkankou,676
mareep,676
steam_from_mouth,676
nagant_revolver_(girls'_frontline),676
cait_sith_(ff7),676
mexico,675
postage_stamp,675
forced,675
hanasaki_miyabi,675
suzuki_jun,675
akb0048,675
gold_nails,675
ryo_(tg290),675
kamezaemon,675
siegfried_(fate),675
houraku,675
tamamo_no_mae_(swimsuit_lancer)_(second_ascension)_(fate),675
pectoral_docking,675
oboro_muramasa,675
suzunone_rena,675
confident,675
rear-view_mirror,675
okamoto_condoms,675
frutiger_aero,675
flowey_(undertale),675
mai_natsume,675
boros_(ouro_kronii),675
pincushion,674
t1kosewad,674
buttjob_over_clothes,674
v-mag,674
ruggie_bucchi,674
noren,674
tyranitar,674
ironlily,674
sasucchi95,674
phantom_thief,674
alternate_facial_hair,674
yakushiji_saaya,674
truss,674
sakurakoji_kinako,674
iron_fence,674
marina_(blue_archive),674
yasume_yukito,674
metal_wings,674
mad_mew_mew,673
multiple_hat_bows,673
ovaries,673
gabriel_evangel,673
nagi_seishirou,673
raine_(acke2445),673
ogino_chihiro,673
shibuki_ran,673
white_heart_(neptunia),673
ai-chan_(tawawa),673
trotter_(honkai:_star_rail),673
lunchbox,673
ribbon_around_body,673
mast_(nikke),673
akiyama_enma,673
exhaust,673
whale_tail_(clothing),673
reu_(cookie),673
karaoke_box,672
fie_claussell,672
elira_pendora_(1st_costume),672
kozume_kenma,672
sakura_mochi,672
baileys_(tranquillity650),672
gold_horns,672
hand_on_own_tail,672
togekiss,672
tanaka_asuka,672
hiiragi_yuuichi,672
fake_photograph,672
strawberry_panic!,672
hakui_koyori_(summer),672
gibun_(sozoshu),672
hone_kawa,672
royal_penguin_(kemono_friends),672
carmen_(project_moon),672
gaston18,672
given,672
zero_(drag-on_dragoon),671
suspenders_pull,671
corrupted_metadata,671
miya_(miyaruta),671
senomoto_hisashi,671
recursion,671
ms._fortune_(skullgirls),671
akadako,671
anmi,671
boomerang,671
blvefo9,671
mai_(touhou),671
chabudai,671
ring-con,671
min_min_(arms),671
canned_food,671
sharena_(fire_emblem),671
wis'adel_(arknights),670
rukawa_kaede,670
pop-up_story,670
shikushiku_(amamori_weekly),670
freng,670
oz_(genshin_impact),670
dialogue_options,670
shauntal_(pokemon),670
olympics,670
heart-shaped_pubic_hair,670
asmr,670
paula_(mother_2),670
dirty_pair,670
kitarou,670
haguro_kai_ni_(kancolle),670
syuen_(nikke),669
ecclesia_(yu-gi-oh!),669
kogure_ruka,669
corset_piercing,669
nishii_(damnedrive),669
unown,669
timbougami,669
blood_on_gloves,669
single_over-kneehigh,669
bravely_default:_flying_fairy,669
electrodes,669
bluethebone,669
vigna_(arknights),669
ishigami_senkuu,669
prostate_milking,669
futoku_no_guild,669
saitou_masatsugu,668
uenomigi,668
double_biceps_pose,668
vertical-striped_pajamas,668
jiji_(majo_no_takkyuubin),668
threat,668
mikazuchi_zeus,668
pinkie_pie,668
gekitotsu!_joshikousei_oiroke_sensha_gundan,668
shimamura_hougetsu,668
caesar_(girls_und_panzer),668
jean_kirstein,668
bruce_lee's_jumpsuit,668
sakuma_ritsu,668
clothed_after_sex,668
plate_stack,668
korie_riko,668
portuguese_commentary,668
yokosuka_girls_marine_high_school_uniform,668
nishimata_aoi,668
konngara_(touhou),668
gishiki_(gshk),668
sword_of_the_creator,668
haiiro_teien,667
fukuji_mihoko,667
subarashiki_kono_sekai,667
shinshin,667
yuzuna99,667
hume,667
leviathan_(skullgirls),667
hanasaka_houcha,667
mayo_riyo,667
sugano_manami,667
uruha_rushia_(3rd_costume),667
rachnera_arachnera,667
gold_dress,667
newtype_flash,667
no_cape,667
axolotl,667
clash,667
yatterman,667
brown_headband,667
zannen_na_hito,667
clamp_(circle),666
elpeo_puru,666
sombrero,666
misteor,666
doyouwantto,666
sugiyuu,666
caeda_(fire_emblem),666
necro_(nekurodayo),666
minew,666
kaminari_denki,666
locket,666
baobhan_sith_(swimsuit_pretender)_(first_ascension)_(fate),666
otter_spirit_(touhou),666
erika_(blue_archive),665
spool,665
no_male_underwear,665
xiao_wu_(douluo_dalu),665
summertime_render,665
asazuki_norito,665
jiaoqiu_(honkai:_star_rail),665
hyurasan,665
dars_(recolors),665
dragapult,665
poop,665
white_gem,665
yamanashi_taiki,665
smear_frame,665
kageyama_shien,665
kudou_shin'ichi,665
pink_armband,665
digital_camouflage,664
luz_noceda,664
jason_(kaiten_kussaku_kikou),664
tony_guisado,664
azusa_(hws),664
chiimako,664
amagi-chan_(azur_lane),664
murasaki_(senran_kagura),664
habetrot_(fate),664
scientist,664
aether_gazer,664
mounting,664
mayonnaise,664
blazblue:_central_fiction,663
takaman_(gaffe),663
glowing_gem,663
yanagi_(nurikoboshi),663
over_the_nose_gag,663
ar_tonelico_ii,663
kotochi_re,663
suminagashi,663
tsuranukko,663
kana_anaberal,663
himura_moritaka,663
teshima_nari,663
nian_(unfettered_freedom)_(arknights),663
shishiro_botan_(button-down),663
combos_&_doodles,663
genie,663
market,663
lissa_(fire_emblem),663
namine,663
mandibles,663
blazblue:_chronophantasma,662
papi_(monster_musume),662
nao_(mabinogi),662
flood,662
hayashi_custom,662
tatsumi_ray,662
rei_(sanbonzakura),662
splatoon_3:_side_order,662
komori_kuzuyu,662
aningay,662
delmogeny_uniform,662
pink_corset,662
shibari_under_clothes,662
serena_(yu-gi-oh!),662
sweeping,662
fungi_(genshin_impact),662
double_thumbs_up,662
totatokeke,662
change_in_common_sense,661
cheek_tattoo,661
blue_hands,661
itto_(mentaiko),661
bow_flower,661
ankle_flower,661
requesting_internal_cumshot,661
hiraga_matsuri,661
suou_yuki,661
butterfly_necklace,661
grandmother_and_granddaughter,660
display_case,660
mugetsu_(touhou),660
undone_bowtie,660
nui_(nuinui0300),660
reichsadler,660
label_girl_(dipp),660
kinona,660
essex_(azur_lane),660
aelion_draws,660
a-ka,660
peaked_lapels,660
natsu_(anta_tte_hitoha),660
kaname_buccaneer,660
contest_winner,659
kazami_yuuji,659
sawamura_eijun,659
ichigo_(cookie),659
bandage_on_cheek,659
hero_(dq5),659
too_many_frills,659
megurigaoka_high_school_uniform,659
nagioka,659
nobita_(makoto7060355),659
midway_princess,659
momoshiki_tsubaki,659
matsukai_mao,659
spots,659
kuro_chairo_no_neko,659
meganium,658
25-ji_nightcord_de._(project_sekai),658
ouzuka_mai,658
zekrom,658
bnw_(umamusume),658
food_on_clothes,658
sitrus_berry,658
la_pluma_(summer_flowers)_(arknights),658
lilina_(fire_emblem),658
noshimurin,658
kaidou_minami,658
sachito,658
shu_yamino,658
love_live!_the_school_idol_movie,658
kokonoe_rin,658
ishimaru_kiyotaka,658
yasaikakiage,658
aphrodisiac,658
hei_(darker_than_black),658
ishikkoro,658
pallad,658
namauni,658
cave_story,657
shared_bed,657
tales_of_arise,657
usami_(danganronpa),657
ikeda_chitose,657
lunatic_gun,657
vintage_microphone,657
hachune_miku,657
daydarion,657
mitarashi_kousei,657
kromer_(project_moon),657
numbered_panels,657
piyokichi,657
shirakami_fubuki_(street),657
komi_zumiko,657
taking_shelter,656
record_of_lodoss_war,656
illyasviel_von_einzbern_(beast_style),656
wave_print,656
factory,656
wiping_blood,656
fur_(clothing),656
stuffed_fish,656
lansane,656
ribbon_(kirby),656
koflif,656
oozora_subaru_(hololive_summer_2019),656
happiness!,656
bishoujo_mangekyou_(series),656
poi_(phrase),656
kamen_rider_ryuki_(series),655
vertigris,655
transformation_brooch_(sailor_moon),655
murabito_c,655
uranami_(kancolle),655
meis_(terameisu),655
hanging_lantern,655
enrico_pucci,655
weedy_(arknights),655
noss_&_zakuro,655
carriage,655
ohta_yuichi,655
aegislash,655
zagreus_(hades),654
holding_cleaver,654
high_elf_archer_(goblin_slayer!),654
star_of_life,654
racetrack,654
kanna_(cookie),654
too_many_eyes,654
mizuho_(kancolle),654
kadeart,654
frilled_footwear,654
colored_stripes,654
common_dolphin_(kemono_friends),654
mp7_(girls'_frontline),654
resident_evil_1,654
mismatched_socks,654
shizuna_rem_misurugi,654
rotom_(normal),654
blue_crown,654
tiger_cub,654
corn_dog,654
robin_(arknights),653
kedama_milk,653
gsusart,653
field_of_blades,653
roman_clothes,653
kanniiepan,653
kurugaya_yuiko,653
see-through_raincoat,653
shiranui_flare_(street),653
two-sided_capelet,653
goose,653
hanna-justina_marseille,653
toutenkou,653
sex_toy_pull,653
industrial,653
hakusai_(tiahszld),653
elf-san_wa_yaserarenai.,653
in_cage,653
shinoasa,653
idolmaster_sp,653
moketa,653
air_mattress,653
mihuashi_username,652
holding_chibi,652
polka_dot_socks,652
parachute,652
kurona,652
tamagotchi_(virtual_pet),652
perrin_(pokemon),652
pidgeot,652
lace-trimmed_apron,652
coffee_beans,652
gold_headwear,652
kibisake,652
canister,652
beyblade,652
aki_(neyuki41028),652
harpy_boy,652
hyuuga_azuri,652
edna_(tales),652
yan_qing_(fate),652
paradeus,652
csyday,652
onsen_tamago_(hs_egg),652
amakubo_yuri,652
wehrmacht,652
klan_klein,652
kamizono_(spookyhouse),652
cunnilingus_through_clothes,651
historical_event,651
the_golden_smurf,651
yellow_tongue,651
spike_spiegel,651
waddle_doo,651
hinase_(cookie),651
haku89,651
carrying_overhead,651
ping_hai_(azur_lane),651
tp_p_pt,651
armless_amputee,651
kin'iro_ryotei_(umamusume),651
yayoi_maka,651
mukyuu,651
dark_sun_gwyndolin,651
cocomayo29_(tomato),651
pyramid_(geometry),651
kuromiya_raika_(kuromiya),651
kanmiya_shinobu,651
midorikawa_you,651
homestuck,651
huadian,651
tiemu_(man190),651
summoning,651
chain_earrings,651
barbie_(franchise),651
inaba_meguru,650
arm_mounted_weapon,650
m16a1,650
coffeekite,650
naruko_(naruto),650
hands_on_another's_arms,650
severed_hand,650
metal_gloves,650
sasanon_(sasapoliton),650
silent_princess,650
keytar,650
putting_on_gloves,650
weee_(raemz),650
akagi_kurage,650
shiro9jira,650
hori_yuko,650
hibiki_yuuta,650
misekai_555,650
cure_diamond,650
aku_no_musume_(vocaloid),650
soccer_spirits,650
suwaneko,650
rampa93,650
armpit_carry,650
tamtamdi,649
pink_mittens,649
tachikawa_mimi,649
futatsuiwa_mamizou_(human),649
yakisobapan_tarou_&_negitoro-ko,649
print_sash,649
amisu,649
nyuu_(manekin-eko),649
mashiro_meme,649
anna_miller,649
monikano,649
panties_on_penis,649
fuura_kafuka,649
shirako_(kirupi),649
konishi_(koconatu),649
death-sensei_(mori_calliope),649
shamal,649
toka_(marchlizard),649
battle_girl_high_school,649
hydreigon,649
zamius,649
antonio_salieri_(fate),649
takeshima_eku,649
roropull,648
coro_fae,648
hatsune_miku_(nt),648
ef_(visual_novel),648
nana_asta_deviluke,648
ryuu.,648
fuwa_kokone,648
red_bandage,648
zerocat,648
ring_box,648
konoha_(kagerou_project),648
fukai_ryosuke,648
tohmi_higashi_high_school_uniform,648
oniilus,648
snowball_fight,648
efe,648
fir3born,648
haguhagu_(rinjuu_circus),648
kaijuu_no._8,648
queen's_gate,648
snegovski,647
flight_attendant,647
alphonse_(white_datura),647
aqua_one-piece_swimsuit,647
salmon,647
china,647
saihate_eki,647
minase_akiko,647
tomobe_kinuko,647
komori_met,647
yellow_eyeshadow,647
thick_leg_hair,647
unohana_retsu,647
bococho,647
uranaishi_(miraura),647
rifyu,647
tobiichi_origami,646
jibanyan,646
chun-li_(cosplay),646
devilman,646
no_armor,646
hortensia_(fire_emblem),646
ozen,646
higurashi_no_naku_koro_ni_mei,646
woodland_camouflage,646
banzoin_hakka,646
sayo_samonji,646
ryuuhou_(kancolle),646
memcho,646
misaka_worst,646
loaf_of_bread,646
hinoa,646
edarow,646
6u_(eternal_land),646
miyoushe_watermark,646
hounori,646
sign_around_neck,646
armored_vehicle,646
grass_root_youkai_network,645
thick_outlines,645
ribbon-trimmed_bra,645
momone_momo,645
gardenia_(pokemon),645
tairitsu_(arcaea),645
wily_beast_and_weakest_creature,645
katara,645
starward,645
waai_fu_(arknights),645
umyonge_(lkakeu),645
holding_eyeball,645
striped_camisole,645
shiina_excel,645
irys_(irys_1.0)_(hololive),645
baby's-breath,645
plant_name,645
kirishima_kai_ni_(kancolle),645
swkl:d,645
junsuina_fujunbutsu,645
kindergarten,645
molu_stranger,645
two-tone_socks,645
uchiha_obito,645
surippa1010,645
mlynar_(arknights),644
isa_(peien516),644
ayatsuno_yuni,644
onoe_serika,644
yozakura_(senran_kagura),644
spiked_knuckles,644
iron_blood_(emblem),644
taira_yuuki,644
wang_yujia,644
v_sisters,644
fishbowl_helmet,644
artist's_hand_in_frame,644
hyakkaou_academy_school_uniform,644
mizumoto_yukari,644
binder,644
cocoballking,644
reaper_(overwatch),644
ponytail_holder,644
kaitou_kid,644
y2,644
casino_card_table,644
inkling_(language),644
murata_tefu,644
mechanical_hair,644
kaizuka_inaho,644
orange_butterfly,643
pixie_willow_(voice_actor),643
tsugumomo,643
matcha_(food),643
metagross,643
bad_yandere_id,643
waist_bag,643
andon,643
rubber_band,643
yuuki_rika,643
blue_leggings,643
urban_legend_in_limbo,643
jasony,643
sasaki_chiho,643
bent_back,643
mystic_eyes_of_death_perception,643
fate_testarossa_(lightning_form),643
pink_shawl,643
eustass_kid,643
rectangular_pupils,643
tea_party,643
blue-senpai,643
anato_finnstark,643
bear_trap,642
illumi_zoldyck,642
trucy_wright,642
mi_taro333,642
disintegration,642
adjustable_wrench,642
dildo_under_panties,642
ayakura_juu,642
clara_(honkai:_star_rail),642
daifuku_(yukihana_lamy),642
green_buruma,642
yamashita_takahiro,642
kasai_amane,642
sukja,642
yuzu_momo,642
squeezable_(squeezabledraws),642
z46_(azur_lane),641
hubert_von_vestra,641
hero_(dq3),641
text_in_eyes,641
ayagi_daifuku,641
pavilion,641
oda_nobunaga_(swimsuit_berserker)_(fate),641
pyukumuku,641
itou_(onsoku_tassha),641
terada_tera,641
kyogoku_shin,641
reverse_translation,641
spheal,641
yadokari_genpachirou,641
tachibana_makoto,641
torako_(toramaru),641
gold_thighhighs,640
striped_armband,640
fake_beard,640
astarion,640
three_sizes,640
bursting_pectorals,640
go_(board_game),640
reverse_footjob,640
clutching_chest,640
pink_claws,640
sasaki_akebi,640
kousaki_rui,640
prolapse,640
haruri,640
shabana_may,640
king_(aotu_world),640
kozue_akari,640
e-hentai_sample,640
rinne_no_lagrange,640
hazawa_tsugumi,640
adepta_sororitas,640
nuu_(nu-nyu),640
tksand,640
shioriha_ruri,640
matilda_bouanich,640
space_cat_(meme),640
synecdoche,640
pink_diamond_765_(idolmaster),640
chocolate_cornet,639
butterflyfish,639
red_serafuku,639
tenkawa_nayuta,639
saga_frontier_2,639
kei_(keigarou),639
genos,639
single_mechanical_leg,639
reverse_princess_carry,639
metroid_dread,639
amano_pikamee,639
necomi,639
brown_hood,639
black_jack_(series),639
virtuous_contract,639
noco_(adamas),638
breasts_on_another's_back,638
under_umbrella,638
coco's,638
saber_(fate)_(cosplay),638
judy_hopps,638
bayonetta_1,638
fur_sleeves,638
morty_(pokemon),638
vertical-striped_necktie,638
grandfather_and_grandson,638
miguel_o'hara,638
dsmile,638
black_pajamas,638
harmonie_(arknights),638
okazaki_ushio,638
stage_connection,638
holding_seashell,638
ange_(princess_principal),638
teoi_(good_chaos),638
owari_akane,638
nekono_matatabi,638
ribbon-trimmed_hairband,638
destroyer_princess,638
red_panda,637
charging_forward,637
s-a-murai,637
navel_peek,637
edd_(eddsworld),637
kansaiben,637
tenshinranman,637
sugimoto_reimi,637
speaking_tube_headset,637
naked_chocolate,637
gate_of_babylon_(fate),637
uneg,637
juufuutei_raden_(1st_costume),637
schwertkreuz,637
formation_girls,637
yae_sakura_(goushinnso_memento),637
miri_(ago550421),637
studio_microphone,637
kafuu_chino's_school_uniform,637
collared_bodysuit,637
sonson_(eleven),637
mitsugashira_enoko,636
mettaton,636
tilt-shift_(azalanz),636
kurokumo_clan_(identity)_(project_moon),636
fukuro_(maruaru00),636
mismatched_animal_ear_colors,636
bunny_slippers,636
goshiki_suzu,636
clow_card,636
single_earphone_removed,636
ellee-chan,636
rice_cooker,636
gantz,636
yabuki_kana,636
canyon,636
amethio_(pokemon),636
submission_hold,636
gin'ichi_(akacia),636
mikazuki_neko,636
sugoi_dekai,636
namamo_nanase,636
mocha_(cotton),636
kurione_(zassou),636
praying_mantis,636
tsuji_renta,636
kamio_reiji_(yua),636
caryo,636
krudears,635
yoru_mac,635
oxygen_tank,635
shibafu_(glock23),635
yura_kai_ni_(kancolle),635
lexington_(warship_girls_r),635
fabulous,635
dragon_ball_daima,635
open_bag,635
reuniclus,635
palkia,635
pac-man_(game),635
urbosa,635
bridge_piercing,634
pink_nightgown,634
heart_hair_bun,634
fi-san,634
kajin_(kajinman),634
tales_of_eternia,634
mononobe_alice,634
ohasi,634
sos_brigade,634
blue_reflection_(series),634
kasai_shin,634
cure_pine,634
fainting,634
miko_(royal_milk),634
bakushi_(smys2017),634
chi-class_torpedo_cruiser,634
parororo,633
iguro_obanai,633
vine_print,633
france,633
tomimon,633
m._bison,633
inui_sajuna,633
ishtar_(fire_emblem),633
final_fantasy_ii,633
higuchi_isami,633
pac-man_eyes,633
vamos_mk,633
kisaragi_nana,633
starscream,633
barasuishou,633
cure_princess,633
eyes_visible_through_eyewear,633
illu_(illu_stratos),633
purple_nipples,633
narumi_arata,633
osakana_(denpa_yun'yun),632
shauna_(pokemon),632
yuegui_(genshin_impact),632
kuroda_akimi,632
will-o'-the-wisp_(mythology),632
wicke_(pokemon),632
matsukaze_(kancolle),632
dialga,632
breasts_on_tray,632
crescent_choker,632
osmanthus,632
barbara_(summertime_sparkle)_(genshin_impact),632
manhole_cover,632
cyan_(show_by_rock!!),632
chipmunk_tail,632
yuyushiki's_school_uniform,632
large_ribbon,632
shikitani_asuka,632
biplane,632
tales_of_the_rays,632
artstation_sample,632
cuffs-to-collar,632
ningen_mame,632
sunflower_print,632
digimon_liberator,632
utensil,632
muppo,632
gold_bangle,632
tanashi_(mk2),632
andou_shuki,632
saiste,632
kamei,632
academic_test,631
cold_pack,631
orange_armband,631
soul_evans,631
dragonslayer_(sword),631
natsuki_rin,631
corn_kuten,631
fruit_background,631
nero_claudius_(olympian_bloomers)_(fate),631
sailor_moon_(cosplay),631
shone,631
kawai_(purplrpouni),631
pacific_rim,631
honjou_raita,631
chamaruk,631
eichi_yuu,631
nekobungi_sumire,631
pecorine_(summer)_(princess_connect!),631
grey_sash,631
kkato,631
soranamae,631
bamboo_blade,631
closure_(arknights),630
ch'en_the_holungday_(arknights),630
wooden_bridge,630
bell_cranel,630
usami_ichika,630
arm_scrunchie,630
seiran_(mousouchiku),630
soviet_army,630
tokimeki_memorial_girl's_side,630
feminization,630
atelier_live,630
syroh,630
kojima_takeshi,630
t-pose,630
modern_mogal,630
gosick,630
omaru_gyuunyuu,630
nara_shikamaru,630
resident_evil_3_(remake),630
kuromayu,630
cutlass,630
penis_ribbon,630
griffin,629
single_legwear_garter,629
horn_(instrument),629
minakami_mai,629
dino_(dinoartforame),629
lipstick_mark_on_neck,629
split_crop,629
kurotofu,629
applejack,629
batta_16-sei,629
komakusa_sannyo,629
gwen_tennyson,629
shinonono_houki,629
kawase_seiki,629
giraffe_(ilconte),629
sheikah_slate,629
hidaka_ai,629
bouncing_testicles,629
ushiwakamaru_(second_ascension)_(fate),629
adjusting_bra,629
aoi_kumiko,629
maji_de_watashi_ni_koi_shinasai!,629
van_arkride,629
athena_cykes,629
kylar_(degrees_of_lewdity),629
tsuki_ni_kawatte_oshioki_yo,629
jeff_the_land_shark,628
ookami_mio_(street),628
kubo_tite_(style),628
nikoo,628
hairstyle_connection,628
prisoner,628
anko_(gochiusa),628
toujou_koneko,628
hokuro_ryuuseigun,628
rupee_(nikke),628
duke_(inu_daimyou),628
classic_(zildjian33),628
professor_shinonome,628
pigeon666,628
shiraishi_yoshitake,628
shochuumimai,628
archaic_set_(zelda),628
hinata_kaho,628
tokuura,628
apple_pie,628
earth_federation_space_forces,627
cuntboy_with_male,627
lizardman,627
swallow_(bird),627
steaming_food,627
crystal_sword,627
bonnie_(pokemon),627
reku,627
goback,627
alsace_(azur_lane),627
muk_(monsieur),627
togenashi_togeari,627
kazuma_(kazumav),627
fist_in_hand,627
kabu_(pokemon),627
nurse_joy,627
graf_eisen,627
gensoukoumuten,627
spoken_star,627
back_cover,626
dandelion_seed,626
jibaku_shounen_hanako-kun,626
giving_birth,626
holding_bamboo_steamer,626
wrestler,626
kumbhira_(granblue_fantasy),626
mu46016419,626
ichihaya,626
makai_senki_disgaea_4,626
numby_(honkai:_star_rail),626
stuffed_octopus,626
zygarde,626
ender_lilies_quietus_of_the_knights,626
hi_you_(flying_bear),626
gae_buidhe_(fate),626
free_style_(yohan1754),626
print_cape,625
pink_tube_top,625
xavier_(love_and_deepspace),625
vajra_(granblue_fantasy),625
maco22,625
yuki_miku_(2011),625
fjorm_(fire_emblem),625
grey_hood,625
top_wo_nerae!,625
shiwasu_horio,625
super_robot_wars_og_saga_mugen_no_frontier,625
skull_brooch,625
windows_xp,625
yoshitomi_akihito,625
ichii_yui,625
shirogane_(platinum),625
pairan,625
sura_(ragnarok_online),625
feather-trimmed_dress,625
ukrainian_flag,625
isoi_haruki,625
nameo_(judgemasterkou),625
aespa,624
amada_ken,624
hatono_chihiro,624
final_fantasy_x-2,624
empty_pool,624
eugeo,624
naked_necktie,624
ichijou_ririka_(1st_costume),624
star-shaped_pillow,624
hearing_aid,624
shamir_nevrand,624
slug_girl,624
dan_(kumadan),624
dream_believers,624
blame!,624
koyubi_(littlefinger1988),624
caro_ru_lushe,624
cytus_ii,624
hisuian_typhlosion,624
chokutou,624
backpack_basket,624
shiny_footwear,624
narusawa_ryouka,624
xenoblade_chronicles_x,623
layered_legwear,623
animedia,623
eyewear_lift,623
icon_(computing),623
ikezawa_hanako,623
ekz_(robotekz),623
blowing_whistle,623
progression,623
object_in_clothes,623
exposed_brain,623
anya_alstreim,623
kaede_johan_nouvel,623
six_fanarts_challenge,623
force-feeding,623
luciela_r._sourcream,623
naga_(nikke),623
ronald_mcdonald,623
nameless_dagger_(fate),623
human_stacking,623
zaphn,623
herohero_(higashi_no_dou),623
minust,623
holding_trophy,623
kashiwada_kiiho,623
kojo_anna,623
uni_mate,623
amity_blight,622
storm_(x-men),622
kuro_(toi_et_moi),622
brazil,622
clair_(pokemon),622
yagyu_(senran_kagura),622
dola_(nijisanji),622
oono_aya,622
eriko_(princess_connect!),622
kanzarin,622
luicent,622
yamanbagiri_kunihiro,622
eko,622
kikuyoshi_(tracco),622
gebura_(project_moon),622
namie-kun,622
hoshikawa_lily,622
shinano_eiji,622
mumyou_ishi,622
flip_flappers,622
puuzaki_puuna,622
paragasu_(parags112),622
eho_(icbm),622
shimura_shinpachi,622
pebble,621
lamb,621
kawanishi_shinobu,621
hooked_on_heel,621
jonsun,621
jrpencil,621
yuanlingpao,621
luxury_ball,621
hikami_sumire,621
babalilo,621
shadow_chaser_(ragnarok_online),621
shika_miso,621
shima_(wansyon144),621
kanno_takanori,621
cyborg_009,621
shiroshouzoku,621
simulacrum_(titanfall),621
evil_twin_lil-la,621
miso_soup,621
striped_leggings,621
floette,621
victini,620
tasting,620
persona_4_the_golden,620
sasori_(naruto),620
kotozume_yukari,620
on_moon,620
gundam_08th_ms_team,620
shirakawa_yuina,620
rockruff,620
mirin_chikuwa,620
studionice2011,620
bomber,620
sidon,620
kakage,620
cross-laced_shorts,620
kikurage_(crayon_arts),620
qys3,620
karlach,620
dasdokter,620
nira-chan,620
hijiri_rei,620
kekemotsu,620
zuwai_kani,620
techwear,619
celebration,619
licking_hand,619
kokomi_(aniesuakkaman),619
meditation,619
mexican_clothes,619
shuten_douji_(first_ascension)_(fate),619
kanade_izuru,619
henria,619
tyomimas,619
yumesato_makura,619
yanqing_(honkai:_star_rail),619
ipad,619
kirero,619
yuiga_naoha,619
eurasian_tree_sparrow,619
umbrakinesis,619
scrape,619
planet_earrings,618
face_in_shadow,618
backless_bodysuit,618
morgan_le_fay_(queen_of_winter)_(fate),618
sankuma,618
noctchill_(idolmaster),618
sasaame,618
multicolored_sleeves,618
headwear_with_attached_mittens,618
kso,618
owada_mondo,618
hanauna,618
hinata_yukari,618
ellen_baker,618
gible,618
hidari_(left_side),618
takane_(blue_archive),618
bisharp,618
giratina_(origin),618
bubbles_(ppg),618
hands_on_table,617
blue_borscht,617
ende_(chihuri),617
kurachi_mizuki,617
implied_death,617
yuri_briar,617
one_(cevio),617
kanon_(umineko),617
leonie_pinelli,617
tank_helmet,617
thumb_sucking,617
cure_muse,617
yusha_m,617
octopath_traveler_ii,617
polka_dot_pantyhose,617
ayanami_kai_ni_(kancolle),617
camouflage_shorts,617
double_middle_finger,617
akai_sashimi,617
inoue_sora,617
rarity_(my_little_pony),617
breaking_bad,617
aika_granzchesta,617
pink_tattoo,617
rose_background,616
lucia_(scott_malin),616
oiran,616
queen_of_sheba_(fate),616
bandana_over_mouth,616
karna_(fate/apocrypha),616
fjsmu,616
autofacial,616
wooden_ceiling,616
yakusoku_no_neverland,616
lpikamasi,616
nonohara_akane,616
boom_barrier,616
takanashi_ringo,616
washington_(kancolle),616
gabiran,616
mysta_rias,616
dr.p,616
marukyuu_ameya,616
j7w,616
ogasawara_sachiko,616
tajima_yuuki,616
imoko_(imonatsuki),616
vs,616
beelzebub_(helltaker),615
maribel_(dq7),615
power_girl,615
ohr_(blue_archive),615
feint721,615
cslucaris,615
hanpenmaru,615
between_labia,615
no_entry_sign,615
rocket_raccoon,615
baking_sheet,615
discount-supervillain,615
faceoff,615
the_addams_family,615
nanase_miori,615
neit_ni_sei,615
cassidy_(overwatch),615
uenoryoma,615
kyoufuu_all_back_(vocaloid),615
watanabe_yoshihiro,615
highway,614
stuffed_lion,614
kamen_rider_555,614
veronica_(dq11),614
ariel_(disney),614
alex_ahad,614
suito,614
jourd4n,614
mitha,614
doudanuki_masakuni,614
ysys,614
pretzel,614
green_corset,614
okita_souji_alter_(second_ascension)_(fate),614
bad_piapro_id,614
erina_pendleton,614
lucifero_(guilty_gear),614
sitting_on_head,614
mame1645,614
draw_this_in_your_style_challenge,614
comiket_94,614
sakura_no_uta,613
rafayel_(love_and_deepspace),613
puck_(re:zero),613
amakura_mio,613
biting_another's_finger,613
charging_device,613
banchou,613
aunt_and_nephew,613
caburi,613
large_clitoris,613
bellhenge,613
nero_claudius_(bride)_(second_ascension)_(fate),613
ebiblue,613
aventador,613
yaeno_muteki_(umamusume),613
zhongli_(archon)_(genshin_impact),613
doushimasho,613
gemu555,613
shiranui_flare_(old_design),613
jack_howl,613
pokemon_egg,612
naruse_mai,612
piglet,612
orange_eyeliner,612
oden,612
utage_(summer_flowers)_(arknights),612
toritora,612
takayama_toshinori,612
cernunnos_(fate),612
kobayakawa_yutaka,612
seikan_hikou,612
puniru_(puniru_wa_kawaii_slime),612
purple_helmet,612
tokarev_(girls'_frontline),612
echo_saber,612
amane_hasuhito,612
ask_(askzy),612
mvv,612
rossweisse,612
toujou_sakana,612
twistedscarlett60,612
milfeulle_sakuraba,612
dohna_dohna_issho_ni_warui_koto_o_shiyou,612
lazyprocrastinator,612
emurin,611
harbor,611
originium_(arknights),611
choco_chip,611
weeds,611
toy_hammer,611
natsukaze_shigure,611
nikki_kyousuke,611
tsukasawa_takamatsu,611
mahou_shoujo_ikusei_keikaku_unmarked,611
kantele,611
heshikiri_hasebe,611
tenkubashi_tomoka,611
prince_of_lan_ling_(fate),611
igarashi_rika,611
tsukahara_hibiki,611
amakura_mayu,611
natu,611
melusine_(genshin_impact),610
shiragiku_hotaru,610
kyo_(kuroichigo),610
neo-porte,610
zayne_(love_and_deepspace),610
shinza_bansho_series,610
astel_leda,610
akuma_nihmune,610
sariel_(touhou),610
iris_mysteria!,610
dog_costume,610
kanoko_(pattern),610
hima,610
cashier,610
pandora_hearts,610
chaos_marie_(grimms_notes),610
hirayama_kanna,610
;t,610
camisole_over_clothes,610
phoenix_wright:_ace_attorney_-_dual_destinies,610
holding_anchor,610
amagai_tarou,610
bmp-to-png_conversion,610
lee_(colt),610
tokiwadai_school_gym_uniform,610
ripple_star_queen,610
another,610
giraffe_horns,609
holding_walkie-talkie,609
overhead_line,609
endou_mamoru,609
capybara,609
gunbuster_pose,609
hero_neisan,609
adjusting_goggles,609
colored_pencil,609
fate/requiem,609
takozonesu,609
chipa_(arutana),609
otoi_rekomaru,609
big_boss,609
throwing_needles,609
kurot,609
harpoon,609
shingyou_(alexander-13),609
broly_(dragon_ball_z),609
frilled_garter,609
shirt_under_kimono,609
filo_(tate_no_yuusha_no_nariagari),609
mafuyu_(chibi21),609
ability_card_(touhou),608
feather_necklace,608
blue_leg_warmers,608
ankle,608
greatodoggo,608
kamen_rider_build_(series),608
sakaki_(azumanga_daioh),608
michinoku_komaro,608
kouda_suzu,608
water_balloon,608
nigo_(aozoragarou),608
ganesagi,608
xter,608
soredemo_ayumu_wa_yosetekuru,608
kiikii_(kitsukedokoro),608
h_kasei,608
sangokushi_taisen,608
handlebar,608
miwabe_sakura,608
camouflage_skirt,608
kugimiya_atsuki,608
nightmare,608
aria_pokoteng,608
purple_shawl,608
sakura_trick,608
akemi_homura_(cosplay),608
yamato_(sword),608
efukei,608
sakura_hiyori,608
sharp_sign,608
side-seamed_legwear,608
lum_(cosplay),607
orion_(orionproject),607
speedl00ver,607
axel_(kingdom_hearts),607
kibina_high_school_uniform,607
saileach_(arknights),607
danmakuman,607
naked_dogeza,607
uzuki_sayaka,607
roki_(hirokix),607
space_ishtar_(fate),607
fu_hua_(azure_empyrea),607
stick_poster,607
rorolina_frixell,607
todoroki_hajime_(1st_costume),607
akatsuki_hijiri,607
lillly,607
hyuuga_saki,607
ryuki_(ryukisukune),607
crystal_necklace,607
yan_(nicknikg),607
minoto,607
ro_g_(oowack),607
green_sarong,607
frankenstein's_monster_(swimsuit_saber)_(fate),606
ushiromiya_rosa,606
ash_arms,606
namiorii,606
muscular_uke,606
cloba,606
ninjatou,606
orange_planet_uniform,606
pixiv_fantasia_age_of_starlight,606
horn_(arknights),606
heles,606
matilda_fiship,606
hisen_kaede,606
sword_writing,606
kotobuki_(momoko_factory),606
koi_(koisan),606
neck_pillow,606
hiradaira_chisaki,606
gachou,606
kidou_keisatsu_patlabor,605
felicia_(fire_emblem),605
tendou_nabiki,605
kakizaki_(chou_neji),605
cobra_(animal),605
holding_folder,605
decorations,605
takunomi,605
muku_(muku-coffee),605
ssalbulre,605
tokyo_big_sight,605
nest,605
biting_clothes,605
kuroka_(high_school_dxd),605
ankh_necklace,605
terrajin,605
gaia_(ff14),605
kurosu_aroma,604
branded,604
bandaid_on_stomach,604
ponpu_(pumpkinsinclair),604
tiger_paws,604
deviantart_sample,604
yano_mitsuki_(nanairo),604
mauser_c96,604
constriction,604
torino_aqua,604
pandemonica_(helltaker),604
wet_pantyhose,604
partially_annotated,604
kanbe_kotori,604
orie_ballardiae_harada,604
madoka_aguri,604
hooded_pajamas,604
djheycha,604
holding_boxcutter,604
jigen_daisuke,604
mousepad_(medium),604
malkuth_(project_moon),604
sirin,604
weavile,604
404_(girls'_frontline),604
shiroko_(cycling)_(blue_archive),604
grey_veil,604
lyy,604
yapo_(croquis_side),604
sleeping_together,603
himitsu_no_aipri,603
argalia_(project_moon),603
catura_(granblue_fantasy),603
isabella_valentine,603
himeya_company_uniform,603
zaxwu,603
single_leg_warmer,603
table_tennis,603
lain_paterson_(1st_costume),603
fuuma_nagi,603
high_school_dxd_infinity,603
tenmaso,603
buront,603
tomari_(veryberry00),603
h&k_mp5,603
saitou_naoki,603
pola_(azur_lane),602
collared_cloak,602
agnes_tachyon_(lunatic_lab)_(umamusume),602
heart_antenna_hair,602
midnight_bliss,602
parlor_dragonmaid,602
amairo_islenauts,602
bike_shorts_pull,602
covered_piercing,602
yajirushi_(chanoma),602
ore_twintail_ni_narimasu,602
redlhzz,602
busujima_saeko,602
fumitsuki_(minaduki_6),602
kusakabe_misao,602
ginko_(silver_fox),602
yamanaka_sawako,602
hirschgeweih_antennas,602
houshou_marine_(marching_band),602
ibara_mayaka,602
hanzo_(overwatch),602
mishou_mai,602
han_(jackpot),602
shigaraki_tomura,602
dismemberment,602
ludvico_private_girls'_academy_school_uniform,602
wooden_lantern,602
tomohiro_kai,601
chinese_armor,601
mazinger_z,601
tajima_ryuushi,601
okitakung,601
tracen_winter_coat,601
lipstick_mark_on_breast,601
cordelia_(fire_emblem),601
simoyuki,601
cum_in_panties,601
buddhist_nun,601
roy_(pokemon),601
oda_ken'ichi,601
walzrj,601
persona_1,601
sirfetch'd,601
lace-trimmed_bikini,601
kuroyukihime,601
koyomania,601
groudon,601
gensou_suikoden_ii,601
centorea_shianus,601
kuroko_tetsuya,601
perroccino_(fuwamoco),600
bamboo_print,600
tupet,600
hinagi_(fox_priest),600
hermione_granger,600
rikku_(ff10),600
helldivers_(series),600
liminal_space,600
eiyuu_senki,600
koonago,600
male_swimwear_challenge,600
r-binon,600
kumada_masaru,600
dog_paws,600
vampire_(azur_lane),600
mihama_chiyo,600
skeptycally,600
momose_(oqo),600
chyko,600
gaiters,600
evolution,600
fire_emblem:_shadow_dragon_and_the_blade_of_light,600
clemont_(pokemon),600
giggling,599
print_bandana,599
holding_shuriken,599
collar_chain_(jewelry),599
cure_twinkle,599
white_album_(series),599
double_finger_gun,599
loose_bikini,599
atri-my_dear_moments-,599
ema_skye,599
wishiwashi,599
victorica_de_blois,599
alpha_signature,599
60mai,599
geshumaro,599
miyako_hito,599
blue_bike_shorts,599
marota,599
shiki_(psychedelic_g2),599
zanshomimai,599
nail_(hollow_knight),599
fagi_(kakikaki),599
kanden_sky,599
yellow_robe,598
syurikenmaru,598
magnet_(vocaloid),598
papajay_(jennygin2),598
shiny_lips,598
garlean,598
laundromat,598
push-button,598
atelier_ryza_3,598
scott_malin,598
rosa_farrell,598
bite_mark_on_thigh,598
sukeban_(smg)_(blue_archive),598
shampoo,598
gecko,598
tank_shell,598
misogi_(princess_connect!),598
figure_available,598
headshot,598
chupa_chups,598
chameleon_(ryokucha_combo),598
zentradi,598
asiri_senpai,598
kerberos_blade,598
tsubaki_yayoi,597
foreskin_pull,597
lever_action,597
goomba,597
hoshinoumi_academy_school_uniform,597
fisting,597
yagami_iori,597
crobat,597
nanakusa_hazuki,597
cry_of_fear,597
is_that_so,597
gold_osmanthus,597
pheromosa,597
mahoutsukai_no_yakusoku,597
lily_(vocaloid),597
rune_knight_(ragnarok_online),597
poison_ivy,597
yamagishi_yukako,597
quick_waipa,597
robotic_vacuum_cleaner,597
souryu,597
bad_mihuashi_id,597
afk_journey,597
sky:_children_of_the_light,597
imamiya_pinoko,597
2004,597
yamada_tae,597
carrot_(one_piece),596
gentoo_penguin_(kemono_friends),596
umbrella_octopus,596
croissant_(arknights),596
nilitsu,596
somechime_(sometime1209),596
ryoubi_(senran_kagura),596
lying_on_another,596
sk8_the_infinity,596
regis_altare,596
akaashi_keiji,596
qi_lolita,596
unworn_pantyhose,596
super_masara,596
ball_busting,596
kimi_ga_nozomu_eien,596
musical_staff_print,596
wactor_production,596
minami_mirei,596
breath_of_fire_iv,596
satellite,596
neo_asari,595
ougi_hina,595
tenten_(naruto),595
kadose_ara,595
source_quote_parody,595
relay_baton,595
ica,595
chihiro_(kemonomichi),595
kutsuki_kai,595
lightning_bolt_earrings,595
nia_(nia4294),595
hatsune_miku_(vocaloid4),595
zenshin,595
shorts_under_shorts,595
maestrale_(kancolle),595
es_(xblaze),595
shared_thought_bubble,595
inu_sakuya_(nejikirio),595
bleach:_epilogue,595
feather_duster,595
michibata_65,595
sanbou,594
idia_shroud,594
amano_don,594
azuki_osamitsu,594
munakata_(sekimizu_kazuki),594
f-ism,594
punching_bag,594
blue_slingshot_swimsuit,594
hina_(girls_band_cry),594
sakaki_yuya,594
okuri_banto,594
nonohara_yuzuko,594
too_many_birds,594
haidao_mao,594
guel_jeturk,594
visor_lift,594
bible_(object),594
mind_reading,594
blush_visible_through_hair,594
portal_(series),594
cream_on_body,594
a.x.,594
ahsoka_tano,593
zannen_onna-kanbu_black_general-san,593
komasan,593
atsuko_(swimsuit)_(blue_archive),593
yuki_(touhou),593
plaid_trim,593
warashi,593
enjaku_izuku,593
milgram,593
papercraft_(medium),593
rune_(dualhart),593
miyadeguchi_mizuchi,593
pyro_(tf2),593
niku_(ni23ku),593
bound_toes,593
gabriel_tenma_white,593
kink_(tortoiseshell),593
ace_of_clubs,593
tail_belt,593
undone_sarashi,593
orange_one-piece_swimsuit,593
prompto_argentum,593
kotama_(blue_archive),593
rukkhadevata_(genshin_impact),593
snakebite_(piercing),593
amasawa_yuuko,592
eelektross,592
mitsuba_minoru,592
fellatio_under_mask,592
gwendolyn_(odin_sphere),592
dildo_gag,592
detached_arm,592
wanderer_(ragnarok_online),592
fujitaka_nasu,592
ginga_nakajima,592
sido_(slipknot),592
kosmos_beta,592
chiharu_(9654784),592
tamamo_no_mae_(swimsuit_lancer)_(third_ascension)_(fate),592
nonono_mino,592
steel_beam,592
utsusumi_kio,592
undone_bikini,592
fuuka_academy_school_uniform,592
kagerou_kai_ni_(kancolle),592
tooth_fairy_(reverse:1999),592
dororo_(tezuka),592
clover_(flower),592
murkrow,592
leather_skirt,592
thompson_submachine_gun,592
sweetheart_(omori),592
pov_shadow,592
meowstic,592
ryosios,591
dew_drop,591
blackpink,591
?_block,591
art_shift,591
holding_snowball,591
mcgunngu,591
marble_(toy),591
bewear,591
rosuuri,591
tata_(tataice),591
yuzuki_yukari_(shizuku),591
kimura_natsuki,591
koumei_(twinameless),591
orgasm_denial,591
beastars,591
mitsuba_choco,591
nipple_tweak_through_clothes,591
kingdom_hearts_358/2_days,591
abara_heiki,591
pig_tail,591
kei_(m_k),591
luke_sullivan,591
marcille_donato_(lord),591
window_light,591
beaten,591
igawa_asagi,591
ebinku,591
dratini,590
amano_kouki,590
nekoume,590
lasso,590
butterfly_on_head,590
lurantis,590
watanon_(gakushokutei),590
nakabayashi_zun,590
skai_kun,590
purple_mask,590
yutakasan-love,590
ribbon-trimmed_gloves,590
ichinomiya_(blantte),590
kouenji_sayuka,590
fake_ad,590
kuroi_suna,590
dengeki_g's,590
bloomers_pull,590
strict_nun_(diva),590
whisperain_(arknights),590
hierophant_green,590
uneven_bangs,590
grabbing_another's_tail,589
lifting_covers,589
kurihara_sakura,589
masakichi_(crossroad),589
takamachi_nanoha_(sacred_mode),589
overkill,589
isaki_(gomi),589
kumacchi,589
pretty_rhythm_rainbow_live,589
colored_eyebrows,589
caterpie,589
fleet,589
nploser,589
nakkar,589
hand_fan_writing,589
tenten_(chan4545),589
shiori_(princess_connect!),589
happy_facial,589
fletchling,589
sekaiju_no_meikyuu_5,589
lemonade,589
yen,589
rory_mercury,589
native_american_clothes,589
flying_saucer,589
curled_tail,588
viking,588
hat_loss,588
zanpakutou,588
tebi_(tbd11),588
ran'ou_(tamago_no_kimi),588
tokyo_tower,588
non_(kumakawayusu),588
pokemon_cafe_remix,588
nu_gundam,588
ai_takurou,588
digimon_frontier,588
silly_(marinkomoe),588
contortion,588
asari_nanami,588
shitacemayo,588
maccha_(mochancc),588
deras,588
yukie_(peach_candy),588
flamingo,588
elfilin,588
breast_pump,588
francis_drake_(fate),588
felix_argyle,588
lava_(arknights),587
nyaha,587
shellvi,587
tonarikeru,587
myrtenaster,587
yukino_bijin_(umamusume),587
genjitsu_no_yohane,587
pikmin_4,587
hakuo_school_uniform,587
ko-fi_commission,587
anise_tatlin,587
towa_herschel,587
kirito_(sao-ggo),587
revolverwing,587
concealed_weapon,587
subachi,587
xenosaga_episode_i,587
inuinui,586
0lightsource,586
yui_tsuruno,586
taishi_(picchiridou),586
lady_avalon_(fate),586
idkuroi,586
nishihara_isao,586
stakes_of_purgatory,586
sora_72-iro,586
tsab_air_military_uniform,586
tweyen_(granblue_fantasy),586
fork_hair_ornament,586
ryuuzaki_ichi,586
barista,586
knight_(ragnarok_online),585
mimimi_(mimimim9999),585
mutation,585
two-tone_cloak,585
kyuu_(plastic_night_q),585
box_wonderland,585
esdeath,585
xinyan_(genshin_impact),585
ushiromiya_natsuhi,585
carnelian_(arknights),585
ultraman_(1st_series),585
kanno_naoe,585
fu_hua_(phoenix),585
chin_piercing,585
ayakashi_(monkeypanch),585
coubalty,584
public_masturbation,584
minnie_mouse,584
ryouna_(senran_kagura),584
yamamomo_(plank),584
nanashino,584
momoe_nagisa_(magical_girl),584
shirley_fenette,584
yamada_rei_(rou),584
akino_sora,584
sitting_on_box,584
r3dfive,584
well,584
z.taiga,584
oogaki_chiaki,584
nico-mo,584
itou_chika,584
hero45439083942,584
papino,584
minea_(dq4),584
maguro27,584
akagi_ritsuko,584
matsuoka_rin,584
shimushu_(kancolle),584
shoshinsha_mark,583
seele_vollerei_(stygian_nymph),583
ranger_(kancolle),583
blue_overskirt,583
na_tarapisu153,583
dr_pepper,583
tomb_raider,583
holding_cage,583
kochiya_(gothope),583
video_thumbnail,583
phoenix_print,582
starting_block,582
kuriyama_mirai,582
geo_stelar_(mega_man),582
teenage_mutant_ninja_turtles,582
cleaning_&_clearing_(blue_archive),582
lee_(arknights),582
grani_(arknights),582
falcon,582
yuugen,582
yui_shousetsu_(fate),582
forced_exposure,582
spire,582
looking_at_reflection,582
foster's_home_for_imaginary_friends,582
light_switch,581
mochizuki_shiina,581
checkered_hat,581
highleg_dress,581
izumi_sai,581
alolan_exeggutor,581
chestnut,581
klaudia_valentz,581
niya_(blue_archive),581
latte_art,581
3.1-tan,581
draenei,581
rakudai_ninja_rantarou,581
breast_contest,581
masanaga_(tsukasa),581
goe_(g-o-e),581
velma_dinkley,581
kayari_buta,580
shizuki_hitomi,580
asseylum_vers_allusia,580
koromaru_(persona),580
brush_stroke,580
chieru_(princess_connect!),580
maria_marionette,580
hakuryuu_(inazuma_eleven),580
koshirae_tsurugi_(m.m),580
mikisugi_aikurou,580
qurare_magic_library,580
bambi2000line,580
minashirazu,580
meth_(emethmeth),580
vf-1,580
shin'yashiki,580
kawakaze_kai_ni_(kancolle),580
sakamoto_(nichijou),580
injection,580
euphonium,580
king,580
kokone_(coconeeeco),580
italy,580
toshishikisai,580
necktie_in_mouth,580
istina_(arknights),580
crustacean,580
blu-ray_cover,580
pearl_choker,580
cure_wonderful,580
face_jewel,580
ahiru_(princess_tutu),580
shirogane_miyuki,580
chise_(swimsuit)_(blue_archive),579
ghost_miku_(project_voltage),579
akayama_yukihe,579
olivia_(fire_emblem),579
carol_malus_dienheim,579
food-themed_hat,579
air_jordan,579
black_tea,579
green_male_underwear,579
alicia_florence,579
paint_stains,579
koishi_komeiji's_heart-throbbing_adventure,579
cure_flora,579
gundam_arsenal_base,579
yoon_cook,579
janong,579
gokuu_(acoloredpencil),579
tachibana_taki,579
cirenk,579
myne_(honzuki_no_gekokujou),579
frutiger_metro,579
pinstripe_kimono,579
lapis_(fire_emblem),578
see-through_camisole,578
zipper_bikini,578
sleeveless_duster,578
clothes_rack,578
bursting_ass,578
tear_troughs,578
bonfire,578
rune_factory_4,578
wanderjegson,578
shintarou,578
space_station,578
zubat,578
taka_(takahirokun),578
matsuda_yuusuke,578
stalker_(ragnarok_online),578
sananana_(cookie),578
shouji_nigou,578
saru_getchu,578
holding_tanzaku,578
sun_glare,578
nendoroid,578
sky_striker_ace_-_roze,578
shrek_(series),578
holding_bomb,578
archetto_(arknights),577
quattro_bajeena,577
thick_neck,577
nea_(chihuri),577
tro_(trombe),577
kushieda_minori,577
after_cunnilingus,577
servbot_(mega_man),577
mimikaki_(men_bow),577
kamen_rider_01_(series),577
yamabuki_saya,577
mattress,577
katou_danzou_(fate),577
bathroom_scale,577
shoukoujo,577
konpeitou,577
fairy_maid_(touhou),577
makina_nakajima,577
takasugi_shinsuke,577
axel_syrios,577
asymmetrical_jacket,576
henya_the_genius,576
kenmochi_touya_(1st_costume),576
mercedes-benz,576
imaichi,576
gearous,576
chikuma_kai_ni_(kancolle),576
suzumura_sango,576
pravda_(emblem),576
pop_(electromagneticwave),576
phantom_(arknights),576
epiphyllum,576
otomachi_una_(talkex),576
richelieu_(azur_lane),576
striped_pillow,576
shirt_slip,576
pants_under_shorts,576
love_triangle,576
vault_suit,576
sweaty_feet,576
cow_print_sleeves,576
hand_on_own_ankle,576
chimecho,575
ribombee,575
mashle,575
tonomiya68,575
simon_henriksson,575
kamiya_tomoe,575
gender_transitioning,575
playing_card_theme,575
doomguy,575
amagi_hiiro,575
horuhara,575
mahou_shoujo_madoka_magica:_walpurgis_no_kaiten,575
modernia_(nikke),575
zunkome,575
gradient_gloves,575
sazanami_konami,575
kamen_rider_geats_(series),575
sotheby,575
arima_senne,575
grabbing_another's_head,575
do_it_yourself!!,575
aengdohwa,575
buckler,575
monika_weisswind,575
watermelon_print,575
futaki_kanata,575
bodystocking_only,575
seelie_(genshin_impact),575
moral_cacoethes,574
bubble_pipe,574
vertical-striped_gloves,574
mitarashi_dango,574
atahuta,574
juuban_middle_school_uniform,574
flaming_head,574
protagonist_(pso2),574
tegaki_draw_and_tweet,574
alisaie_leveilleur,574
takatisakana,574
pac-man,574
po-ju,574
stargazing,574
holocouncil,574
mappaninatta,574
koizumi_itsuki_(female),574
flying_nimbus,574
gundam_aerial,574
yudepii,574
tonpuu,574
yuuka_nonoko,574
monobe_yuri,574
ushiromiya_lion,574
hatsushimo_kai_ni_(kancolle),574
helloimtea,574
plant_monster,573
morii_shizuki,573
empty_plate,573
imageboard_colors,573
spring_(object),573
giant_brush,573
super_saiyan_3,573
iris_(mega_man),573
ayanami_rei_(cosplay),573
bird_costume,573
enomoto_noa,573
komakoma_(magicaltale),573
komainu,573
suihei_sen,573
shi_chimi,573
miyamori_aoi,573
shirai_yuyu,573
super_soaker,573
nasuno_(nasuno42),573
magical_sapphire,573
suzi_q,573
elan_ceres,573
muntins,573
fanning_crotch,573
sayonara_wo_oshiete,573
ekubo_(mob_psycho_100),573
kkopoli,573
kimura_takahiro,573
iwao178,573
holding_skateboard,573
vertical-striped_scarf,573
tsurusaki_yuu,573
suzuki_(company),572
dobrynya_nikitich_(fate),572
laharl,572
haori_himo,572
corsola,572
holding_screwdriver,572
sankakusui,572
yakihebi,572
kita_senri,572
cupping_hand,572
haruyuki_(gffewuoutgblubh),572
satyr,572
hamster_ears,572
momomiya_ichigo,572
lockheart,572
akagi_towa,572
genetic_(ragnarok_online),572
hector_(fate),572
venera-sama,572
himemiya_tori,572
yukikaze_kai_ni_(kancolle),572
kronie_(ouro_kronii),572
tennis_no_ouji-sama,572
alter_servant,572
paizuri_on_lap,572
ak-12,572
cecil_harvey,572
white_chemise,571
peach_hair_ornament,571
kaomoji,571
h&k_mp7,571
kanzaki_kaori,571
holding_oar,571
kmnz,571
miazi,571
breath_of_fire_iii,571
yamaku_high_school_uniform,571
senbonzakura_(vocaloid),571
hand_under_swimsuit,571
shinozuka_jouji,571
owarimonogatari,571
fengling_(furin-jp),571
medu_(rubish),571
foot_on_another's_face,571
gj-bu,571
shitty_admiral_(phrase),571
floragato,571
test_score,571
f-zero,571
atri,571
aria_(koiiroharemoyou),571
ceruledge,571
loona_(helluva_boss),570
in_locker,570
lumen_(arknights),570
tamamo_cat_(second_ascension)_(fate),570
fujikawa,570
leopard_girl,570
okiraku_nikku,570
noah_(xenoblade),570
lysandre_(pokemon),570
chahan_(fried_rice0614),570
bambietta_basterbine,570
power_pro-kun_pocket,570
shirotategosha,570
kakapomilk,570
cilan_(pokemon),570
shin'you_(kancolle),570
shin_godzilla,570
noya_makoto,570
hugging_another's_tail,570
moriya's_iron_rings,570
noelle_silva,570
ryota_(ry_o_ta),569
todding,569
staff_of_homa_(genshin_impact),569
hestia_(danmachi)_(cosplay),569
cleats,569
pixiv_fantasia_sword_regalia,569
oofushi_ao,569
tamago_(yotsumi_works),569
niina_ryou,569
team_star,569
brown_tunic,569
sword_art_online:_alicization_-_war_of_underworld,569
cure_passion,569
missile228,569
squchan,569
hatsune_mikuo,569
floral_print_sleeves,569
voltron_(series),569
autoarousal,569
rope_around_neck,569
gunslinger_girl,569
half-harpy,569
belly-to-belly,568
nausicaa,568
c_(theta),568
kurata_rine,568
ass_on_glass,568
applying_sunscreen,568
tsukui_kachou,568
antler_ornament,568
haneru,568
kashima_(lawson)_(kancolle),568
mukaido_manaka,568
k/da_all_out_evelynn,568
meecosme,568
jururu,568
yamcha_pose_(meme),568
asia_argento,568
rainbow_print,568
tenako_(mugu77),568
crossed_swords,568
hinata_(swimsuit)_(blue_archive),568
against_table,567
romancing_saga_2,567
kaya_(blue_archive),567
vhs_artifacts,567
fate/extella_link,567
rourou_(been),567
foreclosure_task_force_(blue_archive),567
tsukudani_norio,567
spicy,567
liver_city,567
color_coordination,567
nakayama_miyuki,567
roaring,567
sheep_boy,567
miramikaru_riran,567
cure_berry,567
sophia_(fire_emblem),567
flower-shaped_hair,567
grandfather_and_granddaughter,567
yuugiri_(zombie_land_saga),567
donald_duck,567
eiko_carol,567
rika_(m_k),567
tateha_(marvelous_grace),567
vanity_table,567
shaving,567
apricot_the_lich,566
laserflip,566
scarf_grab,566
sakura_taisen_iii,566
nanase_haruka_(free!),566
final_fantasy_iii,566
ten_desires,566
fuuen_(akagaminanoka),566
mitsumomo_mamu,566
klee_(blossoming_starlight)_(genshin_impact),566
luo_binghe,566
hanomido,566
xiaoxi0619,566
holoadvent,566
abandon_ranka,566
sapphire_(nine),566
shiguma_(signalmass),566
usugumo_(kancolle),566
windsong_(reverse:1999),566
azumaya_haruka,566
ikusaba_daisuke,566
samurai_jacket_(cyberpunk),565
kishimoto_ayase,565
metata,565
child_gilgamesh_(fate),565
craft_lawrence,565
mutsuki_(azur_lane),565
pizza_hut,565
gensou_suikoden_v,565
vei_(vtuber),565
walpurgisnacht_(madoka_magica),565
jill_07km,565
amagi_rinne,565
tsareena,565
tokkyu,565
d_(nikke),565
awkward,565
minami_rena,565
fujibayashi_ryou,565
fran_(ff12),565
chesed_(project_moon),565
ribbon_baton,564
houshou_marine_(businesswoman),564
height_mark,564
vanripper_(style),564
ebenholz_(arknights),564
uu~,564
foaming_at_the_mouth,564
tachi_(weapon),564
san-pon,564
willow,564
huang_lingyin,564
mr.romance,564
moonlight_flower,564
trapinch,564
dumbbell_nan_kilo_moteru?,564
matrix16,564
anchorage_(azur_lane),564
salamence,564
backless_pants,564
oosaka_kanagawa,564
dp-12_(girls'_frontline),564
fluffydango,564
gingham_apron,564
atelier_rorona,563
likunea,563
hula_hoop,563
duskull,563
elysia_(summer_miss_elf)_(honkai_impact),563
frilled_nightgown,563
watson_amelia_(street_casual),563
demonbane,563
hanazono_tae,563
crayon_drawing,563
btmr_game,563
ree_(re-19),563
palla_(fire_emblem),563
ryo_(botugo),563
nexon,563
ratatatat74,563
gentilhomme_usher,563
zenobia_(fate),563
hades_2,562
implied_prostitution,562
yesod_(project_moon),562
makoto_(genshin_impact),562
captain_spaceboy,562
yu-gi-oh!_sevens,562
oryou_(girls_und_panzer),562
mirai_hikari,562
veronica_(fire_emblem),562
tamamura_gunzo,562
high_heel_slides,562
mleth,562
yajuu,562
kayabakoro,562
grea_(shingeki_no_bahamut),562
difman,562
blue_swim_trunks,562
team_magma_uniform,562
kaos_art,562
nakamura_takeshi,562
condom_thigh_strap,561
meiou_setsuna,561
robe_partially_removed,561
sig_p220/p226,561
hardboiled_egg,561
hendra,561
kuroi_susumu,561
stealth_masturbation,561
lara_croft,561
katagiri_hachigou,561
madcocoon,561
the_shining,561
ouno_(nounai_disintegration),561
shamakho,561
ajishio,561
four_goddesses_online:_cyber_dimension_neptune,561
super_sailor_moon,561
four_of_a_kind_(touhou),561
kasugai_(de-tteiu),561
apron_hold,561
aomine_daiki,561
takano_miyo,561
colored_penis,560
armored_legwear,560
akebi-chan_no_serafuku,560
yumekui_merry,560
cinnabar_(houseki_no_kuni),560
kamisaki_hikaru,560
spongebob_squarepants,560
sawao,560
rabbit_platoon_(blue_archive),560
plasma-chan_(kancolle),560
sakura_yuki_(clochette),560
aak_(arknights),560
batta_(ijigen_debris),560
rento_(rukeai),560
sadamoto_yoshiyuki,560
valkyrie_(apex_legends),560
ramkilog,560
suruga_(xsurugax),560
cure_muse_(yellow),560
nier_(granblue_fantasy),560
kantai_collection_(anime),560
pal_(creature),560
zoids_genesis,560
brown_armor,560
bread_bun,560
mutsuki_(new_year)_(blue_archive),560
mushroom_hat,560
vaggie,559
guile,559
eisu_(eith),559
salmonid,559
louie_(pikmin),559
abigail_williams_(swimsuit_foreigner)_(first_ascension)_(fate),559
cure_butterfly,559
ookurikara,559
alterkyon,559
partially_opaque_glasses,559
mimi_(princess_connect!),559
scarlet_(wv0102),559
shoujo_ramune,559
purple_hands,559
bamboo_fence,559
prince_of_samantoria,559
surprised_arms,559
makai_senki_disgaea_3,559
oda_non,559
fried_egg_on_toast,559
rnna,559
chinese_bellflower,559
miriam_(pokemon),559
huyan_zhuo_(fate),558
nyon_(randal's_friends),558
arcee,558
hair_over_mouth,558
kukumomo,558
sword_art_online_alternative:_gun_gale_online,558
shiranui_mai_(cosplay),558
dora_ita,558
astra_militarum,558
yuizaki_kazuya,558
nami_junior_high_school_uniform,558
gooey_(kirby),558
tanline_peek,558
ham_(points),558
coa_(chroo_x),558
nyama,558
grey_leg_warmers,557
extra_hands,557
walkman,557
mikura_(kancolle),557
moroboshi_ataru,557
tamaki_ui,557
rifle_cartridge,557
quintuplets,557
bucket_of_water,557
yumiya,557
hanabusaoekaki,557
crab_claw,557
achiga_school_uniform,557
starly,557
baku-p,557
alcremie_(vanilla_cream),557
otosama,557
dayama,557
shigatake,557
tossing,557
hagure_kedama,557
sajou_ayaka_(fate/strange_fake),557
yana_(nekoarashi),557
alisa_reinford,557
nightwing,557
big_hero_6,557
lotte_jansson,556
foreskin_insertion,556
cocktail_umbrella,556
headbutt,556
orange_sports_bra,556
on_branch,556
purple_bridal_gauntlets,556
long_sword,556
sakurada_shiro_(hy_plus),556
gothic_architecture,556
craft_essence_(fate),556
stake,556
oversized_jacket,556
saramiao-chan,556
saraki,556
tachibana_miya,556
fushigi_na_neko_no_machi_meltier,556
amikoiiko,556
tenma_maemi,556
star_pendant,556
ukagaka,556
tukino_neru,556
bucket_on_head,556
wing_cape,556
bmw,556
iwamoto_eiri,556
shirogane_noel_(summer_2020),556
suke_(singekijyosei),556
tool_belt,556
mujinbensin,556
randomboobguy,556
censored_anus,556
rodong8,556
rhinoceros_beetle,556
yae_(mono110),556
wild_arms_1,556
capriccyo,556
toy_car,555
meowfficer_(azur_lane),555
akaneya,555
ryoma_(fire_emblem),555
beeswax_(arknights),555
mobu,555
multicolored_socks,555
gradient_thighhighs,555
moonlight_0423,555
hinatsuki_mikan,555
negresco,555
kyuuba_melo,555
tomokichi,555
hummy_(precure),555
henshako,555
pixiv_fantasia_new_world,555
towel_on_one_shoulder,555
mogu_(au1127),555
eye_of_providence,555
coral_hair_ornament,554
shyrei_faolan,554
green_hands,554
crosier,554
o-ring_dress,554
torn_capelet,554
dusk_(everything_is_a_miracle)_(arknights),554
lumo_1121,554
takahero,554
dismaiden,554
jigsaw_puzzle,554
warspite_(azur_lane),554
himiko_(fate),554
sameha_ikuya,554
holding_drinking_straw,554
kurumi_(touhou),554
otome_game_no_hametsu_flag_shika_nai_akuyaku_reijou_ni_tensei_shite_shimatta,554
sakurai_touko,554
hosizora_mikoto,554
thigh_sheath,554
makoto_(princess_connect!),554
gundam_perfect_file,554
single_wide_sleeve,554
sashimi,554
tifa_lockhart_(refined_dress),553
pokemon_champions,553
holding_cannon,553
giovanni_(pokemon),553
itinana,553
person_between_breasts,553
jellyfish_(splatoon),553
sunna_(nilsunna),553
two-tone_leggings,553
amamiya_hibiya,553
fox_hat,553
task_(s_task80),553
expressive_tail,553
ooji_mochizou,553
bruise_on_leg,553
stomach_punch,553
alakoala,553
grandfather_clock,553
yoshizawa_tsubaki,553
torn_bra,553
in_bottle,552
koala,552
holding_golf_club,552
no,552
hioyami,552
elaine_auclair,552
modeling,552
shower_curtain,552
scary_monsters_(stand),552
hishi_akebono_(umamusume),552
muffet,552
kenny_mccormick,552
brown_scrunchie,552
krile_mayer_baldesion_(ff5),552
fruit_tart,552
arc_the_lad_ii,552
yan_vismok,552
cure_rosetta,552
kerorira,552
mizuki_maya,552
matsuoka_miu,551
tarakanovich,551
solokitsune,551
land_(sousou_no_frieren),551
my_adventures_with_superman,551
luminous_witches,551
knee_armor,551
red_garter_straps,551
waiting,551
kageyama_ritsu,551
chain_paradox,551
chups,551
hori-san_to_miyamura-kun,551
nishizono_mio,551
e.c.ho,551
kurashima_tomoyasu,551
cure_beat,551
gypsy_(ragnarok_online),551
mint_blancmanche,551
ikura_(food),551
oberon_(first_ascension)_(fate),551
protagonist_2_(housamo),551
eye_pop,551
daive,551
peacock,551
myama,551
iwasaki_minami,551
gar32,551
nekomata_naomi,551
tatsunami_shion,551
boxing_shorts,551
kageyama_tobio,550
long_nipples,550
shaka_sign,550
held_down,550
demizu_posuka,550
metal_belt,550
ermes_costello,550
6koma,550
tio_plato,550
meiji_ken,550
hamaken._(novelize),550
dragunov_svd,550
segami_daisuke,550
ugatsu_matsuki,550
suou_pavlichenko,550
bankai,550
bondage_mittens,550
ogipote,550
spiral_staircase,550
tokita_(jyabarachan),550
riding_bicycle,550
re:shimashima,550
guriguri_(arayotto4351),550
kurotama,550
puchiman,550
kim_possible_(series),550
yoban,550
norza,549
bruise_on_arm,549
bisected,549
wolf_hood,549
takanashi_kiara_(fever_night),549
kore_wa_zombie_desu_ka?,549
douma_(kimetsu_no_yaiba),549
aqua_rose,549
feguimel,549
stuffed_carrot,549
toy_gun,549
poinsettia,549
shinkai_kanata,549
virgilia_(umineko),549
pangu_terminal_(wuthering_waves),549
sengoku_rance,549
amemiya_darumi,549
jiji_(aardvark),549
tokiani,549
tsubasa_tsubasa,549
koume_keito,549
shirakiin_ririchiyo,549
evangeline_a.k._mcdowell,549
yui_(sao),549
armillary_sphere,549
amiya_(guard)_(arknights),548
paint_roller,548
school_girl_strikers,548
standing_on_object,548
blazpu,548
shuten_douji_(halloween_caster)_(fate),548
poyo_(hellmayuge),548
large_bulge,548
tropical,548
yamasan,548
shiokonbu,548
bokujou_monogatari,548
mugita_konomi,548
kuga_tsuniya,548
sazaki_kaoruko,548
melone,548
reona_west,548
fujimaru_ritsuka_(female)_(brilliant_summer),548
firefighter_jacket,548
hayashio_(kancolle),548
angel_dust,548
ellen_(touhou),548
shennai_misha,548
h&k_g11,548
nishikata,548
breast_mousepad,548
kujou_miyako,547
tyako_089,547
rabbit_mask,547
blizzard,547
fujiwara_hajime,547
team_aqua,547
bust_chart,547
slime_boy,547
masoq,547
yotsuyu_goe_brutus,547
ushio_kai_ni_(kancolle),547
isshiki_akane,547
takaishi_takeru,547
ittla,547
on_ball,547
hayashi_kewi,547
miwano_rag,547
princess_of_the_crystal,547
zeraora,547
lockon_stratos,547
eagle_union_(emblem),547
teddiursa,547
akisora,547
cupping_glass,547
final_fantasy_i,546
suna_no_wakusei_(vocaloid),546
yan_kodiac,546
too_many_bows,546
fender_jazzmaster,546
spider-man_(2099),546
natsu_dragneel,546
black_mittens,546
tokiha_mai,546
feather_fan,546
luger_p08,546
witch_(puyopuyo),546
hidden_camera,546
mineta_minoru,546
sceptile,546
konshin,546
roserade,546
kakao_(chocolate_land),546
nikichen,546
nudist_beach_uniform,546
curakuru,546
yachima_tana,546
jingburger,546
robert_e._o._speedwagon,546
yu-gi-oh!_go_rush!!,546
read_or_die,546
arm_wrestling,546
shadow_puppet,546
detonator,546
zd_(pixiv6210083),546
wringing_skirt,546
eri_(boku_no_hero_academia),546
sleeping_animal,545
anatomical_nonsense,545
the_simpsons,545
con_potata,545
forbidden_scrollery,545
the_lord_of_the_rings,545
hijiri_(resetter),545
takitarou,545
kujou_ichiso,545
lit_fuse,545
dorontabi,545
gunpod,545
inflatable_orca,545
snuffy_(vtuber),544
raw_meat,544
barrett_m82,544
caulifla,544
symphogear_pendant,544
shikei,544
lace-trimmed_garter_belt,544
bilibili_username,544
enma_(enmanuelart),544
mademoiselle_crabaletta,544
donmin_h,544
risui_(suzu_rks),544
kamen_rider_kuuga_(series),544
flying_whale,544
transgender_flag,544
nekobaka,544
yuumei,544
chinomaron,544
sugimotty_nova,544
siirakannu,544
american_beaver_(kemono_friends),544
kibihimi,544
aqua_eyeshadow,544
deoxys,544
senran_kagura_estival_versus,544
energy_arrow,544
netorase,544
dancer_(final_fantasy),543
lloyd_irving,543
light_and_night_love,543
tatsugiri_(curly),543
stan_marsh,543
easy_chair,543
sakimiya_iruka,543
poliwag,543
age_of_ishtaria,543
palette_swap,543
akou_roushi,543
nichika_(nitikapo),543
arm_over_shoulder,543
yujup,543
niimi_sora,543
shin_strap,543
human_toilet,543
an-94,543
unicorn_gundam,543
ansel_(arknights),542
reno_(ff7),542
shidou_hikaru,542
shinkon_santaku,542
bamboo_screen,542
dog_hood,542
mechanical_buddy_universe,542
indonesian_text,542
d;,542
unworn_belt,542
hirato_(kancolle),542
fiora_(xenoblade),542
panqlao,542
tsuzuri_(tuzuri),542
plank,542
rucchiifu,542
quilava,542
playing_drums,542
lambda-11,542
sempon_(doppio_note),542
kiryu_coco_(loungewear),542
ima-no-tsurugi,542
kohaku_(dr._stone),542
sarashina_ruka,542
ephraim_(fire_emblem),542
hands_in_another's_hair,542
star_censor,542
nier_(brother),542
otaku_room,542
shougun_(chuckni1),542
open_cloak,542
dominator_(bdsm),542
selcky,542
thumbprint_cookie,542
pet_walking,541
loading_screen,541
cid_highwind,541
nero_claudius_(swimsuit_caster)_(third_ascension)_(fate),541
sig_mcx,541
suwa_yasai,541
asymmetrical_eyewear,541
arjuna_alter_(fate),541
holy_grail_(fate),541
small_stellated_dodecahedron,541
tootsuki_saryou_ryouri_gakuen_uniform,541
naso4,541
marius_von_hagen_(tears_of_themis),541
aircraft_carrier_oni,541
voltron:_legendary_defender,541
fuchi_(nightmare),541
kimono_dress,541
hasumi_souji_(eroe),541
polka_dot_necktie,541
jelly_bean,541
pettan_p,541
inuno_rakugaki,541
exs-tia_magica,541
book_on_head,541
crystal_shards,540
brief_(psg),540
greenopi,540
coconut_cup,540
tight_top,540
bunk_bed,540
reina_prowler,540
mist_(fire_emblem),540
transparent_bag,540
teaching,540
too_many_sex_toys,540
tamatsukuri_misumaru,540
sea_slug_girl,540
tenkuu_no_shiro_laputa,540
gold_halo,540
rotom_dex,540
ji_no,540
dakku_(ogitsune),540
black_thong,540
tsukumiya_amane,540
school_swimsuit_flap,540
ormille,540
yakuza,540
tenjin_hidetaka,540
hazama,540
dragonfly_wings,540
exif_rotation,540
orange_feathers,540
slav_squatting,540
sei_shoujo,540
blacksaikou,540
stack,540
pizza_(pizzania_company),540
sugar_sugar_rune,539
kodomo_no_hi,539
implied_handjob,539
suzuran_(yukibare)_(arknights),539
koshimizu_toru,539
banana_boat,539
niwaikanai,539
maze_(gochama_ze_gohan),539
chrome_dokuro,539
stalking,539
fenyon,539
prism_project,539
kyu-kurarin_(cevio),539
affectionate_harem,539
asa_no_ha_(awayuki),539
gaze_on_me!_outfit_(umamusume),539
haruakira,539
kirisaki_chitoge,539
suplex,539
archie_(pokemon),539
yuuki_rito,539
southern_italy_(hetalia),539
7saki,539
idw_(girls'_frontline),539
daybit_sem_void,539
sinon_(sao-alo),539
akademiya_uniform,538
aqua_cardigan,538
rapunzel_(disney),538
caleb_(love_and_deepspace),538
anchor_hat_ornament,538
otonari_no_tenshi-sama_ni_itsu_no_mani_ka_dame_ningen_ni_sarete_ita_ken,538
easonx,538
grey_trim,538
striped_suit,538
megami_tensei,538
miles_morales,538
pages,538
yuuki_tatsuya,538
tsubasa_(abchipika),538
akashieru,538
enjo_kouhai,538
bailu_(honkai:_star_rail),538
mori_calliope_(sleepwear),538
aihara-rina,538
nakamura_hinato,538
okumura_rin,538
chinchou,538
elize_lutus,538
power_bottom,538
sen_no_kiseki_ii,537
tenugui,537
yamanokami_eaka,537
cubone,537
horse_dildo,537
romeo_to_cinderella_(vocaloid),537
luminous_slime,537
holding_goggles,537
klaius,537
print_coat,537
iroyopon,537
sasamori_tomoe,537
azuuru,537
ken_(koala),537
sakayama_shinta,537
hoshimiya_aki,537
ramanda,537
surfacedxxc,537
qin_liangyu_(fate),537
ichijou_hotaru,537
stew,537
haruhara_haruko,537
print_tank_top,537
menyoujan,537
mustard,537
sesield,537
tactical_surface_fighter,537
fire_keeper,537
crime_prevention_buzzer_threat,537
bow_camisole,537
tassel_choker,536
kyaku_tasu,536
tama_launcher,536
fairy_miku_(project_voltage),536
hoto_cocoa's_school_uniform,536
nakatsu_shizuru,536
yoake_mae_yori_ruri_iro_na,536
frilled_corset,536
lilith_(hazbin_hotel),536
blue_mary,536
hand_on_window,536
lantern_festival,536
trefle_r,536
clothed_bath,536
playing_card_(medium),536
beifeng_han,536
offbeat,536
harunoha,536
airi_(queen's_blade),536
yukiwo,536
makihitsuji,536
dorothy_west,536
silvers_rayleigh,536
catwoman,536
mma_gloves,536
mini_flag,536
panda_costume,536
robot_dog,535
sawatari_makoto,535
cutoff_jeans,535
sapphira_nyx,535
momijiyama_teru,535
prince_of_wales_(azur_lane),535
aoqun,535
k/da_akali,535
yuubari_kai_ni_(kancolle),535
listen!!,535
grim_aloe,535
abyssal_admiral_(kancolle),535
da_capo_ii,535
hoozuki_(hoozuki_no_reitetsu),535
barbarian_tk,535
sage_joh,535
shinguuji_sakura,535
naked_suspenders,535
butter-t,535
beaver_ears,535
ebisuzawa_kurumi,535
stifled_laugh,535
swaddled,535
flannel,535
shotadom,534
atelier_meruru,534
no_heterochromia,534
arim0k0,534
grappler_baki,534
tying_footwear,534
ornate,534
voicepeak,534
hungry_nun_(diva),534
game_boy_advance,534
koretsuki_azuma,534
nakamura_yukitoshi,534
shino_hajime,534
miyama-zero,534
oneshot_(game),534
comiket_99,534
compression_sleeve,534
elizabeth_liones,534
toxtricity,534
ryunosuke_naruhodo,534
grief_seed,534
chest_fur,534
kaminagi_(kaminagi-tei),534
komori_kiri,534
carnival_phantasm,534
ouran_high_school_host_club,534
tsurusaki_takahiro,534
wahiko_(black_bastard),534
spoken_skull,534
teruki_kuma,534
kuroi_(liar-player),534
rena_lanford,533
guan_dao,533
sonic_the_hedgehog_(idw),533
jahy-sama_wa_kujikenai!,533
latex_dress,533
tougou_mimori,533
the_only_shoe,533
sketching,533
genek,533
rabbit_vibrator,533
rotated,533
biyon,533
night_sparrow_love,533
kagura_(azumanga_daioh),533
kotoribako,533
hazuki_(nyorosuke),533
kagurazaka_asuna,533
mount_lady,533
seele_vollerei_(starchasm_nyx),533
through_window,533
katsushika_hokusai_(swimsuit_saber)_(fate),533
nannung,533
muku_jirushi,533
black_jack_(character),533
ichihime,533
raikou,533
makigai,533
mumu_(mumunyan),533
tifa_lockhart_(shining_spirit),532
alternate_footwear,532
yarai_miu,532
moon_print,532
inaba_mob_(touhou),532
astaroth_(shinrabanshou),532
blaidd_the_half-wolf,532
saegusa_akina,532
baobhan_sith_(swimsuit_pretender)_(third_ascension)_(fate),532
fish_skeleton_hair_ornament,532
tusia,532
kutone_shirika,532
chima_q,532
manino_(mofuritaionaka),532
shuu_(inazuma_eleven),532
jndfh,532
nyoro_(nyoronyoro000),532
mitsu_(mitsu_art),532
mina_(blue_archive),532
yunkaiming,532
chomikuplus,532
ooarai_naval_school_uniform,532
ruru_amour,532
airport,532
asami_sato,532
sano_manjirou,531
ukraine,531
kurumi_(lycoris_recoil),531
ookuma_nekosuke,531
pokedex,531
evil_twin_ki-sikil,531
takino_tomo,531
the_lego_group,531
yuano,531
slides,531
character_snowman,531
roulette_table,531
team_galactic,531
chloe_(fire_emblem),531
scarecrow,531
shin'ya_(shin'yanchi),531
kawashima_mizuki,531
isekai_maou_to_shoukan_shoujo_no_dorei_majutsu,531
dog_(mixed_breed)_(kemono_friends),531
hashira_14,531
gorgeous_mushroom,531
mine_fujiko,531
headshop,531
frilled_boots,531
sono_midoriko,531
popopoka,531
e_volution,531
ukokkei,531
holding_crayon,531
langbazi,530
koharu2.5,530
bitten_apple,530
7th_dragon_2020,530
wet_thighhighs,530
milliani,530
cure_nyammy,530
tosaki_mimi,530
ryu_lion,530
koh_(minagi_kou),530
kissing_hair,530
hero's_daughter_(dq5),530
wing_print,530
red_claws,530
cosplay_request,530
tales_of_destiny_2,530
sunaba_(nczd5875),530
cessa,530
boshi_(a-ieba),530
sakuraba_hikaru_(loveindog),530
tsurugi_kyousuke,530
portable_stove,530
lk149,530
hair_around_ear,530
kirigakure_(kirigakure_tantei_jimusho),530
huyandere,530
goki_buri,530
chanchanko_(clothes),530
manaphy,530
daichi_(tokoya),530
alpaca_tail,530
bear_paws,530
sunaba_suzume,530
ryuuxin,530
yaranaika,530
power_item_(touhou),530
idolmaster_shiny_colors_song_for_prism,529
hatenna,529
marching_band,529
tooth_gap,529
crossbody_bag,529
hamada_yoshikazu,529
stutter,529
cardboard,529
ohgi910,529
mito_(go!go!king!),529
togame_momoko,529
yellow_moon,529
himadera,529
fine_(futagohime),529
koya_(koya_x_00),529
audino,529
chigasaki_yukari,529
yana_(chihuri),529
tomozero,529
giratina_(altered),529
ruton-niki,529
ageplay,529
symmetrical_hand_pose,529
pink_pillow,529
ace_trappola,529
kimishima_ao,529
kurasuke,529
anatomy,529
kuze_shizuka,529
finn_the_human,529
fur-trimmed_mittens,529
a_channel,529
mario_(cosplay),529
boruto:_two_blue_vortex,529
heidimarie_w._schnaufer,529
osananajimi_neko,529
dunkerque_(azur_lane),529
sweater_tug,529
gradient_shirt,529
core_(mayomayo),528
ratna_petit,528
mabing,528
agent_(girls'_frontline),528
bunny_garden,528
florence_nightingale_(fate)_(cosplay),528
wednesday_addams,528
magyo,528
mitsuki_felicia,528
whisper_(youkai_watch),528
jigatei_(omijin),528
gold_teeth,528
loliconder,528
too_many_hair_ornaments,528
kanzaki_hiro,528
marijuana,528
iris_(konosuba),528
tsuno_no_hito,528
ninoko,527
footjob_over_clothes,527
ponponmaru,527
udagawa_ako,527
sarukana,527
koga_koharu,527
kotobukiya_bishoujo,527
extra_digits,527
sunken_fossil_world,527
merchant_(ragnarok_online),527
mario_tennis,527
parari_(parari000),527
kuroinu_~kedakaki_seijo_wa_hakudaku_ni_somaru~,527
doukyuusei,527
yuusha_ou_gaogaigar,527
chansey,527
omochi_(mochi_skymega),527
ump40_(girls'_frontline),527
pirate_ship,527
zirba,527
jony_(avion_mura),527
jema,527
yoshioka_yoshiko,527
aegir_(housamo),527
pop_filter,527
carhop,526
white_len_(tsukihime),526
meruccubus_(merunyaa),526
fart,526
holding_wreath,526
t2ukmyjm,526
aang,526
hanpetos,526
two-tone_bra,526
kuboken,526
rasukaru,526
skull_choker,526
jasmine_(disney),526
danna_ga_nani_wo_itte_iru_ka_wakaranai_ken,526
shiina_mahiru_(otonari_no_tenshi-sama),526
money_bag,526
yoruny,526
scimitar,526
kokuzou,526
takane_manaka,526
kuja,526
wigglytuff,525
sewing_pin,525
takemaru_(housamo),525
nai_ga,525
neropaso,525
nyen_(randal's_friends),525
weapon_name,525
on_cloud,525
imazon,525
cyancapsule,525
sweater_around_neck,525
hasshaku-sama,525
aomi_riru,525
wsman,525
fukuda_tomonori,525
mdf_an,525
mirai_(senran_kagura),525
yamanouchi_kano,525
kamen_rider_fourze_(series),525
webbed_feet,525
hazmat_suit,525
spoken_symbol,525
mac_star,525
letdie1414,525
.hack//g.u.,525
k0ng,525
suzutsuki_kurara,525
matara_kan,525
netsu_ijou_(utau),525
optical_illusion,525
gigantic_testicles,524
magister,524
horns_through_hood,524
argyle_bow,524
megateru,524
itsuka_neru,524
wang_(arknights),524
choujigen_game_neptune_mk2,524
tsuki_tokage,524
gorgon_(fate),524
piyodesu,524
metaljelly,524
matemi,524
kongou_(aoki_hagane_no_arpeggio),524
erkaz,524
arthur_ko,524
wimple,524
medaka_box,524
kurone_rinka,524
suiren_yurei,524
crash_bandicoot_(series),524
colo_(nagrolaz),524
magic_trick,524
gouta_(nagishiro6624),524
ukuru_(kancolle),524
taxi,524
suspenders_gap,524
imminent_paizuri,524
blister_pack,523
burp,523
mcpc_zamurai,523
teabag,523
sandogasa,523
alexmaster,523
unworn_kimono,523
pokachu,523
breakfast,523
dire_wolf_(kemono_friends),523
norizou_type-r,523
parasite,523
roswell_ss,523
silver_tiara,523
yumaru_(marumarumaru),523
europa_(granblue_fantasy),523
execution,523
akikawa_yayoi_(umamusume),523
sh_(shinh),523
m16a1_(boss)_(girls'_frontline),523
power-up,523
recycle_bin,523
dies_irae,523
keuma,523
chueog,523
quilted_clothes,523
galarian_ponyta,522
diamond_print,522
ruru_(rurumagi),522
psychedelic,522
checkered_bowtie,522
billiards,522
sumire_(blue_archive),522
sakizaki_saki-p,522
eliwood_(fire_emblem),522
fushimi_gaku,522
hazakura_hinata,522
victory_pose,522
lethe_(fire_emblem),522
takemura_sessyu,522
gazebo,522
sharpedo,522
megadeko,522
yani_neko,522
scarlet_witch,522
f.s.,522
mooncake,522
seiyouryuu-san,522
tiphereth_a_(project_moon),522
yuzuno_nana,522
yoshida_hideyuki,522
naegi_(naegidokoro),522
fruit_tree,522
luther_von_ivory,522
pink_jumpsuit,522
kippu,522
k2_(girls'_frontline),522
ume_(plumblossom),522
two-handed_sword,522
dress_aside,522
ganyu_(twilight_blossom)_(genshin_impact),522
covering_own_face,522
ribbed_panties,522
rattata,521
wolf_o'donnell,521
multiple_vaginal,521
kishido_temma,521
sakura_haruka_(wind_breaker),521
super_heroine_boy,521
national_shin_ooshima_school_uniform,521
selen_tatsuki_(1st_costume),521
negi_(ulog'be),521
ribboned_xiao_guan,521
ameto_yuki,521
naozuri,521
fur-trimmed_armor,521
ikuhashi_muiko,521
deego_(omochi_bazooka),521
black-tailed_prairie_dog_(kemono_friends),521
planter,521
lion_dance,521
inishie_kumo,521
beanstalk_(arknights),521
ex-rumia,521
underbarrel_grenade_launcher,521
hololive_fantasy,521
master_spark,521
shirocha_tei,521
oldest_dream,520
holding_spork,520
kfp_employee_(takanashi_kiara),520
holding_lyre,520
ooyun,520
rance_x,520
t-back,520
arm_scarf,520
wishiwashi_(solo),520
muu_(mumumer),520
nathaniel_pennel,520
okuda_yasuhiro,520
sakuramochi_(sakura_frappe),520
swampert,520
hikage_eiji,520
kiawe_(pokemon),520
hanamichi_ran,520
green_apple,520
girls_und_panzer_saishuushou,520
nino_(fire_emblem),520
pepper0,520
saigyouji_yuyuko's_fan_design,520
sakanaya_(sakanaya952),520
rusty_trombone,520
landing,520
doroshe_(sdpw8474),520
elie_macdowell,520
kutabireta_neko,520
messmer_the_impaler,520
artoria_caster_(first_ascension)_(fate),520
kawacy,520
guilegaze,520
nodding,520
crazy_raccoon,519
pallas_(arknights),519
holding_collar,519
waltrud_krupinski,519
chloe_(pokemon),519
traumatized,519
deku_suke,519
yorktown_(azur_lane),519
silver_(chenwen),519
minarai,519
blue_oath,519
naoki_(2rzmcaizerails6),519
tatebayashi_sakurako,519
goshiki_agiri,519
scarle_yonaguni,519
himeragi_yukina,519
ks_(xephyrks),519
omamori_himari,519
eruruu,519
ken_(coffee_michikusa),519
i-47_(kancolle),519
wata_(attaka_towel),519
sitonai_(fate),519
friday_the_13th,519
sonia_strumm_(mega_man),518
impasto,518
inker_comics,518
dogs_(dlrkdejr26),518
rohitsuka,518
tategami_aoi,518
akagi_(fmttps),518
kiira,518
wakamatsu372,518
huai_yunqing,518
blue_rose_(tiger_&_bunny),518
ceres_fauna_(goth),518
senri_tsurubami,518
necro_(guilty_gear),518
bb_(swimsuit_mooncancer)_(first_ascension)_(fate),518
death_note_(object),518
iida_tenya,518
pokemon_on_arm,518
nashidrop,518
chaise_longue,518
jedi,518
pig_nose,518
red_flag,517
tadano_hitohito,517
mura_karuki,517
3d_glasses,517
print_vest,517
inflatable_dolphin,517
pantsu-ripper,517
min_(myna8247),517
vietnamese_commentary,517
red_lightsaber,517
blue_light,517
playing_bass_guitar,517
ringsel,517
pot-de,517
softboiled_egg,517
reien_girl's_academy_school_uniform,517
jun_(aousa0328),517
blacksmith_(ragnarok_online),517
senmu_(0107),517
valkyrie_drive_-mermaid-,517
ostrich,517
3_small_spiders,517
amonitto,517
mabel_pines,517
yamiochi_umekichi,517
hiodoshi_ao_(1st_costume),517
articuno,517
fallout:_new_vegas,517
baizhu_(genshin_impact),517
qifrey_(tongari_boushi_no_atelier),516
white_male_swimwear,516
komatsuzaki_rui_(style),516
josuiji_shinri,516
riding_dragon,516
german_commentary,516
matoi_ryuuko_(cosplay),516
after_war_gundam_x,516
niiya,516
baba_arumi,516
dragon_quest_dai_no_daibouken,516
brighid_(xenoblade),516
akatsuki_akane,516
paprika_private_academy_school_uniform,516
marumoru,516
heart_arms_duo,516
nena_trinity,516
surtr_(liberte_echec)_(arknights),516
cerberus,516
sherlock_holmes_(fate),516
shiitake_taishi,516
fender_precision_bass,516
multicolored_capelet,516
limgae,515
seras_victoria,515
ladybug_ornament,515
kitaku_(nakamachi_machi),515
silver_bikini,515
hippopotamus_ears,515
putting_on_jewelry,515
sakurai_makoto_(custom_size),515
syunzou,515
dantewontdie,515
five-seven_(girls'_frontline),515
kid_(chrono_cross),515
frontbend,515
toon_zelda,515
criss-cross_strings,515
flipper,515
sankuro_(agoitei),515
grid_print,515
alternative_girls,515
celtic_knot,515
k_mugura,515
paldean_wooper,515
sawada_yuusuke,515
soulcalibur_iv,515
recycling_symbol,515
ana_(overwatch),515
takeda_hiromitsu,515
checkered_bikini,515
sampo_koski,515
sheep_nun_(diva),515
snowflake_earrings,515
tsubaki_(guide)_(blue_archive),515
kanan-sama_wa_akumade_choroi,515
drainpipe,515
kiryuu_moeka,514
punishment,514
gan-chan_(artist),514
striped_apron,514
nick_wilde,514
tarutaru,514
suou_(blue_archive),514
giant_snake,514
frankie_foster,514
kakone,514
torichamaru,514
rope_marks,514
barghest_(second_ascension)_(fate),514
midnight_(banyex),514
ogre,514
stuffed_dinosaur,514
face_filter,514
kokihanada,514
phoenix_wright:_ace_attorney_-_trials_and_tribulations,514
mao_lian_(nekokao),514
pikaole,514
rfb_(girls'_frontline),514
power_fist,514
mitsugu,514
atte_nanakusa,514
star_cutout,514
annytf,514
holding_with_chopsticks,514
qifrey's_atelier_apprentice_uniform,514
hair_tattoo,513
lobotomy_corporation_(identity)_(project_moon),513
holding_rattle,513
ama_usa_an_uniform,513
toque_blanche,513
lapis_lazuli_(houseki_no_kuni),513
zoya_petrovna_vecheslova,513
maid_cafe,513
crona_(soul_eater),513
kinako_(40hara),513
houzuki_(hotondo),513
antonio_lopez,513
akai_haato_(gothic_lolita),513
allen_avadonia,513
ghiaccio,513
abo_(hechouchou),513
devil_survivor_2,513
tales_weaver,513
asumi_sena,513
kuppipi_ramutarou,513
night_elf_(warcraft),513
ning_hai_(azur_lane),513
gol_d._roger,513
torn_ribbon,513
gingham_background,513
omegamon,513
glasses_nun_(diva),513
kenjou_akira,513
grey_mask,512
black-haired_demon_girl_(shimmer),512
princess_leia,512
classic_sonic,512
tenshouin_eichi,512
kani_bonara,512
arena_(company),512
shokuyou_mogura,512
munna,512
hachiko_(hati12),512
softmode,512
diforland,512
vanripper,512
roxanne_(pokemon),512
macross:_do_you_remember_love?,512
morpeko_(hangry),512
miyamoto_issa,512
monster_musume_td,512
hisuian_zoroark,512
soundwave_(transformers),512
top_wo_nerae_2!,512
guan_hat,512
white_raincoat,512
hand_under_skirt,512
pink_mask,512
tapir,512
nakiri_ayame_(streetwear),512
ariga_hitoshi,512
tostantan,512
kouyouen_academy_school_uniform,512
meika_hime,512
frog_boy,511
sunday_silence_(racehorse),511
applying_manicure,511
wrapped_bento,511
kusanagi_kyou,511
tehepero,511
sonic_frontiers,511
shigure_ryuunosuke,511
very_big_eyes,511
warframe,511
disgaea_rpg,511
mikage_reo,511
gengorou,511
sarukaiwolf,511
gold_saint,511
uzumaki_himawari,511
coronavirus_pandemic,511
reeh_(yukuri130),511
sasaki_kojirou_(fate),511
jagaimo_(kkamja),511
mashiro_aa,511
dobermann,511
taiwan_(hetalia),511
head_on_ass,511
nathan_seymour,511
single_handcuff,511
guchico,511
aircraft_carrier_princess,511
nakagawa_nana,511
asta_(honkai:_star_rail),511
oiled,511
rekaerb_maerd,511
16personalities,511
black_bloomers,511
butterfly_choker,511
endou_saya,511
see-through_pants,511
light_in_heart,510
nishijou_nanami,510
yamato_kai_ni_(kancolle),510
damda,510
ankle_scrunchie,510
initial_d,510
tiffania_westwood,510
radish_p,510
multicolored_panties,510
lifeline_(apex_legends),510
aroma_sensei,510
spider_tattoo,510
holding_candy_cane,510
chevalier_d'eon_(fate),510
apios,510
nephlite,510
lzh,510
tanihara_natsuki,510
nukotun,510
heattech_leotard,510
rags,510
yuu_(higashi_no_penguin),510
firefly,510
caisena,510
navy_(navy.blue),510
toudori,510
meridian_project,510
steel_ball_(jojo),510
kirara_fantasia,510
azula,510
testa,510
iroiro_yaru_hito,510
raiden_(metal_gear),510
tsukuyomi_ai,510
hamidashi_creative,510
tft_(tft7822),509
plaid_collar,509
grand_theft_auto_vi,509
kamen_rider_(1st_series),509
wada_kazu,509
two-sided_sleeves,509
voyager_(fate),509
sabamen,509
sakurai_rihoko,509
holding_flamethrower,509
one_piece_treasure_cruise,509
valley,509
makacoon,509
mightyena,509
einhard_stratos,509
mano_aloe,509
one_finger_selfie_challenge_(meme),509
matou_shinji,509
shiki_(senran_kagura),509
american_mcgee's_alice,509
kise_ryouta,509
adjusting_shoe,509
schezo_wegey,509
penis_out_of_frame,509
canards,509
lipstick_mark_on_stomach,509
sitting_in_window,509
on_flower,509
artstation_username,509
tail_flower,508
walther_wa_2000,508
heroine_(lovebrush_chronicles),508
chest_ribbon,508
clefable,508
smoke_grenade,508
kazuma_asogi,508
patting,508
lala_(sputnik),508
takenami_hideyuki_(style),508
kokukyukeo,508
bear_hat,508
gundam_msv,508
hibioes,508
sparrowl,508
roegadyn,508
sitting_on_food,508
money_gesture,508
houshin_engi,508
barn,508
chihunhentai,508
big_dipper,508
bulge_press,508
shiitake,508
aragami_oga,508
cure_magical,508
seseren,508
j-core,508
some1else45,507
braided_beard,507
holding_laptop,507
mineva_lao_zabi,507
ishikei_(style),507
diary,507
shimejinameko,507
cure_honey,507
ryuuzaki_umi,507
emyo,507
saku_(kudrove),507
beeru_(veil8801),507
hikaru_(sgst),507
tokisaki_asaba_(niliu_chahui),507
sasaki_ran,507
grasshopper,507
mugino_shizuri,507
carrot_slice,507
nisshin_(kancolle),507
mm_(mm_chair),507
rakugakiraid,507
blindfold_lift,507
game_cartridge,507
corviknight,507
pleinair,507
tower_of_god,507
squishing,507
collared_sweater,506
anubis_(mythology),506
chaos_emerald,506
bengus,506
belly_rub,506
catria_(fire_emblem),506
satsuriku_no_tenshi,506
usoneko,506
aomushi_(mushamusha),506
tokunou_shoutarou,506
flasso,506
nagu,506
asyura_kumo,506
anemone_(eureka_seven),506
yukikaze_panettone,506
saburou_(hgmg),506
rea_loixacra,506
valtor,506
mad_hatter_(alice_in_wonderland),506
hitsugi_no_chaika,506
miyako_(naotsugu),506
momendoufu,506
nenobi_(nenorium),506
ishida_yamato,506
amog,506
hata4564,506
kunreishiki,506
boy_and_girl_sandwich,506
captain_falcon,506
gia,506
snow_white_(disney),506
cross_(crossryou),506
miteiru_(shirakami_fubuki),506
crystal_horns,505
tsukinaga_leo,505
himation,505
typewriter,505
siamese_cat,505
labia_piercing,505
clear_glass_(mildmild1311),505
brown_camisole,505
aqua_ascot,505
timerra_(fire_emblem),505
kuoh_academy_school_uniform,505
honolulu_(kancolle),505
charlotte_corday_(fate),505
joker_(dc),505
massala,505
nuezou,505
lyn_(blade_&_soul),505
wild_tiger,505
spider-man_(miles_morales),505
kuromorimine_(emblem),505
paw-shaped_pupils,505
slipping,505
cheer_(cheerpuppy14),505
s.a.t.8_(girls'_frontline),505
zettai_karen_children,505
satou_atsuki,505
hsin,505
cham_cham,505
arisa_bunnings,505
himitsu_(hi_mi_tsu_2),505
wanda_maximoff,505
kamen_rider_ex-aid_(series),505
alvin_(tales),505
urutsu_sahari,505
aoi_riko,504
brid_(nikke),504
championship_belt,504
color_drain,504
mizuhara_koyomi,504
eiffel_tower,504
dragon_costume,504
sugue_tettou,504
cygnet_(azur_lane),504
terminator_(series),504
sasayaku_you_ni_koi_wo_utau,504
alpaca,504
kuso_miso_technique,504
mizuga,504
pointing_sword,504
kinta_(distortion),504
exhaust_pipe,504
undine_(guilty_gear),504
nakano_maru,504
chikado,504
sengoku_collection,504
calin,504
huanxiang_huifeng,504
kiyama_hiroto,504
vila_(reverse:1999),504
pinta_(ayashii_bochi),504
ataru_(ataru-littlebird),504
gangut_dva_(kancolle),504
citrinne_(fire_emblem),504
sushang_(honkai:_star_rail),504
release_celebration,504
sam_yang,504
baretto_(karasi07),504
fatal_fury:_city_of_the_wolves,504
pipa_(instrument),503
demon_costume,503
ui_frara,503
bardock,503
trombone,503
clima-tact,503
wamuu,503
encore_(wuthering_waves),503
ikemeru19,503
snowflake_ornament,503
gold_border,503
jessica_(reverse:1999),503
mole_on_leg,503
koahri,503
tantanmen72,503
kawachi_koorogi,503
hashida_itaru,503
provence_(arknights),503
sazanami_jun,503
pixiv_fantasia_3,503
egami,503
katalina_(granblue_fantasy),503
mofu_namako,503
shirokitsune,503
kiryu_manzoku,503
try_(lsc),503
beeeeen,503
rat_huang,503
drifblim,503
daimaou_ruaeru,503
emperor_(arknights),503
sigurd_(fate),503
battle_standard,502
galaxia_(sword),502
colorful_festival_(project_sekai),502
florence_nightingale_(trick_or_treatment)_(fate)_(cosplay),502
volkor,502
yamagami_karuta,502
tachimi_(basue),502
danimaru,502
drifters,502
wang_liu_mei,502
yappari_chinchirando,502
cliffheart_(arknights),502
mark_gavatino,502
goyain,502
jizou,502
tenchisouha,502
straw_doll,502
izumi_mahiru,502
field_cap,502
serizawa_(serizawaroom),502
beudelb,502
cael_anselm,502
vinland_saga,502
magion02,502
cowl_neck,502
yonomori_kobeni,502
geokinesis,502
yellow_car,502
juggling,502
drayton_(pokemon),502
drawing_on_fourth_wall,502
book_holster,501
regular_mow,501
ai_arctic_warfare,501
neco,501
lactating_into_container,501
leonmandala,501
sweat_stain,501
hatching,501
wartortle,501
lady_nagant,501
skull_tattoo,501
game_over,501
goomyloid,501
pgm_hecate_ii,501
crotch_kick,501
jack_atlas,501
togata_mirio,501
miru_tights,501
kei_(soundcross),501
rogues'_gallery,501
tokyo_(great_akuta),501
li_sushang,501
shibuya_(tokyo),501
kougi_hiroshi,501
conductor,501
maki_daikichi,501
striped_scrunchie,501
meira_(touhou),501
namonashi,501
ace_trainer_(pokemon),501
shan,501
paw_stick,501
shizuru_(princess_connect!),501
hirune_(konekonelkk),501
suction_cup_dildo,501
frenda_seivelun,501
huanxiang_heitu,501
ferret_tail,500
rectangle,500
u.a._gym_uniform,500
gigi_andalusia,500
visible_ears,500
pony_play,500
striped_headband,500
camellia_print,500
arcade_stick,500
artsy-rc,500
sw_(taco),500
masuishi_kinoto,500
alca_(wakatanka4),500
sitting_on_pillow,500
jamie_siu,500
hirunagi,500
mushishi,500
stroking_another's_chin,500
holding_heart_(organ),500
ryogo,500
ninja_slayer,500
capura_lin,500
musuko_ga_kawaikute_shikatanai_mazoku_no_hahaoya,500
edobox,500
impa,500
snowball_(overwatch),500
seta_kaoru,500
kitkallos_(yu-gi-oh!),500
head_tattoo,500
succubus,1
incubus,1
